block_id,block_type,line_id,line_name,start_h,end_h,label,order_id,sku,sku_description,qty_kg,locked,attrs
prod_3194b1671a,production,0,P09,177.0,197.0,280212,280212-W0,280212,GGS ORG VP APL-CIN-BAN-STB 1X24x3.2oz,,False,
prod_f1218e2115,production,0,P09,101.0,108.0,280450,280450-W0,280450,GGS TROP VP MANGVA-PINPAS 6x12x90g CAN,,False,
prod_06d12eb367,production,0,P09,168.0,177.0,280450,280450-W0,280450,GGS TROP VP MANGVA-PINPAS 6x12x90g CAN,,False,
prod_216d62965e,production,0,P09,79.0,101.0,280453,280453-W0,280453,GGS VP APL-GRA-BER 2x20x90g CAN,,False,
prod_4e7c326d7f,production,0,P09,114.0,168.0,280453,280453-W0,280453,GGS VP APL-GRA-BER 2x20x90g CAN,,False,
prod_1c60f6e8d3,production,0,P09,283.0,333.0,120437,120437-W1,120437,6X12X90 ASTB GGS,,False,
prod_c27db0f726,production,0,P09,240.0,255.0,251200,251200-W1,251200,6X12X90 VP APL-STB GGS CAN,,False,
prod_3ab768ca2b,production,0,P09,333.0,352.0,280324,280324-W1,280324,GGS VP APL-CIN-STB-GM5 1x32x3.2oz,,False,
prod_d32c95966a,production,0,P09,365.0,370.0,280324,280324-W1,280324,GGS VP APL-CIN-STB-GM5 1x32x3.2oz,,False,
prod_52d54b733e,production,0,P09,197.0,209.0,280421,280421-W1,280421,GGS VP APL-STB-BAN-PEC 2x20x90g - CAN,,False,
prod_21d555651e,production,0,P09,255.0,266.0,280421,280421-W1,280421,GGS VP APL-STB-BAN-PEC 2x20x90g - CAN,,False,
prod_71df97da4d,production,0,P09,276.0,280.0,120437,120437-W2,120437,6X12X90 ASTB GGS,,False,
prod_a7414d7d15,production,0,P09,470.0,484.0,120437,120437-W2,120437,6X12X90 ASTB GGS,,False,
prod_53056e2b86,production,0,P09,352.0,359.0,280104,280104-W2,280104,2X20X90 VP APL-CIN GGS,,False,
prod_d1b4eeeb89,production,0,P09,427.0,470.0,280104,280104-W2,280104,2X20X90 VP APL-CIN GGS,,False,
prod_f415f2ec1c,production,0,P09,230.0,234.0,280421,280421-W2,280421,GGS VP APL-STB-BAN-PEC 2x20x90g - CAN,,False,
prod_802ee78518,production,0,P09,370.0,427.0,280421,280421-W2,280421,GGS VP APL-STB-BAN-PEC 2x20x90g - CAN,,False,
prod_e5be2fbba9,production,0,P09,221.0,230.0,280566,280566-W2,280566,WALMART FV VP PERZU-MANPU-STBSQ 6x12x90g,,False,
prod_c49261fa65,production,0,P09,266.0,276.0,280566,280566-W2,280566,WALMART FV VP PERZU-MANPU-STBSQ 6x12x90g,,False,
prod_15feaf46e9,production,0,P09,209.0,221.0,570468,29901|CUR,570468,GGS VP APL-BAN 2x22x90g CAN,,False,
prod_4f28dc8d21,production,0,P09,280.0,283.0,570468,29901|CUR,570468,GGS VP APL-BAN 2x22x90g CAN,,False,
prod_2b588bbc56,production,0,P09,24.0,49.0,280450,29900|CUR,280450,GGS TROP VP MANGVA-PINPAS 6x12x90g CAN,,False,
prod_9f782ed751,production,0,P09,49.0,79.0,280581,29899|CUR,280581,GGS FV VP APECSWP-ASTBZUC 6x10x3.2oz,,False,
prod_4498dc67e1,production,1,P10,346.0,447.0,280351,280351-W2,280351,KIRKLAND OFV VP STBSPN-MANPECCA 1x24x90g,,False,
prod_0477a1b4c3,production,1,P10,453.0,504.0,280351,280351-W2,280351,KIRKLAND OFV VP STBSPN-MANPECCA 1x24x90g,,False,
prod_c3e639363b,production,1,P10,159.0,297.0,280351,29902|CUR,280351,KIRKLAND OFV VP STBSPN-MANPECCA 1x24x90g,,False,
prod_bd27f052d7,production,1,P10,303.0,346.0,280351,29902|CUR,280351,KIRKLAND OFV VP STBSPN-MANPECCA 1x24x90g,,False,
prod_3217684173,production,3,P12,15.0,29.0,120532,120532-W0,120532,GGS APL STB 12x4x90g CAN,,False,
prod_3ef12c6aeb,production,3,P12,111.0,115.0,120532,120532-W0,120532,GGS APL STB 12x4x90g CAN,,False,
prod_8a817279ae,production,3,P12,29.0,41.0,280612,280612-W0,280612,GGS SLY STBLEM 9x4x100g,,False,
prod_ca63856030,production,3,P12,94.0,104.0,280612,280612-W0,280612,GGS SLY STBLEM 9x4x100g,,False,
prod_72c67ec93a,production,3,P12,104.0,111.0,280614,280614-W0,280614,GGS SLY STBLEM 6x10x100g,,False,
prod_79f21ff887,production,3,P12,335.0,364.0,280614,280614-W0,280614,GGS SLY STBLEM 6x10x100g,,False,
prod_87ad60c09d,production,3,P12,10.0,15.0,280607,280607-W0,280607,GGS ACTCHU ACIN 6x10x4.2oz,,False,
prod_a6d8a4df0b,production,3,P12,364.0,395.0,280607,280607-W0,280607,GGS ACTCHU ACIN 6x10x4.2oz,,False,
prod_397e77d191,production,3,P12,128.0,132.0,120450,120450-W1,120450,12X4X90 ORG APL GGS,,False,
prod_8578155b54,production,3,P12,297.0,305.0,120450,120450-W1,120450,12X4X90 ORG APL GGS,,False,
prod_2d065275cc,production,3,P12,241.0,268.0,280622,280622-W1,280622,GGS ACTCHU TROP 9x4x120g,,False,
prod_36c7d94c87,production,3,P12,330.0,335.0,280622,280622-W1,280622,GGS ACTCHU TROP 9x4x120g,,False,
prod_139d40028b,production,3,P12,132.0,136.0,280698,280698-W1,280698,GGS SLY BLURSB 1x40x100g FS,,False,
prod_9e510c4fc1,production,3,P12,279.0,297.0,280698,280698-W1,280698,GGS SLY BLURSB 1x40x100g FS,,False,
prod_ac91c31d12,production,3,P12,268.0,272.0,120437,120437-W2,120437,6X12X90 ASTB GGS,,False,
prod_58135e7cbe,production,3,P12,420.0,431.0,120437,120437-W2,120437,6X12X90 ASTB GGS,,False,
prod_84900a643b,production,3,P12,272.0,279.0,280090,280090-W2,280090,12X4X90 ABLB GGS CAN,,False,
prod_5b9cb4eaba,production,3,P12,408.0,420.0,280090,280090-W2,280090,12X4X90 ABLB GGS CAN,,False,
prod_3b9f08a0a0,production,3,P12,395.0,408.0,280605,280605-W2,280605,GGS ACTCHU ACIN 9x4x4.2oz,,False,
prod_b285d018ec,production,3,P12,41.0,42.0,280375,29903|CUR,280375,GUTZY ORG ARSPBLBBET 6x8x110g Tray,,False,
prod_68cdd45e76,production,3,P12,42.0,53.0,280612,29905|CUR,280612,GGS SLY STBLEM 9x4x100g,,False,
prod_2afd04d877,production,3,P12,59.0,62.0,280612,29905|CUR,280612,GGS SLY STBLEM 9x4x100g,,False,
prod_c0181f7d24,production,3,P12,62.0,94.0,280611,29906|CUR,280611,GGS SLY BLURSB 9x4x100g,,False,
prod_c8c29385ea,production,3,P12,115.0,128.0,280614,29907|CUR,280614,GGS SLY STBLEM 6x10x100g,,False,
prod_87582d9adf,production,3,P12,311.0,330.0,280614,29907|CUR,280614,GGS SLY STBLEM 6x10x100g,,False,
trial_020b13610e,trial,3,P12,136.0,179.0,280613,TRIAL-280613-LP12,280613,GGS SLY BLURSB 6x10x100g,,False,
trial_23b7bfe3c8,trial,3,P12,185.0,241.0,280613,TRIAL-280613-LP12,280613,GGS SLY BLURSB 6x10x100g,,False,
prod_40098072a0,production,5,P14,152.0,183.0,280347,280347-W0,280347,GGS APL STB 6x4x3.2oz,,False,
prod_88de9bbf28,production,5,P14,183.0,197.0,280602,280602-W0,280602,GGS FV ABERCAR 6x4x3.2oz,,False,
prod_7d7a67e934,production,5,P14,29.0,95.0,120448,120448-W1,120448,6X12X90 ACIN GGS,,False,
prod_d094bab75f,production,5,P14,382.0,502.0,120448,120448-W1,120448,6X12X90 ACIN GGS,,False,
prod_e8726c8b1a,production,5,P14,283.0,325.0,280580,280580-W1,280580,GGS FV VP APERCAR-ABERCAR 6x10x3.2oz,,False,
prod_94636dfd2e,production,5,P14,237.0,241.0,120536,120536-W2,120536,GGS APL BER 12x4x90g CAN,,False,
prod_fa1eac95f9,production,5,P14,272.0,283.0,120536,120536-W2,120536,GGS APL BER 12x4x90g CAN,,False,
prod_534d36e1c9,production,5,P14,246.0,250.0,280581,280581-W2,280581,GGS FV VP APECSWP-ASTBZUC 6x10x3.2oz,,False,
prod_59585b196d,production,5,P14,325.0,376.0,280581,280581-W2,280581,GGS FV VP APECSWP-ASTBZUC 6x10x3.2oz,,False,
prod_dd9859ee79,production,5,P14,241.0,246.0,280347,29911|CUR,280347,GGS APL STB 6x4x3.2oz,,False,
prod_d0a74ac36a,production,5,P14,256.0,272.0,280347,29911|CUR,280347,GGS APL STB 6x4x3.2oz,,False,
prod_6e94acd083,production,5,P14,197.0,210.0,280602,29909|CUR,280602,GGS FV ABERCAR 6x4x3.2oz,,False,
prod_be9faf6048,production,5,P14,210.0,237.0,280345,29910|CUR,280345,GGS APL APL 6x4x3.2oz,,False,
prod_efda736044,production,5,P14,95.0,124.0,120436,29913|CUR,120436,6X12X90 APL GGS,,False,
prod_df27626792,production,5,P14,130.0,152.0,120436,29913|CUR,120436,6X12X90 APL GGS,,False,
prod_5ded16a26e,production,6,P15,33.0,38.0,120436,120436-W0,120436,6X12X90 APL GGS,,False,
prod_bc0468c7d1,production,6,P15,157.0,164.0,120436,120436-W0,120436,6X12X90 APL GGS,,False,
prod_43a0aaf14d,production,6,P15,25.0,29.0,120463,120463-W0,120463,GGS APL APL 1x48x3.2oz FS,,False,
prod_06ac12585d,production,6,P15,139.0,157.0,120463,120463-W0,120463,GGS APL APL 1x48x3.2oz FS,,False,
prod_ecf10c2d9a,production,6,P15,335.0,339.0,280169,280169-W0,280169,GGS F&V VP APECSWP-ASTBZUC 6x12x3.2oz,,False,
prod_9049c79cb6,production,6,P15,349.0,387.0,280169,280169-W0,280169,GGS F&V VP APECSWP-ASTBZUC 6x12x3.2oz,,False,
prod_80d59be72e,production,6,P15,199.0,260.0,280264,280264-W0,280264,6X12X90 WALMRT F&V PEC-BER-STB,,False,
prod_b4fc073ce6,production,6,P15,29.0,33.0,280591,280591-W0,280591,GGS VP APL-BAN-STB 1x24x3.2oz,,False,
prod_23b5b7e9a1,production,6,P15,75.0,120.0,280591,280591-W0,280591,GGS VP APL-BAN-STB 1x24x3.2oz,,False,
prod_b7fd3eb9d7,production,6,P15,120.0,139.0,241283,241283-W1,241283,6X12X90 ORG VP APL-BAN-STB GGS,,False,
prod_4fae80e59c,production,6,P15,282.0,314.0,241283,241283-W1,241283,6X12X90 ORG VP APL-BAN-STB GGS,,False,
prod_b83400a9d9,production,6,P15,164.0,183.0,280324,280324-W1,280324,GGS VP APL-CIN-STB-GM5 1x32x3.2oz,,False,
prod_2bd0a4c092,production,6,P15,183.0,192.0,280610,280610-W1,280610,GGS ACTCHU ACIN 1x36x120g FS,,False,
prod_37063bd4a9,production,6,P15,260.0,282.0,280610,280610-W1,280610,GGS ACTCHU ACIN 1x36x120g FS,,False,
prod_8185f41ecb,production,6,P15,455.0,493.0,241283,241283-W2,241283,6X12X90 ORG VP APL-BAN-STB GGS,,False,
prod_ef60d9fb65,production,6,P15,440.0,455.0,280348,280348-W2,280348,GGS VP APL-CIN 1x48x3.2oz,,False,
prod_4416c0a9ff,production,6,P15,339.0,343.0,280617,280617-W2,280617,GGS SLY VP BLURSB-STBLEM 1x18x100g,,False,
prod_4ff39e577f,production,6,P15,387.0,418.0,280617,280617-W2,280617,GGS SLY VP BLURSB-STBLEM 1x18x100g,,False,
prod_85ac9f00a1,production,6,P15,331.0,335.0,570560,570560-W2,570560,GGS APL 1x48x90g CAN FS,,False,
prod_20d8d9bd99,production,6,P15,418.0,440.0,570560,570560-W2,570560,GGS APL 1x48x90g CAN FS,,False,
prod_842ef73058,production,6,P15,192.0,193.0,280605,29915|CUR,280605,GGS ACTCHU ACIN 9x4x4.2oz,,False,
prod_0bfafe91ab,production,6,P15,314.0,331.0,280605,29915|CUR,280605,GGS ACTCHU ACIN 9x4x4.2oz,,False,
prod_7a072a2281,production,6,P15,38.0,43.0,280607,29916|CUR,280607,GGS ACTCHU ACIN 6x10x4.2oz,,False,
prod_77e46e2781,production,6,P15,49.0,75.0,280607,29916|CUR,280607,GGS ACTCHU ACIN 6x10x4.2oz,,False,
prod_8e3e724886,production,7,P16,145.0,166.0,120463,120463-W0,120463,GGS APL APL 1x48x3.2oz FS,,False,
prod_c82bcaf765,production,7,P16,188.0,192.0,280348,280348-W1,280348,GGS VP APL-CIN 1x48x3.2oz,,False,
prod_14bb847157,production,7,P16,248.0,274.0,280348,280348-W1,280348,GGS VP APL-CIN 1x48x3.2oz,,False,
prod_33069e5322,production,7,P16,456.0,462.0,251200,251200-W2,251200,6X12X90 VP APL-STB GGS CAN,,False,
prod_3d1b8d832e,production,7,P16,468.0,472.0,251200,251200-W2,251200,6X12X90 VP APL-STB GGS CAN,,False,
prod_cc178b8b34,production,7,P16,428.0,450.0,280121,280121-W2,280121,6X12X90 VP APL-BLB GGS CAN,,False,
prod_7bfddc49f7,production,7,P16,373.0,403.0,280264,280264-W2,280264,6X12X90 WALMRT F&V PEC-BER-STB,,False,
prod_6eb915eeaa,production,7,P16,192.0,196.0,280348,280348-W2,280348,GGS VP APL-CIN 1x48x3.2oz,,False,
prod_c0c834d202,production,7,P16,493.0,504.0,280348,280348-W2,280348,GGS VP APL-CIN 1x48x3.2oz,,False,
prod_5f2e25c9b4,production,7,P16,403.0,428.0,280559,280559-W2,280559,nan,,False,
prod_9bd1f1c87f,production,7,P16,450.0,456.0,570560,570560-W2,570560,GGS APL 1x48x90g CAN FS,,False,
prod_a28100c470,production,7,P16,472.0,493.0,570560,570560-W2,570560,GGS APL 1x48x90g CAN FS,,False,
prod_4a26627c81,production,7,P16,274.0,348.0,280264,29918|CUR,280264,6X12X90 WALMRT F&V PEC-BER-STB,,False,
prod_60fdf7c2a8,production,7,P16,354.0,373.0,280264,29918|CUR,280264,6X12X90 WALMRT F&V PEC-BER-STB,,False,
prod_330fa98266,production,7,P16,108.0,145.0,120463,29919|CUR,120463,GGS APL APL 1x48x3.2oz FS,,False,
prod_1162a7a286,production,7,P16,166.0,188.0,280563,29920|CUR,280563,WALMART FV VP PEC-BER-STBAN-PER 1x24x90g,,False,
prod_8074e98d10,production,7,P16,196.0,198.0,280564,29921|CUR,280564,WALMART VP UNSWT APL-CIN-STB 1x24x90g,,False,
prod_04cd3c4d4b,production,7,P16,222.0,248.0,280564,29921|CUR,280564,WALMART VP UNSWT APL-CIN-STB 1x24x90g,,False,
prod_fdfdd6b069,production,7,P16,204.0,222.0,280592,29922|CUR,280592,GGS VP APL-CIN 1x24x3.2oz,,False,
prod_d3c88e3e60,production,8,P17,214.0,225.0,120448,120448-W0,120448,6X12X90 ACIN GGS,,False,
prod_c4da1f51d1,production,8,P17,238.0,264.0,120448,120448-W0,120448,6X12X90 ACIN GGS,,False,
prod_884376b19b,production,8,P17,13.0,17.0,280169,280169-W0,280169,GGS F&V VP APECSWP-ASTBZUC 6x12x3.2oz,,False,
prod_0be46fad20,production,8,P17,138.0,147.0,280169,280169-W0,280169,GGS F&V VP APECSWP-ASTBZUC 6x12x3.2oz,,False,
prod_cff8fbe1e0,production,8,P17,147.0,194.0,280421,280421-W0,280421,GGS VP APL-STB-BAN-PEC 2x20x90g - CAN,,False,
prod_12f3f1ec0f,production,8,P17,194.0,214.0,280490,280490-W0,280490,GGS F&V VP ASTBZUC-APERCAR 1x28x3.2oz,,False,
prod_67977eace9,production,8,P17,9.0,13.0,280591,280591-W0,280591,GGS VP APL-BAN-STB 1x24x3.2oz,,False,
prod_02bfc891a3,production,8,P17,112.0,138.0,280591,280591-W0,280591,GGS VP APL-BAN-STB 1x24x3.2oz,,False,
prod_1b03c59816,production,8,P17,280.0,317.0,280107,280107-W1,280107,6X12X90 ORG APL GGS,,False,
prod_08f2008fe2,production,8,P17,264.0,280.0,280421,280421-W1,280421,GGS VP APL-STB-BAN-PEC 2x20x90g - CAN,,False,
prod_c9cd27650d,production,8,P17,225.0,232.0,280451,280451-W1,280451,GGS VP PINPAS-STB-PER-MAN 2x20x90g CAN,,False,
prod_11061a27ec,production,8,P17,331.0,337.0,280451,280451-W1,280451,GGS VP PINPAS-STB-PER-MAN 2x20x90g CAN,,False,
prod_59af7d5584,production,8,P17,337.0,345.0,280566,280566-W1,280566,WALMART FV VP PERZU-MANPU-STBSQ 6x12x90g,,False,
prod_684771a563,production,8,P17,317.0,331.0,280591,280591-W1,280591,GGS VP APL-BAN-STB 1x24x3.2oz,,False,
prod_57a378e4fe,production,8,P17,351.0,358.0,120448,120448-W2,120448,6X12X90 ACIN GGS,,False,
prod_faf031a3bc,production,8,P17,364.0,387.0,120448,120448-W2,120448,6X12X90 ACIN GGS,,False,
prod_8f53e34bb3,production,8,P17,434.0,466.0,280103,280103-W2,280103,2X20X90 VP APL-BAN-STB GGS,,False,
prod_cc00c0c0e0,production,8,P17,474.0,484.0,280559,280559-W2,280559,nan,,False,
prod_005b4194a8,production,8,P17,345.0,351.0,280563,280563-W2,280563,WALMART FV VP PEC-BER-STBAN-PER 1x24x90g,,False,
prod_aa1e5ff84d,production,8,P17,466.0,474.0,280563,280563-W2,280563,WALMART FV VP PEC-BER-STBAN-PER 1x24x90g,,False,
prod_3d14e67878,production,8,P17,387.0,434.0,280590,280590-W2,280590,GGS APL 1x24x3.2oz,,False,
prod_4d112645e0,production,8,P17,17.0,106.0,280480,29923|CUR,280480,GGS ORG VP APL-CIN-PEC-STB 1x28x3.2oz,,False,
prod_ca4624cfd8,production,9,P18,189.0,278.0,280480,280480-W0,280480,GGS ORG VP APL-CIN-PEC-STB 1x28x3.2oz,,False,
prod_cda58a7544,production,9,P18,324.0,432.0,280480,280480-W0,280480,GGS ORG VP APL-CIN-PEC-STB 1x28x3.2oz,,False,
prod_7c15ef8c5e,production,9,P18,278.0,293.0,280453,280453-W1,280453,GGS VP APL-GRA-BER 2x20x90g CAN,,False,
prod_6f2dac8d21,production,9,P18,293.0,306.0,570261,29976|CUR,570261,GGS ORG VP APL-STB-BAN-CIN 1x28x90g CAN,,False,
prod_4ff17af04d,production,9,P18,312.0,324.0,570261,29976|CUR,570261,GGS ORG VP APL-STB-BAN-CIN 1x28x90g CAN,,False,
prod_aa289361be,production,9,P18,35.0,54.0,280421,29924|CUR,280421,GGS VP APL-STB-BAN-PEC 2x20x90g - CAN,,False,
prod_5ac9b68b6b,production,9,P18,60.0,87.0,280421,29924|CUR,280421,GGS VP APL-STB-BAN-PEC 2x20x90g - CAN,,False,
prod_a316a6f84b,production,9,P18,87.0,107.0,280344,29977|CUR,280344,GGS F&V VP BER-PEC-PER 2x20x3.2oz DINO,,False,
prod_ef3e8af488,production,9,P18,107.0,145.0,280451,29928|CUR,280451,GGS VP PINPAS-STB-PER-MAN 2x20x90g CAN,,False,
prod_7b922c1c00,production,9,P18,145.0,180.0,280451,29929|CUR,280451,GGS VP PINPAS-STB-PER-MAN 2x20x90g CAN,,False,
prod_962baa5adc,production,9,P18,186.0,189.0,280451,29929|CUR,280451,GGS VP PINPAS-STB-PER-MAN 2x20x90g CAN,,False,
prod_7b95464dc4,production,10,P19,130.0,152.0,280256,280256-W1,280256,KIRKLAND ORG APL 1x24x90g,,False,
prod_90b10d50e3,production,10,P19,214.0,261.0,280256,280256-W1,280256,KIRKLAND ORG APL 1x24x90g,,False,
prod_702701fffc,production,10,P19,391.0,456.0,280256,280256-W2,280256,KIRKLAND ORG APL 1x24x90g,,False,
prod_0a819655e1,production,10,P19,466.0,495.0,280256,280256-W2,280256,KIRKLAND ORG APL 1x24x90g,,False,
prod_5e4a67425f,production,10,P19,456.0,460.0,280323,280323-W2,280323,GGS APL APL 1x32x3.2oz,,False,
prod_bed335577d,production,10,P19,495.0,504.0,280323,280323-W2,280323,GGS APL APL 1x32x3.2oz,,False,
prod_ae80d1ced3,production,10,P19,152.0,156.0,280351,280351-W2,280351,KIRKLAND OFV VP STBSPN-MANPECCA 1x24x90g,,False,
prod_ed6d58b133,production,10,P19,340.0,391.0,280351,280351-W2,280351,KIRKLAND OFV VP STBSPN-MANPECCA 1x24x90g,,False,
prod_3974580c0a,production,10,P19,156.0,208.0,280256,29931|CUR,280256,KIRKLAND ORG APL 1x24x90g,,False,
prod_5023f4bb31,production,10,P19,261.0,334.0,280256,29931|CUR,280256,KIRKLAND ORG APL 1x24x90g,,False,
prod_6913edc507,production,11,P20,106.0,131.0,280451,280451-W0,280451,GGS VP PINPAS-STB-PER-MAN 2x20x90g CAN,,False,
prod_f0d6175811,production,11,P20,150.0,168.0,280451,280451-W0,280451,GGS VP PINPAS-STB-PER-MAN 2x20x90g CAN,,False,
prod_f97242cc67,production,11,P20,276.0,298.0,280213,280213-W1,280213,GGS ORG APL 1x28x3.2oz,,False,
prod_5d8b4d55db,production,11,P20,266.0,270.0,280490,280490-W1,280490,GGS F&V VP ASTBZUC-APERCAR 1x28x3.2oz,,False,
prod_d9ef9b0301,production,11,P20,312.0,319.0,280490,280490-W1,280490,GGS F&V VP ASTBZUC-APERCAR 1x28x3.2oz,,False,
prod_66dd919395,production,11,P20,229.0,248.0,280583,280583-W1,280583,GGS APL 4x16x3.2oz,,False,
prod_dea6fc96f3,production,11,P20,298.0,312.0,280583,280583-W1,280583,GGS APL 4x16x3.2oz,,False,
prod_2897ffd319,production,11,P20,248.0,259.0,570261,570261-W1,570261,GGS ORG VP APL-STB-BAN-CIN 1x28x90g CAN,,False,
prod_f4c8d35c4c,production,11,P20,319.0,370.0,570261,570261-W1,570261,GGS ORG VP APL-STB-BAN-CIN 1x28x90g CAN,,False,
prod_efb7dcd37d,production,11,P20,392.0,396.0,251200,251200-W2,251200,6X12X90 VP APL-STB GGS CAN,,False,
prod_de6d87072e,production,11,P20,370.0,392.0,280451,280451-W2,280451,GGS VP PINPAS-STB-PER-MAN 2x20x90g CAN,,False,
prod_bd2ced459b,production,11,P20,259.0,266.0,280584,29979|CUR,280584,GGS FV VP BER-PEC-PER 4x16x3.2oz DINO,,False,
prod_12b9cbc3e7,production,11,P20,17.0,18.0,280169,29933|CUR,280169,GGS F&V VP APECSWP-ASTBZUC 6x12x3.2oz,,False,
prod_7f1d9577a9,production,11,P20,24.0,51.0,280169,29933|CUR,280169,GGS F&V VP APECSWP-ASTBZUC 6x12x3.2oz,,False,
prod_272daf4831,production,11,P20,51.0,76.0,120448,29957|CUR,120448,6X12X90 ACIN GGS,,False,
prod_7832c4a158,production,11,P20,76.0,106.0,280583,29958|CUR,280583,GGS APL 4x16x3.2oz,,False,
prod_0e8219a243,production,11,P20,131.0,144.0,280480,29934|CUR,280480,GGS ORG VP APL-CIN-PEC-STB 1x28x3.2oz,,False,
prod_82433287ad,production,11,P20,168.0,229.0,280480,29934|CUR,280480,GGS ORG VP APL-CIN-PEC-STB 1x28x3.2oz,,False,
prod_3931c29083,production,12,P21,130.0,153.0,280490,280490-W0,280490,GGS F&V VP ASTBZUC-APERCAR 1x28x3.2oz,,False,
prod_11e08e270b,production,12,P21,69.0,73.0,280563,280563-W0,280563,WALMART FV VP PEC-BER-STBAN-PER 1x24x90g,,False,
prod_1ef3f8ae07,production,12,P21,153.0,160.0,280563,280563-W0,280563,WALMART FV VP PEC-BER-STBAN-PER 1x24x90g,,False,
prod_bc0d9bb524,production,12,P21,220.0,226.0,280564,280564-W0,280564,WALMART VP UNSWT APL-CIN-STB 1x24x90g,,False,
prod_ecd394a71a,production,12,P21,232.0,243.0,280564,280564-W0,280564,WALMART VP UNSWT APL-CIN-STB 1x24x90g,,False,
prod_d223d9098f,production,12,P21,320.0,335.0,280490,280490-W1,280490,GGS F&V VP ASTBZUC-APERCAR 1x28x3.2oz,,False,
prod_600961f72e,production,12,P21,348.0,352.0,280324,280324-W2,280324,GGS VP APL-CIN-STB-GM5 1x32x3.2oz,,False,
prod_914dd22b75,production,12,P21,422.0,478.0,280324,280324-W2,280324,GGS VP APL-CIN-STB-GM5 1x32x3.2oz,,False,
prod_6f0da42500,production,12,P21,341.0,348.0,280566,280566-W2,280566,WALMART FV VP PERZU-MANPU-STBSQ 6x12x90g,,False,
prod_389d4e0e7f,production,12,P21,335.0,341.0,570261,570261-W2,570261,GGS ORG VP APL-STB-BAN-CIN 1x28x90g CAN,,False,
prod_d4a30a9560,production,12,P21,358.0,422.0,570261,570261-W2,570261,GGS ORG VP APL-STB-BAN-CIN 1x28x90g CAN,,False,
prod_202b163907,production,12,P21,126.0,130.0,280490,29935|CUR,280490,GGS F&V VP ASTBZUC-APERCAR 1x28x3.2oz,,False,
prod_10fa21c72f,production,12,P21,262.0,320.0,280490,29935|CUR,280490,GGS F&V VP ASTBZUC-APERCAR 1x28x3.2oz,,False,
prod_54cf1b7412,production,12,P21,73.0,100.0,280591,29936|CUR,280591,GGS VP APL-BAN-STB 1x24x3.2oz,,False,
prod_bc9574350b,production,12,P21,106.0,126.0,280591,29936|CUR,280591,GGS VP APL-BAN-STB 1x24x3.2oz,,False,
prod_68d3373368,production,12,P21,160.0,180.0,280212,29937|CUR,280212,GGS ORG VP APL-CIN-BAN-STB 1X24x3.2oz,,False,
prod_a36a4b3c32,production,12,P21,180.0,220.0,280480,29938|CUR,280480,GGS ORG VP APL-CIN-PEC-STB 1x28x3.2oz,,False,
prod_63b16fd257,production,12,P21,243.0,262.0,280480,29938|CUR,280480,GGS ORG VP APL-CIN-PEC-STB 1x28x3.2oz,,False,
prod_16d956f1d7,production,13,P22,114.0,120.0,280450,280450-W0,280450,GGS TROP VP MANGVA-PINPAS 6x12x90g CAN,,False,
prod_66320ba907,production,13,P22,52.0,76.0,280478,280478-W0,280478,GGS APL APL 2x22x90g CAN,,False,
prod_498743ba19,production,13,P22,178.0,190.0,280452,280452-W1,280452,GGS VP MANGVA-PEC-BLB 2x20x90g CAN,,False,
prod_61f83b81c2,production,13,P22,239.0,244.0,570223,570223-W1,570223,GGS VP APL-MANGVA-PEC 2x20x90g DINO CAN,,False,
prod_bf0bf2dfaf,production,13,P22,304.0,321.0,570223,570223-W1,570223,GGS VP APL-MANGVA-PEC 2x20x90g DINO CAN,,False,
prod_262d56073a,production,13,P22,325.0,368.0,280212,280212-W2,280212,GGS ORG VP APL-CIN-BAN-STB 1X24x3.2oz,,False,
prod_18f34a6331,production,13,P22,147.0,172.0,280453,280453-W2,280453,GGS VP APL-GRA-BER 2x20x90g CAN,,False,
prod_23ef7d3ee8,production,13,P22,321.0,325.0,280453,280453-W2,280453,GGS VP APL-GRA-BER 2x20x90g CAN,,False,
prod_3b3930d3bb,production,13,P22,190.0,239.0,280480,280480-W2,280480,GGS ORG VP APL-CIN-PEC-STB 1x28x3.2oz,,False,
prod_8c03e4b6e7,production,13,P22,418.0,424.0,280480,280480-W2,280480,GGS ORG VP APL-CIN-PEC-STB 1x28x3.2oz,,False,
prod_37b3a39152,production,13,P22,244.0,298.0,280490,280490-W2,280490,GGS F&V VP ASTBZUC-APERCAR 1x28x3.2oz,,False,
prod_f43b187845,production,13,P22,368.0,405.0,280490,280490-W2,280490,GGS F&V VP ASTBZUC-APERCAR 1x28x3.2oz,,False,
prod_ab235b44eb,production,13,P22,120.0,147.0,280590,280590-W2,280590,GGS APL 1x24x3.2oz,,False,
prod_95dac4f8e0,production,13,P22,405.0,418.0,280590,280590-W2,280590,GGS APL 1x24x3.2oz,,False,
prod_dc8011bada,production,13,P22,45.0,46.0,120448,29940|CUR,120448,6X12X90 ACIN GGS,,False,
prod_d54a63145c,production,13,P22,76.0,114.0,120448,29940|CUR,120448,6X12X90 ACIN GGS,,False,
cip_46e3569390,cip,0,P09,108.0,114.0,CIP,,CIP,,,False,
cip_544ac007b4,cip,0,P09,234.0,240.0,CIP,,CIP,,,False,
cip_f4b78d2aba,cip,0,P09,359.0,365.0,CIP,,CIP,,,False,
cip_af2e0ecb8b,cip,1,P10,297.0,303.0,CIP,,CIP,,,False,
cip_baa4b7fc67,cip,1,P10,447.0,453.0,CIP,,CIP,,,False,
cip_9172fb9163,cip,3,P12,53.0,59.0,CIP,,CIP,,,False,
cip_ae29efe021,cip,3,P12,179.0,185.0,CIP,,CIP,,,False,
cip_3ee8720066,cip,3,P12,305.0,311.0,CIP,,CIP,,,False,
cip_41ac7cbaa0,cip,5,P14,124.0,130.0,CIP,,CIP,,,False,
cip_5784e43da0,cip,5,P14,250.0,256.0,CIP,,CIP,,,False,
cip_782f4c0641,cip,5,P14,376.0,382.0,CIP,,CIP,,,False,
cip_c3a68bd630,cip,6,P15,43.0,49.0,CIP,,CIP,,,False,
cip_b66169315b,cip,6,P15,193.0,199.0,CIP,,CIP,,,False,
cip_ae9e05f27a,cip,6,P15,343.0,349.0,CIP,,CIP,,,False,
cip_b9e14ec789,cip,7,P16,198.0,204.0,CIP,,CIP,,,False,
cip_4194acec04,cip,7,P16,348.0,354.0,CIP,,CIP,,,False,
cip_69c7ec9c47,cip,7,P16,462.0,468.0,CIP,,CIP,,,False,
cip_79a4e00193,cip,8,P17,106.0,112.0,CIP,,CIP,,,False,
cip_2895b9b877,cip,8,P17,232.0,238.0,CIP,,CIP,,,False,
cip_b150ecd33c,cip,8,P17,358.0,364.0,CIP,,CIP,,,False,
cip_acd0194bb2,cip,9,P18,54.0,60.0,CIP,,CIP,,,False,
cip_c9f9e3ff5e,cip,9,P18,180.0,186.0,CIP,,CIP,,,False,
cip_e1549752a0,cip,9,P18,306.0,312.0,CIP,,CIP,,,False,
cip_0bde254479,cip,10,P19,208.0,214.0,CIP,,CIP,,,False,
cip_69395a22f3,cip,10,P19,334.0,340.0,CIP,,CIP,,,False,
cip_56b81c9f08,cip,10,P19,460.0,466.0,CIP,,CIP,,,False,
cip_5d805d359a,cip,11,P20,18.0,24.0,CIP,,CIP,,,False,
cip_1e782f2c2e,cip,11,P20,144.0,150.0,CIP,,CIP,,,False,
cip_0da920bc95,cip,11,P20,270.0,276.0,CIP,,CIP,,,False,
cip_7d6f64fb3f,cip,12,P21,100.0,106.0,CIP,,CIP,,,False,
cip_e2b58f8619,cip,12,P21,226.0,232.0,CIP,,CIP,,,False,
cip_b570949602,cip,12,P21,352.0,358.0,CIP,,CIP,,,False,
cip_84469d11e2,cip,13,P22,46.0,52.0,CIP,,CIP,,,False,
cip_c80801c207,cip,13,P22,172.0,178.0,CIP,,CIP,,,False,
cip_2ced6ce8d3,cip,13,P22,298.0,304.0,CIP,,CIP,,,False,
down_f78bfbbd3f,line_down,2,P11,0.0,504.0,Down,,,,,False,Down
down_dbf82c9939,line_down,4,P13,0.0,504.0,Down,,,,,False,Down
