sku,n_runs,run_hrs_median,run_hrs_p20,run_hrs_p80,run_hrs_max,run_kg_median,run_kg_p20,run_kg_p80,runs_per_year_recent,recent_n_runs,recent_run_hrs_median,recent_run_kg_median
120430,241,26.5,12.0,48.0,144.0,20698.0,9450.0,35923.0,18.5,37,36.0,21630.0
120431,205,29.0,13.4,54.1,114.0,20866.0,10214.0,37951.0,14.5,29,24.0,16901.0
120433,99,24.0,15.0,40.4,72.0,19687.0,10441.0,33118.0,5.0,10,27.0,20012.0
120434,27,24.0,19.0,42.8,96.0,19297.0,11704.0,30357.0,1.0,2,18.0,11259.0
120435,59,24.0,12.0,32.0,65.0,17296.0,7769.0,24434.0,0.0,0,,
120436,449,32.5,12.3,60.0,160.0,25843.0,10623.0,48799.0,46.5,93,36.0,26158.0
120437,344,36.0,14.7,59.0,163.0,27436.0,11831.0,46667.0,26.0,52,27.1,20864.0
120441,3,16.0,10.0,35.2,48.0,5120.0,4671.0,24553.0,0.0,0,,
120442,6,14.5,8.0,16.0,18.0,10817.0,5801.0,13094.0,0.0,0,,
120444,110,24.0,12.0,32.8,91.0,16125.0,7682.0,27561.0,4.0,8,12.0,8429.0
120445,39,24.0,12.0,36.0,104.0,18152.0,8484.0,26008.0,0.0,0,,
120447,11,24.0,12.0,32.0,54.0,14604.0,6678.0,20831.0,0.0,0,,
120448,310,35.3,12.5,60.0,163.0,27420.0,10942.0,50274.0,36.5,73,24.0,23088.0
120450,113,22.9,12.0,31.6,60.0,14846.0,7637.0,22078.0,10.5,21,24.0,14570.0
120451,75,16.0,12.0,24.0,43.0,10596.0,7584.0,16740.0,7.5,15,12.0,9402.0
120452,13,16.0,11.0,19.0,23.0,10991.0,7633.0,11957.0,0.0,0,,
120453,83,18.0,12.0,24.0,48.0,11492.0,7922.0,18068.0,8.0,16,15.0,9544.0
120454,37,15.0,12.0,23.4,36.0,10274.0,7181.0,12756.0,0.0,0,,
120463,41,42.0,24.0,60.0,127.0,26188.0,19194.0,44544.0,12.5,25,42.0,29117.0
120464,286,44.5,20.0,83.0,158.0,37791.0,15400.0,70602.0,27.0,54,36.0,39405.0
120465,102,24.0,12.0,40.0,79.0,17711.0,8538.0,29169.0,0.0,0,,
120531,58,12.0,12.0,24.0,46.0,9345.0,7377.0,15946.0,7.5,15,24.0,13519.0
120532,146,24.0,12.0,44.5,103.0,18557.0,8059.0,32554.0,18.0,36,24.0,13491.0
120534,43,12.0,9.4,24.0,48.0,9037.0,6118.0,16200.0,5.5,11,12.0,8001.0
120536,123,24.0,12.0,31.6,67.0,13689.0,7520.0,20759.0,13.5,27,12.0,8541.0
241281,18,24.0,13.6,41.4,91.0,17675.0,11521.0,25483.0,0.0,0,,
241283,138,31.0,19.0,43.0,147.5,22543.0,13397.0,33647.0,14.5,29,33.0,27449.0
241287,107,40.0,24.0,67.0,116.9,32448.0,18733.0,58348.0,9.5,19,33.0,34214.0
241288,121,40.0,24.0,60.9,105.0,29441.0,15734.0,50196.0,0.5,1,48.0,35021.0
241653,4,11.0,9.0,11.4,12.0,8332.0,7243.0,9440.0,0.0,0,,
241658,3,45.8,25.5,58.8,67.5,23051.0,12720.0,43257.0,0.0,0,,
242027,86,54.0,32.9,91.0,128.4,40722.0,24472.0,74830.0,0.0,0,,
242030,51,35.0,18.0,55.0,121.1,29194.0,12864.0,48424.0,0.0,0,,
251200,173,31.0,12.0,48.0,127.0,23122.0,10913.0,37078.0,17.0,34,36.0,23299.0
280002,1,12.0,12.0,12.0,12.0,11218.0,11218.0,11218.0,0.0,0,,
280003,17,16.0,8.2,24.0,32.0,12020.0,6457.0,18763.0,0.0,0,,
280012,8,16.0,11.4,21.2,24.0,9070.0,7938.0,11734.0,0.0,0,,
280013,41,12.0,11.0,24.0,72.0,9950.0,6251.0,15772.0,1.0,2,12.0,6974.0
280039,8,47.2,26.8,80.1,97.0,37876.0,21819.0,69067.0,0.0,0,,
280040,31,26.0,11.8,38.0,66.0,19483.0,10570.0,29653.0,0.0,0,,
280052,509,53.0,24.0,96.0,183.0,46922.0,20153.0,89048.0,0.0,0,,
280065,70,43.0,23.0,67.0,163.0,29180.0,12376.0,48030.0,0.0,0,,
280068,66,43.5,24.0,87.0,118.2,35335.0,17734.0,70654.0,0.0,0,,
280086,5,8.0,8.0,24.8,28.0,6568.0,5746.0,13208.0,0.0,0,,
280087,6,16.0,8.0,16.0,38.0,7871.0,3158.0,10237.0,0.0,0,,
280090,62,22.0,12.0,24.0,86.0,12056.0,7289.0,18528.0,12.5,25,24.0,11229.0
280093,33,16.0,8.0,24.0,56.0,14208.0,6106.0,19927.0,0.0,0,,
280095,35,24.0,8.0,24.0,36.0,13613.0,6235.0,21643.0,0.0,0,,
280096,33,16.0,8.0,28.9,51.0,10555.0,5470.0,19581.0,0.0,0,,
280098,12,24.0,12.0,24.0,36.0,13247.0,8936.0,18506.0,0.0,0,,
280103,159,38.4,24.0,64.0,206.0,35424.0,19224.0,70787.0,33.0,66,40.0,44092.0
280104,88,34.8,20.3,60.0,264.0,28133.0,15524.0,47769.0,15.5,31,24.0,22860.0
280105,163,36.0,19.4,67.0,151.0,29063.0,15319.0,61762.0,14.5,29,31.0,39809.0
280106,68,36.0,18.1,60.0,136.0,31742.0,11631.0,51515.0,7.0,14,25.0,21314.0
280107,154,24.0,12.0,36.0,91.0,15545.0,9080.0,29249.0,19.0,38,32.0,19271.0
280114,21,12.0,8.0,18.0,36.0,9857.0,5715.0,12114.0,0.0,0,,
280115,29,12.0,8.0,16.0,27.0,6584.0,5454.0,10871.0,0.0,0,,
280121,22,26.0,24.0,36.0,60.0,18119.0,15148.0,23612.0,6.0,12,27.5,20586.0
280129,45,18.0,12.0,24.0,86.0,11043.0,6851.0,16355.0,2.0,4,18.0,10851.0
280130,90,25.6,18.8,40.0,67.0,16872.0,11102.0,29735.0,5.0,10,34.5,20792.0
280133,13,51.0,28.3,59.3,72.0,43779.0,22032.0,49656.0,0.0,0,,
280134,6,40.0,27.0,53.0,75.0,33933.0,24871.0,48805.0,0.0,0,,
280135,14,47.6,24.0,66.1,103.0,34727.0,20798.0,54886.0,0.0,0,,
280136,2,51.5,27.8,75.2,91.0,39558.0,20117.0,58998.0,0.0,0,,
280141,2,82.3,68.1,96.6,106.0,73990.0,62816.0,85164.0,0.0,0,,
280142,27,86.4,46.7,117.3,121.3,68155.0,41669.0,98148.0,0.0,0,,
280147,36,34.8,19.2,83.0,110.0,28329.0,17333.0,71364.0,0.0,0,,
280155,5,24.0,24.0,35.2,48.0,17634.0,16329.0,20539.0,0.0,0,,
280164,74,16.0,12.0,24.0,48.0,9861.0,6967.0,18496.0,8.5,17,24.0,16874.0
280166,279,36.0,16.0,67.4,160.0,30173.0,12409.0,59762.0,26.0,52,40.0,39198.0
280169,253,43.0,24.0,72.0,170.0,33639.0,16804.0,60187.0,28.5,57,42.0,41721.0
280172,71,34.0,15.4,56.8,163.0,24106.0,9797.0,39836.0,0.0,0,,
280174,3,20.0,12.8,41.6,56.0,8418.0,7041.0,9290.0,0.0,0,,
280175,10,28.0,16.0,37.2,109.2,21052.0,11732.0,24934.0,0.0,0,,
280185,6,109.8,87.0,119.8,119.8,94972.0,76555.0,102933.0,0.0,0,,
280196,5,88.0,29.2,103.4,109.2,66032.0,17997.0,82204.0,0.0,0,,
280198,46,47.5,24.0,72.0,163.0,34643.0,15903.0,57751.0,0.0,0,,
280204,23,24.0,23.7,39.0,79.0,20727.0,15984.0,28493.0,0.0,0,,
280205,33,24.0,13.7,64.2,102.0,18451.0,9364.0,44444.0,0.0,0,,
280206,243,82.0,24.0,125.4,170.0,64397.0,17696.0,98563.0,0.0,0,,
280212,130,30.5,12.0,52.2,152.0,25735.0,11453.0,44833.0,17.5,35,42.0,33147.0
280213,125,25.5,16.0,48.0,136.0,25714.0,13766.0,46305.0,15.0,30,24.0,33123.0
280214,87,52.0,24.0,78.8,162.0,40441.0,17081.0,68129.0,0.0,0,,
280216,24,66.0,24.0,119.6,162.0,65255.0,24900.0,112914.0,0.0,0,,
280222,267,48.0,24.0,91.0,163.0,46488.0,23719.0,89175.0,23.5,47,49.0,67936.0
280223,10,16.0,8.0,24.6,32.0,8670.0,6232.0,12749.0,0.0,0,,
280225,10,15.0,8.0,24.4,31.0,6508.0,3996.0,9422.0,0.0,0,,
280226,8,14.0,12.0,20.8,24.0,7607.0,5027.0,8857.0,0.0,0,,
280227,9,16.0,9.8,19.2,52.0,6763.0,5544.0,8850.0,0.0,0,,
280228,6,11.0,8.0,24.0,36.0,5662.0,4748.0,12056.0,0.0,0,,
280229,9,8.0,6.6,13.6,48.0,4490.0,3734.0,6458.0,0.0,0,,
280230,10,14.0,6.6,24.0,32.0,9317.0,6049.0,17102.0,0.0,0,,
280232,6,12.0,12.0,16.0,24.0,8374.0,2851.0,11337.0,0.0,0,,
280233,24,65.0,42.6,107.8,163.0,53753.0,34363.0,81596.0,0.0,0,,
280234,25,54.0,24.0,101.0,163.0,48470.0,16075.0,78651.0,0.0,0,,
280235,17,36.0,18.3,92.5,163.0,27128.0,13040.0,60948.0,0.0,0,,
280236,32,24.0,12.0,36.0,60.0,12895.0,8049.0,19840.0,0.0,0,,
280237,17,24.0,12.0,28.8,83.8,10937.0,6599.0,16912.0,0.0,0,,
280238,37,17.0,12.0,36.0,116.0,11720.0,6831.0,24780.0,0.0,0,,
280239,37,24.0,12.0,36.0,60.0,16234.0,8703.0,20710.0,0.0,0,,
280240,18,24.0,12.0,34.0,84.0,12034.0,8326.0,22252.0,0.0,0,,
280241,7,24.0,20.0,33.6,67.0,19176.0,14273.0,28881.0,0.0,0,,
280242,2,63.5,47.0,80.0,91.0,50246.0,34349.0,66143.0,0.0,0,,
280243,12,24.0,13.4,28.8,79.0,20208.0,12335.0,25083.0,0.0,0,,
280244,48,40.0,24.0,66.0,157.4,38919.0,19452.0,69462.0,13.0,26,41.0,36637.0
280245,17,60.0,24.0,89.7,115.0,41057.0,15830.0,69991.0,0.0,0,,
280246,12,29.2,14.4,56.8,146.1,22236.0,11652.0,56706.0,0.0,0,,
280247,6,75.0,45.0,138.0,150.0,80185.0,20352.0,136543.0,0.0,0,,
280256,279,60.0,24.0,114.0,173.0,47082.0,19145.0,90115.0,60.5,121,65.0,53071.0
280264,246,60.0,26.0,102.0,163.0,45628.0,18567.0,78282.0,54.0,108,53.5,40479.0
280284,6,50.0,36.0,72.0,78.0,42157.0,30472.0,59750.0,0.0,0,,
280285,2,48.0,40.8,55.2,60.0,41354.0,33956.0,48751.0,0.0,0,,
280286,4,36.0,36.0,43.2,54.0,31342.0,25335.0,39453.0,0.0,0,,
280287,4,24.0,17.6,27.2,32.0,6428.0,4939.0,9424.0,0.0,0,,
280298,6,72.0,48.0,114.0,126.0,49490.0,34332.0,80416.0,2.5,5,48.0,35342.0
280315,47,31.0,18.8,60.0,87.5,21511.0,9370.0,43070.0,0.0,0,,
280316,28,24.0,12.0,36.0,55.0,16227.0,9714.0,23794.0,0.0,0,,
280317,28,31.0,12.0,43.0,84.0,20387.0,10801.0,27277.0,0.0,0,,
280318,102,24.0,12.0,48.0,112.0,20179.0,10006.0,39457.0,19.5,39,35.0,27597.0
280323,144,37.2,16.0,73.2,139.0,37891.0,19096.0,93980.0,28.5,57,36.0,39378.0
280324,362,51.5,24.0,96.0,233.0,64362.0,22201.0,120043.0,63.5,127,48.0,67657.0
280325,55,48.0,24.0,91.0,163.0,37070.0,17206.0,68320.0,0.0,0,,
280326,17,24.0,21.0,43.0,67.0,17622.0,9217.0,28278.0,0.0,0,,
280327,35,36.0,24.0,55.0,91.0,21657.0,12666.0,37981.0,0.0,0,,
280344,67,40.0,24.0,64.0,114.0,51772.0,26599.0,83554.0,28.5,57,40.0,51127.0
280345,22,23.0,12.0,40.8,66.0,13061.0,7711.0,24456.0,11.0,22,23.0,13061.0
280347,14,24.0,14.4,36.0,54.0,15875.0,9155.0,21110.0,7.0,14,24.0,15875.0
280348,49,36.0,23.6,61.2,138.2,29242.0,15434.0,47122.0,17.5,35,41.0,29242.0
280351,698,96.0,31.6,158.0,616.0,78539.0,24344.0,123355.0,124.5,249,97.0,82657.0
280352,50,48.0,24.0,79.0,103.0,34286.0,18595.0,53957.0,1.0,2,12.0,5228.0
280355,3,24.0,24.0,24.0,24.0,18363.0,17420.0,18381.0,0.0,0,,
280357,1,134.0,134.0,134.0,134.0,111881.0,111881.0,111881.0,0.0,0,,
280358,3,32.0,26.0,34.4,36.0,20676.0,18872.0,23766.0,1.5,3,32.0,20676.0
280362,37,24.0,12.0,54.0,100.0,18842.0,8143.0,36140.0,4.5,9,19.0,13529.0
280365,32,40.5,20.8,59.6,91.0,26998.0,10088.0,43851.0,3.5,7,24.0,18896.0
280375,35,24.0,12.0,26.8,48.0,14188.0,8896.0,20696.0,9.0,18,24.0,14410.0
280376,34,24.0,16.0,38.4,60.0,15964.0,11568.0,24351.0,8.0,16,24.0,15099.0
280377,35,19.0,12.0,32.8,115.0,13427.0,8334.0,19582.0,6.5,13,12.0,10547.0
280378,28,13.2,12.0,24.0,41.4,10600.0,7082.0,15041.0,7.5,15,12.0,10897.0
280379,36,24.0,17.5,43.0,64.0,17308.0,10595.0,28551.0,8.5,17,24.0,19130.0
280380,40,27.5,18.8,48.0,72.0,19909.0,11631.0,32758.0,9.0,18,30.0,22369.0
280383,21,12.0,12.0,24.0,55.0,9615.0,7055.0,15889.0,1.5,3,19.0,10300.0
280384,19,12.0,12.0,24.0,31.0,8361.0,6046.0,14154.0,1.5,3,24.0,13718.0
280385,13,12.0,12.0,19.0,24.0,8260.0,7459.0,11124.0,0.0,0,,
280388,8,12.0,12.0,24.0,24.0,10902.0,9667.0,16664.0,0.0,0,,
280391,60,36.0,24.0,64.6,108.0,33152.0,19883.0,54952.0,5.5,11,36.0,25495.0
280395,1,325.0,325.0,325.0,325.0,251767.0,251767.0,251767.0,0.0,0,,
280396,2,38.0,22.4,53.6,64.0,51278.0,26397.0,76159.0,0.0,0,,
280397,14,13.5,10.8,34.2,48.0,9729.0,6229.0,14628.0,7.0,14,13.5,9729.0
280401,13,22.0,12.0,24.0,28.0,10057.0,8156.0,17540.0,0.5,1,12.0,8561.0
280403,6,15.5,12.0,24.0,31.0,9726.0,7653.0,15556.0,0.0,0,,
280404,4,24.0,19.2,24.0,24.0,11838.0,8855.0,14321.0,0.5,1,12.0,7440.0
280405,103,48.0,24.0,82.0,163.0,39927.0,18870.0,75045.0,12.0,24,39.5,33515.0
280421,86,36.0,20.0,60.0,112.0,29810.0,17663.0,68254.0,25.5,51,30.0,29855.0
280425,18,24.0,17.5,37.0,60.0,14983.0,8714.0,22881.0,6.5,13,24.0,15862.0
280426,21,24.0,12.0,36.0,60.0,13805.0,7457.0,17875.0,6.0,12,29.0,14795.0
280435,4,20.2,14.7,24.0,24.0,14131.0,11647.0,15820.0,0.5,1,16.5,14861.0
280436,10,24.0,12.0,28.0,42.0,10788.0,7727.0,13327.0,5.0,10,24.0,10788.0
280450,24,21.5,12.0,24.0,36.0,13005.0,10847.0,19842.0,4.5,9,24.0,16040.0
280451,81,36.0,22.0,50.0,180.0,29588.0,15042.0,52628.0,26.0,52,31.5,28643.0
280452,58,24.0,21.0,42.6,100.0,23748.0,16341.0,34464.0,18.0,36,24.0,26834.0
280453,50,36.0,23.4,52.6,91.0,27737.0,14951.0,48568.0,13.5,27,36.0,32177.0
280454,19,43.0,12.0,64.0,79.0,27627.0,15460.0,77864.0,4.0,8,25.0,17922.0
280478,54,30.5,15.6,48.4,84.0,21766.0,12175.0,39366.0,24.5,49,27.0,20000.0
280480,220,52.5,24.0,112.0,184.0,70905.0,34535.0,148524.0,78.5,157,54.0,76050.0
280488,16,12.0,9.0,19.0,22.0,8037.0,5701.0,12134.0,7.0,14,14.0,8037.0
280489,18,53.0,40.0,96.0,140.0,83584.0,50308.0,135666.0,6.5,13,48.0,77275.0
280490,51,40.0,16.0,66.0,160.0,47298.0,21019.0,94541.0,25.5,51,40.0,47298.0
280493,23,36.0,13.8,38.4,58.0,26630.0,12331.0,33189.0,8.0,16,30.0,23827.0
280516,1,95.0,95.0,95.0,95.0,152767.0,152767.0,152767.0,0.0,0,,
280517,5,20.0,17.5,38.4,48.0,15872.0,13897.0,25110.0,1.0,2,28.0,19470.0
280539,11,24.0,12.0,36.0,93.0,9838.0,5177.0,18857.0,5.5,11,24.0,9838.0
280541,7,36.0,31.2,46.8,50.0,24402.0,19802.0,27829.0,3.5,7,36.0,24402.0
280557,1,24.0,24.0,24.0,24.0,17319.0,17319.0,17319.0,0.5,1,24.0,17319.0
280559,15,36.0,21.6,48.0,64.0,30216.0,15000.0,45423.0,7.5,15,36.0,30216.0
280563,25,42.0,25.2,60.4,138.0,27495.0,19782.0,41379.0,12.5,25,42.0,27495.0
280564,13,28.0,24.0,43.2,93.0,27620.0,20426.0,52450.0,6.5,13,28.0,27620.0
280566,16,45.2,24.0,60.0,96.0,28751.0,20773.0,42251.0,8.0,16,45.2,28751.0
280567,3,112.0,52.0,126.4,136.0,200612.0,84865.0,205770.0,1.5,3,112.0,200612.0
280571,22,24.0,13.6,63.6,100.0,21004.0,11409.0,48421.0,11.0,22,24.0,21004.0
280572,15,36.0,23.0,48.0,71.0,30189.0,16736.0,37746.0,7.5,15,36.0,30189.0
280573,8,24.0,16.8,33.6,72.0,15620.0,8959.0,29475.0,4.0,8,24.0,15620.0
280574,14,48.0,21.6,86.4,160.0,38951.0,17808.0,71972.0,7.0,14,48.0,38951.0
280576,6,33.0,30.0,36.0,60.0,24317.0,23203.0,28469.0,3.0,6,33.0,24317.0
280578,7,24.0,14.4,37.2,60.0,17434.0,10635.0,25823.0,3.5,7,24.0,17434.0
280581,33,36.0,20.4,66.6,114.0,24511.0,13479.0,48195.0,16.5,33,36.0,24511.0
280582,11,24.0,12.0,25.0,48.0,16255.0,10112.0,18396.0,5.5,11,24.0,16255.0
280583,27,24.0,24.0,48.0,112.0,32381.0,21511.0,46849.0,13.5,27,24.0,32381.0
280584,29,28.0,12.0,55.0,108.0,30464.0,18645.0,67266.0,14.5,29,28.0,30464.0
280585,24,41.0,22.6,70.8,88.0,51214.0,18933.0,85860.0,12.0,24,41.0,51214.0
280586,21,30.0,24.0,60.0,96.0,30329.0,17353.0,78839.0,10.5,21,30.0,30329.0
280587,12,33.0,24.0,40.8,48.0,23440.0,9838.0,31177.0,6.0,12,33.0,23440.0
280588,8,24.0,24.0,42.4,65.0,20483.0,18677.0,32370.0,4.0,8,24.0,20483.0
280589,1,36.0,36.0,36.0,36.0,60428.0,60428.0,60428.0,0.5,1,36.0,60428.0
280590,32,36.0,12.8,45.8,112.0,34605.0,19904.0,61680.0,16.0,32,36.0,34605.0
280591,31,48.0,24.0,66.0,152.0,43342.0,23197.0,74550.0,15.0,30,48.0,50168.0
280592,15,24.0,23.0,42.0,72.0,33456.0,19504.0,44414.0,7.5,15,24.0,33456.0
280601,14,24.0,20.8,36.0,52.8,14290.0,8757.0,25582.0,7.0,14,24.0,14290.0
280602,13,18.0,12.0,24.0,72.0,9208.0,6978.0,13627.0,6.5,13,18.0,9208.0
280605,9,43.0,19.2,70.4,99.5,23921.0,7120.0,39442.0,4.5,9,43.0,23921.0
280607,5,27.0,23.8,46.8,66.0,19903.0,17557.0,24628.0,2.5,5,27.0,19903.0
280609,5,24.0,11.7,28.8,48.0,10719.0,6234.0,15600.0,2.5,5,24.0,10719.0
280610,7,42.0,33.6,59.2,72.0,13156.0,6418.0,27595.0,3.5,7,42.0,13156.0
280611,5,60.0,26.8,70.9,74.3,24956.0,15602.0,32752.0,2.5,5,60.0,24956.0
280612,12,24.0,13.4,34.0,54.5,9880.0,6453.0,15786.0,6.0,12,24.0,9880.0
280613,13,24.0,12.0,40.8,104.0,10189.0,7130.0,29864.0,6.5,13,24.0,10189.0
280614,12,30.9,24.0,52.8,64.0,18889.0,14379.0,29034.0,6.0,12,30.9,18889.0
280615,3,20.5,19.0,26.0,29.7,17116.0,15103.0,18315.0,1.5,3,20.5,17116.0
280616,1,72.0,72.0,72.0,72.0,36653.0,36653.0,36653.0,0.5,1,72.0,36653.0
280617,5,48.0,39.2,48.0,48.0,30074.0,20941.0,34309.0,2.5,5,48.0,30074.0
280622,8,23.0,19.8,37.2,73.5,8562.0,6428.0,15881.0,4.0,8,23.0,8562.0
280624,1,28.5,28.5,28.5,28.5,18186.0,18186.0,18186.0,0.5,1,28.5,18186.0
280642,2,16.0,13.6,18.4,20.0,13996.0,12076.0,15916.0,1.0,2,16.0,13996.0
280644,2,12.0,12.0,12.0,12.0,9186.0,8595.0,9777.0,1.0,2,12.0,9186.0
280647,11,48.0,28.0,71.0,160.0,74624.0,34443.0,113830.0,5.5,11,48.0,74624.0
280652,4,52.5,45.0,62.0,68.0,31470.0,25619.0,40440.0,2.0,4,52.5,31470.0
280659,22,34.5,16.4,66.0,137.0,49089.0,20146.0,80044.0,11.0,22,34.5,49089.0
280660,20,33.0,12.0,75.0,102.0,23643.0,10182.0,63376.0,10.0,20,33.0,23643.0
280673,7,36.0,12.0,55.2,100.0,23675.0,9112.0,38653.0,3.5,7,36.0,23675.0
280674,4,51.0,27.6,88.0,112.0,78635.0,32874.0,142502.0,2.0,4,51.0,78635.0
280682,6,42.0,12.0,88.0,112.0,67819.0,9197.0,126999.0,3.0,6,42.0,67819.0
280683,4,35.0,27.6,68.0,110.0,43363.0,20023.0,74442.0,2.0,4,35.0,43363.0
280684,2,43.5,31.8,55.2,63.0,43183.0,26988.0,59378.0,1.0,2,43.5,43183.0
280686,18,58.0,24.0,144.8,162.0,64381.0,34720.0,190711.0,9.0,18,58.0,64381.0
280689,13,44.0,24.0,91.5,159.0,28460.0,14175.0,65419.0,6.5,13,44.0,28460.0
280698,4,45.0,30.4,48.4,49.0,16090.0,9974.0,25526.0,2.0,4,45.0,16090.0
570223,7,24.0,17.6,33.6,48.0,19627.0,14336.0,25956.0,3.5,7,24.0,19627.0
570261,51,40.0,24.0,72.0,136.0,57229.0,28650.0,95896.0,25.5,51,40.0,57229.0
570468,9,19.0,12.0,26.2,34.0,14683.0,10107.0,16646.0,4.5,9,19.0,14683.0
570471,2,30.0,26.4,33.6,36.0,20195.0,17977.0,22413.0,1.0,2,30.0,20195.0
570475,2,45.0,39.6,50.4,54.0,33423.0,27544.0,39303.0,1.0,2,45.0,33423.0
570560,3,36.0,21.6,36.0,36.0,24900.0,13156.0,25918.0,1.5,3,36.0,24900.0
