sku,line,hrs,n_runs,share_of_sku_hrs,recent_hrs,recent_n_runs,recent_share_of_sku_hrs,rank_by_recent_hrs
120430,P14,4563.66,121,0.587,946.0,22.0,0.695,1.0
120430,P12,2372.45,81,0.305,365.5,11.0,0.268,2.0
120430,P15,146.0,6,0.019,24.0,1.0,0.018,3.0
120430,P16,277.61,13,0.036,14.18,2.0,0.01,4.0
120430,P09,35.5,4,0.005,12.0,1.0,0.009,5.0
120430,P10,51.0,3,0.007,,,,
120430,P11,225.05,10,0.029,,,,
120430,P13,105.75,3,0.014,,,,
120431,P14,3694.42,105,0.51,763.0,25.0,0.825,1.0
120431,P12,3046.51,81,0.421,162.0,4.0,0.175,2.0
120431,P09,34.0,2,0.005,,,,
120431,P10,50.5,2,0.007,,,,
120431,P11,203.5,5,0.028,,,,
120431,P13,102.48,3,0.014,,,,
120431,P15,39.86,3,0.006,,,,
120431,P16,69.85,4,0.01,,,,
120433,P14,1426.97,47,0.468,258.0,9.0,0.915,1.0
120433,P12,1096.5,34,0.36,24.0,1.0,0.085,2.0
120433,P09,70.02,1,0.023,,,,
120433,P10,178.25,6,0.059,,,,
120433,P11,129.65,6,0.043,,,,
120433,P13,30.0,1,0.01,,,,
120433,P16,114.53,4,0.038,,,,
120434,P14,326.0,11,0.387,36.0,2.0,1.0,1.0
120434,P12,516.5,16,0.613,,,,
120435,P10,16.0,1,0.012,,,,
120435,P11,44.0,2,0.032,,,,
120435,P12,806.45,34,0.592,,,,
120435,P14,489.25,21,0.359,,,,
120435,P15,6.0,1,0.004,,,,
120436,P14,4711.757,117,0.269,1131.5,29.0,0.31,1.0
120436,P20,900.75,17,0.051,612.75,12.0,0.168,2.0
120436,P12,3986.34,103,0.228,555.72,16.0,0.152,3.0
120436,P11,1601.29,47,0.091,552.0,12.0,0.151,4.0
120436,P09,1213.63,29,0.069,314.0,6.0,0.086,5.0
120436,P15,1528.22,44,0.087,205.0,7.0,0.056,6.0
120436,P13,2347.42,52,0.134,137.0,5.0,0.037,7.0
120436,P22,60.0,2,0.003,60.0,2.0,0.016,8.0
120436,P16,814.74,25,0.047,54.0,3.0,0.015,9.0
120436,P17,32.0,1,0.002,32.0,1.0,0.009,10.0
120436,P10,317.9,12,0.018,,,,
120437,P14,4645.667,112,0.34,664.43,23.0,0.392,1.0
120437,P12,3992.15,93,0.292,261.0,7.0,0.154,2.0
120437,P20,245.0,5,0.018,161.0,4.0,0.095,3.0
120437,P11,984.02,27,0.072,118.5,5.0,0.07,4.0
120437,P09,772.25,19,0.057,115.0,2.0,0.068,5.0
120437,P22,112.0,1,0.008,112.0,1.0,0.066,6.0
120437,P17,140.0,3,0.01,76.0,2.0,0.045,7.0
120437,P16,767.04,25,0.056,72.0,3.0,0.043,8.0
120437,P13,1084.67,31,0.079,60.0,3.0,0.035,9.0
120437,P15,541.85,19,0.04,53.0,2.0,0.031,10.0
120437,P10,377.15,9,0.028,,,,
120441,P10,16.0,1,0.229,,,,
120441,P14,54.0,2,0.771,,,,
120442,P10,16.0,1,0.206,,,,
120442,P11,8.0,1,0.103,,,,
120442,P12,34.0,2,0.438,,,,
120442,P14,13.0,1,0.168,,,,
120442,P15,6.57,1,0.085,,,,
120444,P14,954.55,36,0.349,65.5,5.0,0.645,1.0
120444,P16,262.9,11,0.096,24.0,2.0,0.236,2.0
120444,P12,948.48,37,0.347,12.0,1.0,0.118,3.0
120444,P09,175.0,8,0.064,,,,
120444,P10,24.0,1,0.009,,,,
120444,P11,205.25,8,0.075,,,,
120444,P13,108.62,5,0.04,,,,
120444,P15,56.0,4,0.02,,,,
120445,P11,84.0,2,0.073,,,,
120445,P12,310.28,12,0.27,,,,
120445,P13,104.0,1,0.09,,,,
120445,P14,640.9300000000001,23,0.557,,,,
120445,P16,12.0,1,0.01,,,,
120447,P11,64.0,2,0.244,,,,
120447,P12,78.0,2,0.298,,,,
120447,P14,120.0,7,0.458,,,,
120448,P14,3195.1530000000002,82,0.261,571.0,19.0,0.214,1.0
120448,P20,806.75,18,0.066,526.75,13.0,0.198,2.0
120448,P11,1514.83,31,0.124,491.33,12.0,0.184,3.0
120448,P22,387.32,6,0.032,387.32,6.0,0.145,4.0
120448,P12,3122.17,81,0.255,300.0,10.0,0.113,5.0
120448,P16,816.27,21,0.067,126.0,4.0,0.047,6.0
120448,P09,688.46,20,0.056,91.0,5.0,0.034,7.0
120448,P17,82.0,2,0.007,69.0,1.0,0.026,8.0
120448,P15,598.66,17,0.049,59.0,2.0,0.022,9.0
120448,P13,887.45,25,0.072,42.0,1.0,0.016,10.0
120448,P10,148.75,6,0.012,,,,
120448,P18,2.0,1,0.0,,,,
120450,P14,1240.88,53,0.494,371.0,17.0,0.787,1.0
120450,P12,1173.5,53,0.467,100.5,4.0,0.213,2.0
120450,P09,46.75,4,0.019,,,,
120450,P10,24.0,1,0.01,,,,
120450,P13,2.0,1,0.001,,,,
120450,P15,27.0,1,0.011,,,,
120451,P14,690.0,42,0.542,168.0,11.0,0.721,1.0
120451,P12,523.0,30,0.411,65.0,4.0,0.279,2.0
120451,P10,11.0,1,0.009,,,,
120451,P11,24.0,1,0.019,,,,
120451,P15,24.0,1,0.019,,,,
120452,P10,19.0,1,0.097,,,,
120452,P11,32.5,2,0.166,,,,
120452,P12,70.0,5,0.358,,,,
120452,P14,73.83,5,0.378,,,,
120453,P14,845.0,42,0.539,238.0,13.0,0.832,1.0
120453,P12,629.0,37,0.401,48.0,3.0,0.168,2.0
120453,P10,28.0,1,0.018,,,,
120453,P11,47.0,2,0.03,,,,
120453,P13,19.0,1,0.012,,,,
120454,P12,310.23,18,0.521,,,,
120454,P14,284.97,19,0.479,,,,
120463,P15,1513.33,28,0.798,824.33,14.0,0.704,1.0
120463,P16,275.0,9,0.145,275.0,9.0,0.235,2.0
120463,P18,48.0,1,0.025,48.0,1.0,0.041,3.0
120463,P20,24.0,1,0.013,24.0,1.0,0.02,4.0
120463,P11,27.0,1,0.014,,,,
120463,P12,8.0,1,0.004,,,,
120464,P20,1386.92,26,0.094,1346.92,25.0,0.526,1.0
120464,P09,2267.47,50,0.154,394.7,7.0,0.154,2.0
120464,P15,2462.44,50,0.168,254.0,8.0,0.099,3.0
120464,P11,2160.69,38,0.147,128.0,4.0,0.05,4.0
120464,P13,3146.65,56,0.214,128.0,2.0,0.05,5.0
120464,P17,112.0,2,0.008,112.0,2.0,0.044,6.0
120464,P22,88.0,1,0.006,88.0,1.0,0.034,7.0
120464,P16,1981.12,44,0.135,86.0,4.0,0.034,8.0
120464,P21,24.0,1,0.002,24.0,1.0,0.009,9.0
120464,P10,1062.17,18,0.072,,,,
120465,P09,19.0,1,0.007,,,,
120465,P10,136.15,8,0.051,,,,
120465,P12,1086.2,37,0.404,,,,
120465,P13,50.0,2,0.019,,,,
120465,P14,1255.57,49,0.467,,,,
120465,P15,103.7,3,0.039,,,,
120465,P16,40.0,2,0.015,,,,
120531,P14,573.0,30,0.547,247.0,11.0,0.76,1.0
120531,P12,463.43,26,0.443,78.0,4.0,0.24,2.0
120531,P10,8.0,1,0.008,,,,
120531,P15,2.73,1,0.003,,,,
120532,P14,2333.22,82,0.525,721.5,29.0,0.659,1.0
120532,P12,2018.28,58,0.454,373.0,7.0,0.341,2.0
120532,P10,2.7,1,0.001,,,,
120532,P11,85.0,4,0.019,,,,
120532,P13,8.0,1,0.002,,,,
120534,P14,389.0,20,0.549,176.0,8.0,0.842,1.0
120534,P12,308.0,22,0.434,33.0,3.0,0.158,2.0
120534,P15,12.0,1,0.017,,,,
120536,P14,1523.51,68,0.544,403.35,22.0,0.816,1.0
120536,P12,1107.1,47,0.395,91.0,5.0,0.184,2.0
120536,P09,20.5,1,0.007,,,,
120536,P11,79.9,3,0.029,,,,
120536,P13,19.0,1,0.007,,,,
120536,P16,52.65,3,0.019,,,,
241281,P12,456.0,15,0.82,,,,
241281,P13,45.0,1,0.081,,,,
241281,P14,31.0,1,0.056,,,,
241281,P15,24.0,1,0.043,,,,
241283,P11,1064.22,33,0.233,219.0,5.0,0.223,1.0
241283,P15,516.0,15,0.113,188.0,5.0,0.192,2.0
241283,P16,362.03,11,0.079,166.5,5.0,0.17,3.0
241283,P09,1005.5,31,0.22,157.5,6.0,0.161,4.0
241283,P13,1386.83,40,0.303,138.0,4.0,0.141,5.0
241283,P22,88.0,3,0.019,88.0,3.0,0.09,6.0
241283,P20,24.0,1,0.005,24.0,1.0,0.024,7.0
241283,P10,127.75,4,0.028,,,,
241287,P20,599.0,13,0.12,355.0,7.0,0.485,1.0
241287,P11,746.7,20,0.15,156.0,5.0,0.213,2.0
241287,P16,327.0,8,0.066,108.0,2.0,0.148,3.0
241287,P09,1099.03,25,0.221,89.0,4.0,0.122,4.0
241287,P22,24.0,1,0.005,24.0,1.0,0.033,5.0
241287,P10,143.4,2,0.029,,,,
241287,P13,1444.5,26,0.29,,,,
241287,P15,600.0,12,0.12,,,,
241288,P11,1195.6299999999999,28,0.231,48.0,1.0,1.0,1.0
241288,P09,597.5,13,0.115,,,,
241288,P10,294.15,8,0.057,,,,
241288,P12,12.0,1,0.002,,,,
241288,P13,1387.13,35,0.268,,,,
241288,P15,737.157,17,0.142,,,,
241288,P16,953.78,19,0.184,,,,
241653,P13,11.0,1,0.275,,,,
241653,P15,18.0,2,0.45,,,,
241653,P16,11.0,1,0.275,,,,
241658,P09,67.5,1,0.539,,,,
241658,P11,12.0,1,0.096,,,,
241658,P16,45.75,1,0.365,,,,
242027,P09,1389.25,24,0.269,,,,
242027,P10,1009.5,16,0.196,,,,
242027,P11,766.51,15,0.149,,,,
242027,P13,1267.8,17,0.246,,,,
242027,P15,206.85,5,0.04,,,,
242027,P16,520.0,9,0.101,,,,
242030,P09,551.25,14,0.269,,,,
242030,P10,233.15,6,0.114,,,,
242030,P11,226.0,7,0.11,,,,
242030,P12,161.0,5,0.079,,,,
242030,P13,292.92,7,0.143,,,,
242030,P14,264.0,5,0.129,,,,
242030,P15,164.55,4,0.08,,,,
242030,P16,156.07,3,0.076,,,,
251200,P20,328.0,6,0.055,328.0,6.0,0.268,1.0
251200,P09,1844.0,55,0.312,312.0,10.0,0.255,2.0
251200,P11,659.5,16,0.111,281.5,8.0,0.23,3.0
251200,P16,828.0,23,0.14,248.0,7.0,0.203,4.0
251200,P13,1054.23,30,0.178,30.0,1.0,0.025,5.0
251200,P22,24.0,2,0.004,24.0,2.0,0.02,6.0
251200,P10,274.05,9,0.046,,,,
251200,P12,4.0,1,0.001,,,,
251200,P15,900.63,31,0.152,,,,
280002,P13,12.0,1,1.0,,,,
280003,P10,24.0,1,0.086,,,,
280003,P11,32.0,2,0.115,,,,
280003,P12,110.5,7,0.397,,,,
280003,P14,59.45,4,0.214,,,,
280003,P15,10.43,1,0.037,,,,
280003,P16,42.0,2,0.151,,,,
280012,P10,35.0,2,0.271,,,,
280012,P11,38.0,2,0.295,,,,
280012,P12,44.0,3,0.341,,,,
280012,P14,12.0,1,0.093,,,,
280013,P13,24.0,2,0.033,24.0,2.0,1.0,1.0
280013,P09,8.0,1,0.011,,,,
280013,P10,16.0,1,0.022,,,,
280013,P11,60.0,3,0.082,,,,
280013,P12,228.0,10,0.312,,,,
280013,P14,274.87,20,0.376,,,,
280013,P15,36.0,2,0.049,,,,
280013,P16,84.0,2,0.115,,,,
280039,P09,181.0,3,0.431,,,,
280039,P11,79.45,2,0.189,,,,
280039,P13,159.57,3,0.38,,,,
280040,P09,125.75,7,0.146,,,,
280040,P10,54.0,3,0.063,,,,
280040,P11,70.0,2,0.081,,,,
280040,P12,45.0,2,0.052,,,,
280040,P13,88.52,5,0.103,,,,
280040,P14,190.25,4,0.22,,,,
280040,P15,67.0,3,0.078,,,,
280040,P16,222.32999999999998,5,0.258,,,,
280052,P09,3133.4700000000003,56,0.099,,,,
280052,P10,2016.48,33,0.064,,,,
280052,P11,3136.25,55,0.099,,,,
280052,P12,16.73,2,0.001,,,,
280052,P13,4846.47,82,0.153,,,,
280052,P14,24.0,2,0.001,,,,
280052,P15,3740.02,65,0.118,,,,
280052,P16,8488.627,114,0.269,,,,
280052,P17,3769.0,61,0.119,,,,
280052,P18,2412.75,38,0.076,,,,
280052,P19,13.0,1,0.0,,,,
280065,P09,3211.88,70,1.0,,,,
280068,P09,274.82,9,0.077,,,,
280068,P10,1722.55,27,0.484,,,,
280068,P11,1551.15,29,0.436,,,,
280068,P13,8.0,1,0.002,,,,
280086,P11,24.0,1,0.316,,,,
280086,P14,52.0,4,0.684,,,,
280087,P11,3.5,1,0.036,,,,
280087,P12,24.0,2,0.246,,,,
280087,P13,16.0,1,0.164,,,,
280087,P14,16.0,1,0.164,,,,
280087,P15,38.0,1,0.39,,,,
280090,P14,825.0,40,0.594,433.0,21.0,0.826,1.0
280090,P12,563.5,22,0.406,91.0,4.0,0.174,2.0
280093,P11,24.0,3,0.038,,,,
280093,P12,606.27,30,0.962,,,,
280095,P12,688.0,35,1.0,,,,
280096,P12,659.25,33,1.0,,,,
280098,P12,48.0,2,0.19,,,,
280098,P13,24.0,1,0.095,,,,
280098,P14,168.0,8,0.667,,,,
280098,P16,12.0,1,0.048,,,,
280103,P20,1216.5,26,0.171,921.5,22.0,0.32,1.0
280103,P18,892.0,16,0.126,794.0,13.0,0.276,2.0
280103,P17,1252.5,28,0.176,532.0,10.0,0.185,3.0
280103,P09,1506.9,44,0.212,335.0,14.0,0.116,4.0
280103,P22,177.0,4,0.025,177.0,4.0,0.061,5.0
280103,P15,2054.5,41,0.289,120.0,3.0,0.042,6.0
280104,P09,1366.59,38,0.383,369.0,13.0,0.361,1.0
280104,P18,358.0,8,0.1,358.0,8.0,0.35,2.0
280104,P20,112.0,3,0.031,112.0,3.0,0.11,3.0
280104,P15,1079.0,27,0.303,94.5,3.0,0.093,4.0
280104,P22,76.0,3,0.021,76.0,3.0,0.074,5.0
280104,P17,573.0,9,0.161,12.0,1.0,0.012,6.0
280105,P18,530.0,11,0.074,490.0,10.0,0.399,1.0
280105,P17,1172.25,23,0.163,306.0,5.0,0.249,2.0
280105,P20,270.0,9,0.038,200.0,7.0,0.163,3.0
280105,P15,1990.783,40,0.277,90.0,2.0,0.073,4.0
280105,P09,3148.9,77,0.438,79.0,4.0,0.064,5.0
280105,P19,64.0,1,0.009,64.0,1.0,0.052,6.0
280105,P12,5.0,1,0.001,,,,
280105,P16,12.0,1,0.002,,,,
280106,P20,241.0,6,0.086,124.0,3.0,0.31,1.0
280106,P09,1095.55,25,0.39,115.0,4.0,0.288,2.0
280106,P15,875.0,27,0.311,89.0,5.0,0.222,3.0
280106,P18,127.0,3,0.045,72.0,2.0,0.18,4.0
280106,P17,473.0,7,0.168,,,,
280107,P14,1108.53,44,0.267,385.03,13.0,0.297,1.0
280107,P12,1485.88638298,49,0.359,338.0,11.0,0.261,2.0
280107,P20,174.0,3,0.042,174.0,3.0,0.134,3.0
280107,P22,134.0,2,0.032,134.0,2.0,0.103,4.0
280107,P09,296.57,11,0.072,122.57,4.0,0.095,5.0
280107,P11,402.0,18,0.097,82.0,3.0,0.063,6.0
280107,P15,198.0,9,0.048,48.0,1.0,0.037,7.0
280107,P16,156.0,9,0.038,12.0,1.0,0.009,8.0
280107,P10,40.0,2,0.01,,,,
280107,P13,130.0,6,0.031,,,,
280107,P17,19.5,1,0.005,,,,
280114,P09,16.0,1,0.052,,,,
280114,P11,11.5,1,0.038,,,,
280114,P12,214.0,15,0.7,,,,
280114,P14,64.0,4,0.209,,,,
280115,P10,27.0,1,0.076,,,,
280115,P12,131.0,13,0.368,,,,
280115,P14,198.0,15,0.556,,,,
280121,P16,122.0,5,0.193,92.0,4.0,0.253,1.0
280121,P13,108.0,4,0.171,84.0,3.0,0.231,2.0
280121,P09,163.0,5,0.258,67.0,2.0,0.185,3.0
280121,P11,180.0,6,0.284,60.0,1.0,0.165,4.0
280121,P22,36.0,1,0.057,36.0,1.0,0.099,5.0
280121,P15,24.0,1,0.038,24.0,1.0,0.066,6.0
280129,P11,541.0,24,0.588,72.0,4.0,1.0,1.0
280129,P10,371.9,20,0.404,,,,
280129,P12,7.0,1,0.008,,,,
280130,P11,1816.8,58,0.669,317.8,10.0,1.0,1.0
280130,P10,886.9,31,0.327,,,,
280130,P12,10.5,1,0.004,,,,
280133,P10,59.0,1,0.1,,,,
280133,P11,51.0,1,0.086,,,,
280133,P12,111.0,2,0.188,,,,
280133,P14,218.7,4,0.371,,,,
280133,P15,75.0,2,0.127,,,,
280133,P16,75.2,3,0.127,,,,
280134,P10,83.0,2,0.342,,,,
280134,P12,80.0,2,0.329,,,,
280134,P14,27.0,1,0.111,,,,
280134,P16,53.0,1,0.218,,,,
280135,P09,29.25,1,0.044,,,,
280135,P10,81.38,3,0.123,,,,
280135,P11,185.0,3,0.279,,,,
280135,P15,234.22,3,0.353,,,,
280135,P16,133.22,4,0.201,,,,
280136,P09,91.0,1,0.883,,,,
280136,P14,12.0,1,0.117,,,,
280141,P13,58.67,1,0.356,,,,
280141,P15,106.027,1,0.644,,,,
280142,P09,452.78,4,0.212,,,,
280142,P13,447.51,4,0.209,,,,
280142,P15,1238.08,19,0.579,,,,
280147,P09,542.48,8,0.321,,,,
280147,P10,102.0,3,0.06,,,,
280147,P11,307.15,8,0.182,,,,
280147,P13,277.56,6,0.164,,,,
280147,P15,229.11,4,0.136,,,,
280147,P16,230.97,7,0.137,,,,
280155,P09,80.0,2,0.526,,,,
280155,P13,48.0,2,0.316,,,,
280155,P16,24.0,1,0.158,,,,
280164,P14,799.0,40,0.578,320.0,13.0,0.748,1.0
280164,P12,583.1,34,0.422,108.0,4.0,0.252,2.0
280166,P18,918.0,18,0.072,708.0,13.0,0.282,1.0
280166,P14,6664.2,136,0.525,632.0,12.0,0.251,2.0
280166,P20,674.5,13,0.053,480.0,8.0,0.191,3.0
280166,P17,1313.0,25,0.103,450.0,9.0,0.179,4.0
280166,P09,1740.53,53,0.137,208.0,8.0,0.083,5.0
280166,P21,24.0,1,0.002,24.0,1.0,0.01,6.0
280166,P15,1348.12,31,0.106,12.0,1.0,0.005,7.0
280166,P12,12.0,1,0.001,,,,
280166,P16,8.0,1,0.001,,,,
280169,P20,1379.5,28,0.112,1041.5,20.0,0.388,1.0
280169,P11,1643.0,39,0.133,575.0,14.0,0.214,2.0
280169,P15,2323.0,38,0.188,312.0,5.0,0.116,3.0
280169,P22,258.0,5,0.021,258.0,5.0,0.096,4.0
280169,P09,2119.1,57,0.171,247.0,5.0,0.092,5.0
280169,P13,3447.17,65,0.279,115.0,3.0,0.043,6.0
280169,P16,787.0,15,0.064,70.0,3.0,0.026,7.0
280169,P17,279.75,4,0.023,68.75,2.0,0.026,8.0
280169,P10,134.0,2,0.011,,,,
280172,P09,742.1800000000001,16,0.275,,,,
280172,P10,75.0,2,0.028,,,,
280172,P11,502.75,13,0.187,,,,
280172,P13,717.77,18,0.266,,,,
280172,P15,457.0,15,0.17,,,,
280172,P16,200.0,7,0.074,,,,
280174,P12,84.0,3,1.0,,,,
280175,P15,344.01,10,1.0,,,,
280185,P15,317.58,3,0.543,,,,
280185,P16,267.63,3,0.457,,,,
280196,P09,102.0,1,0.286,,,,
280196,P11,197.2,2,0.554,,,,
280196,P15,29.67,1,0.083,,,,
280196,P16,27.25,1,0.077,,,,
280198,P09,774.9,17,0.322,,,,
280198,P11,431.42,8,0.179,,,,
280198,P13,400.5,6,0.166,,,,
280198,P15,372.5,7,0.155,,,,
280198,P16,430.3,8,0.179,,,,
280204,P14,658.5,20,0.908,,,,
280204,P15,67.0,3,0.092,,,,
280205,P09,269.85,5,0.221,,,,
280205,P10,128.75,3,0.105,,,,
280205,P11,100.97999999999999,5,0.083,,,,
280205,P13,55.62,2,0.046,,,,
280205,P15,339.45,10,0.278,,,,
280205,P16,326.0,8,0.267,,,,
280206,P09,761.75,13,0.038,,,,
280206,P10,11554.11,127,0.576,,,,
280206,P11,3188.75,41,0.159,,,,
280206,P12,8.0,1,0.0,,,,
280206,P13,2168.567,29,0.108,,,,
280206,P14,8.0,1,0.0,,,,
280206,P15,722.62,11,0.036,,,,
280206,P16,1640.78,20,0.082,,,,
280212,P18,729.0,14,0.156,490.0,8.0,0.324,1.0
280212,P21,288.5,6,0.062,288.5,6.0,0.191,2.0
280212,P11,470.62,17,0.1,208.62,6.0,0.138,3.0
280212,P22,168.0,4,0.036,168.0,4.0,0.111,4.0
280212,P16,456.0,12,0.097,157.0,4.0,0.104,5.0
280212,P13,1049.0,26,0.224,103.0,3.0,0.068,6.0
280212,P15,862.5,26,0.184,44.0,1.0,0.029,7.0
280212,P17,286.5,10,0.061,29.5,2.0,0.02,8.0
280212,P19,36.0,2,0.008,24.0,1.0,0.016,9.0
280212,P09,225.0,9,0.048,,,,
280212,P10,114.0,4,0.024,,,,
280213,P21,316.0,6,0.073,316.0,6.0,0.267,1.0
280213,P17,564.0,15,0.13,232.0,4.0,0.196,2.0
280213,P19,312.0,9,0.072,192.0,5.0,0.163,3.0
280213,P18,450.5,14,0.104,150.0,6.0,0.127,4.0
280213,P16,409.7,12,0.094,126.5,4.0,0.107,5.0
280213,P11,527.22,19,0.122,105.0,2.0,0.089,6.0
280213,P15,732.86,22,0.169,36.0,2.0,0.03,7.0
280213,P13,667.0,17,0.154,24.0,1.0,0.02,8.0
280213,P09,283.7,7,0.065,,,,
280213,P10,74.1,4,0.017,,,,
280214,P09,566.8,12,0.113,,,,
280214,P10,175.5,3,0.035,,,,
280214,P11,583.3,11,0.116,,,,
280214,P13,668.0,9,0.133,,,,
280214,P15,1723.03,31,0.343,,,,
280214,P16,1309.0,21,0.26,,,,
280216,P14,24.0,2,0.013,,,,
280216,P15,1794.32,22,0.987,,,,
280222,P21,879.56,14,0.054,879.56,14.0,0.339,1.0
280222,P17,2154.17,37,0.133,696.0,12.0,0.268,2.0
280222,P18,2460.0,39,0.151,525.0,9.0,0.202,3.0
280222,P19,354.5,9,0.022,151.5,4.0,0.058,4.0
280222,P13,2198.0,34,0.135,114.0,2.0,0.044,5.0
280222,P16,3186.62,41,0.196,106.0,3.0,0.041,6.0
280222,P15,1742.7,33,0.107,84.0,2.0,0.032,7.0
280222,P11,1357.05,24,0.083,42.0,1.0,0.016,8.0
280222,P09,947.93,22,0.058,,,,
280222,P10,972.25,14,0.06,,,,
280223,P12,165.7,10,1.0,,,,
280225,P12,157.058510638,10,1.0,,,,
280226,P12,124.0,8,1.0,,,,
280227,P12,163.0,9,1.0,,,,
280228,P12,98.0,6,1.0,,,,
280229,P12,116.411347518,9,1.0,,,,
280230,P12,156.55,10,1.0,,,,
280232,P12,56.05,5,0.7,,,,
280232,P18,24.0,1,0.3,,,,
280233,P13,1748.5,24,1.0,,,,
280234,P13,1509.0,24,0.992,,,,
280234,P17,12.0,1,0.008,,,,
280235,P09,12.0,1,0.014,,,,
280235,P13,831.8,16,0.986,,,,
280236,P11,169.0,6,0.201,,,,
280236,P14,671.0,26,0.799,,,,
280237,P11,84.0,4,0.202,,,,
280237,P13,24.0,1,0.058,,,,
280237,P14,308.35,12,0.741,,,,
280238,P11,313.7,10,0.342,,,,
280238,P14,603.0,27,0.658,,,,
280239,P11,210.6,8,0.22,,,,
280239,P14,746.5,29,0.78,,,,
280240,P10,24.0,1,0.05,,,,
280240,P11,460.0,17,0.95,,,,
280241,P11,24.0,1,0.119,,,,
280241,P12,98.0,3,0.488,,,,
280241,P13,24.0,1,0.119,,,,
280241,P14,55.0,2,0.274,,,,
280242,P11,36.0,1,0.283,,,,
280242,P12,91.0,1,0.717,,,,
280243,P13,115.0,3,0.362,,,,
280243,P15,95.0,4,0.299,,,,
280243,P16,108.0,5,0.34,,,,
280244,P20,542.0,12,0.229,392.0,8.0,0.363,1.0
280244,P14,1048.37,17,0.444,283.0,7.0,0.262,2.0
280244,P12,325.23,7,0.138,187.75,5.0,0.174,3.0
280244,P09,143.0,3,0.061,119.0,2.0,0.11,4.0
280244,P13,86.0,3,0.036,50.0,2.0,0.046,5.0
280244,P11,48.0,2,0.02,24.0,1.0,0.022,6.0
280244,P15,24.0,1,0.01,24.0,1.0,0.022,7.0
280244,P17,146.0,3,0.062,,,,
280245,P11,139.0,2,0.141,,,,
280245,P12,228.0,4,0.231,,,,
280245,P13,72.0,1,0.073,,,,
280245,P14,347.0,7,0.351,,,,
280245,P17,19.0,1,0.019,,,,
280245,P20,184.0,2,0.186,,,,
280246,P09,60.0,4,0.119,,,,
280246,P11,48.0,2,0.095,,,,
280246,P13,216.57,3,0.43,,,,
280246,P20,179.0,3,0.355,,,,
280247,P13,507.0,6,1.0,,,,
280256,P13,3297.72,43,0.173,2844.72,35.0,0.33,1.0
280256,P12,7829.5,109,0.412,2243.0,30.0,0.26,2.0
280256,P19,2054.0,27,0.108,2054.0,27.0,0.238,3.0
280256,P16,1997.5,35,0.105,666.5,12.0,0.077,4.0
280256,P11,1609.5,28,0.085,372.0,8.0,0.043,5.0
280256,P17,176.0,2,0.009,176.0,2.0,0.02,6.0
280256,P09,169.0,5,0.009,169.0,5.0,0.02,7.0
280256,P15,1236.0,22,0.065,63.0,1.0,0.007,8.0
280256,P21,24.0,1,0.001,24.0,1.0,0.003,9.0
280256,P10,624.67,7,0.033,,,,
280264,P11,9767.8,147,0.601,2321.1,39.0,0.348,1.0
280264,P16,1678.0,26,0.103,1678.0,26.0,0.252,2.0
280264,P13,3801.5,56,0.234,1666.5,26.0,0.25,3.0
280264,P15,517.5,8,0.032,517.5,8.0,0.078,4.0
280264,P09,366.18,7,0.023,366.18,7.0,0.055,5.0
280264,P20,112.0,2,0.007,112.0,2.0,0.017,6.0
280284,P12,100.0,2,0.342,,,,
280284,P13,78.0,1,0.267,,,,
280284,P14,114.0,3,0.39,,,,
280285,P12,36.0,1,0.375,,,,
280285,P14,60.0,1,0.625,,,,
280286,P09,72.0,2,0.444,,,,
280286,P16,90.0,2,0.556,,,,
280287,P12,88.0,4,1.0,,,,
280298,P11,468.0,6,1.0,372.0,5.0,1.0,1.0
280315,P09,1802.57,46,0.993,,,,
280315,P10,12.0,1,0.007,,,,
280316,P09,662.6,26,0.932,,,,
280316,P11,48.0,2,0.068,,,,
280317,P09,878.03,28,1.0,,,,
280318,P16,313.25,8,0.096,313.25,8.0,0.215,1.0
280318,P11,474.0,13,0.145,304.0,8.0,0.209,2.0
280318,P20,319.0,9,0.097,288.0,7.0,0.198,3.0
280318,P22,252.0,5,0.077,252.0,5.0,0.173,4.0
280318,P13,404.0,16,0.123,96.0,3.0,0.066,5.0
280318,P09,1240.5,39,0.379,84.0,3.0,0.058,6.0
280318,P15,223.0,10,0.068,72.0,3.0,0.049,7.0
280318,P17,24.0,1,0.007,24.0,1.0,0.016,8.0
280318,P18,24.0,1,0.007,24.0,1.0,0.016,9.0
280323,P19,1978.5,29,0.302,554.0,9.0,0.235,1.0
280323,P16,679.25,14,0.104,540.25,12.0,0.229,2.0
280323,P21,307.5,7,0.047,307.5,7.0,0.131,3.0
280323,P17,1036.25,30,0.158,305.25,9.0,0.13,4.0
280323,P20,497.75,11,0.076,273.75,7.0,0.116,5.0
280323,P18,965.0,24,0.147,188.0,6.0,0.08,6.0
280323,P22,156.0,5,0.024,156.0,5.0,0.066,7.0
280323,P15,770.0,18,0.117,24.0,1.0,0.01,8.0
280323,P09,145.0,4,0.022,6.0,1.0,0.003,9.0
280323,P11,12.0,1,0.002,,,,
280323,P14,12.0,1,0.002,,,,
280324,P21,1753.12,25,0.077,1753.12,25.0,0.241,1.0
280324,P18,4992.25,76,0.22,1633.5,27.0,0.225,2.0
280324,P19,3066.5,46,0.135,1216.0,19.0,0.167,3.0
280324,P17,5237.5,85,0.231,973.0,19.0,0.134,4.0
280324,P20,956.5,17,0.042,884.5,15.0,0.122,5.0
280324,P22,353.0,11,0.016,353.0,11.0,0.049,6.0
280324,P16,2249.13,31,0.099,270.0,5.0,0.037,7.0
280324,P09,2742.0,41,0.121,163.0,5.0,0.022,8.0
280324,P15,1292.8,29,0.057,24.0,1.0,0.003,9.0
280324,P13,12.0,1,0.001,,,,
280325,P09,620.69,14,0.196,,,,
280325,P11,242.0,6,0.076,,,,
280325,P12,12.0,1,0.004,,,,
280325,P13,812.0,12,0.257,,,,
280325,P15,882.0,12,0.279,,,,
280325,P16,584.0,9,0.185,,,,
280325,P17,12.0,1,0.004,,,,
280326,P11,428.0,13,0.775,,,,
280326,P13,57.0,3,0.103,,,,
280326,P14,67.0,1,0.121,,,,
280327,P11,384.0,13,0.296,,,,
280327,P13,901.0,21,0.695,,,,
280327,P16,12.0,1,0.009,,,,
280344,P18,1430.1,30,0.483,1270.1,28.0,0.512,1.0
280344,P20,871.12,22,0.294,579.12,15.0,0.233,2.0
280344,P09,208.0,4,0.07,184.0,3.0,0.074,3.0
280344,P17,172.0,4,0.058,172.0,4.0,0.069,4.0
280344,P15,170.53,5,0.058,170.53,5.0,0.069,5.0
280344,P22,107.0,2,0.036,107.0,2.0,0.043,6.0
280345,P14,536.63,20,0.905,536.63,20.0,0.905,1.0
280345,P11,56.5,2,0.095,56.5,2.0,0.095,2.0
280347,P14,371.0,14,1.0,371.0,14.0,1.0,1.0
280348,P15,1704.35,37,0.794,1216.35,24.0,0.739,1.0
280348,P16,442.0,12,0.206,430.0,11.0,0.261,2.0
280351,P19,6389.15,68,0.095,6389.15,68.0,0.269,1.0
280351,P10,23587.11,206,0.351,5452.5,47.0,0.229,2.0
280351,P16,20518.55,197,0.305,4827.15,45.0,0.203,3.0
280351,P13,6429.72,75,0.096,4580.72,54.0,0.193,4.0
280351,P15,5449.95,73,0.081,2279.95,28.0,0.096,5.0
280351,P09,257.0,10,0.004,135.0,4.0,0.006,6.0
280351,P20,64.0,1,0.001,64.0,1.0,0.003,7.0
280351,P11,3832.2,60,0.057,60.0,2.0,0.003,8.0
280351,P12,24.0,2,0.0,,,,
280351,P17,31.0,2,0.0,,,,
280351,P18,708.0,4,0.011,,,,
280352,P15,12.0,1,0.005,12.0,1.0,0.5,1.0
280352,P16,12.0,1,0.005,12.0,1.0,0.5,2.0
280352,P10,24.0,1,0.01,,,,
280352,P11,2464.0,46,0.976,,,,
280352,P12,12.0,1,0.005,,,,
280355,P09,24.0,1,0.333,,,,
280355,P13,48.0,2,0.667,,,,
280357,P13,134.0,1,1.0,,,,
280358,P11,90.0,3,1.0,90.0,3.0,1.0,1.0
280362,P14,714.0,16,0.574,98.0,3.0,0.49,1.0
280362,P13,391.5,15,0.315,61.0,4.0,0.305,2.0
280362,P11,139.0,6,0.112,41.0,2.0,0.205,3.0
280365,P11,261.0,10,0.201,132.0,4.0,0.632,1.0
280365,P13,351.0,9,0.271,57.0,2.0,0.273,2.0
280365,P14,685.0,13,0.528,20.0,1.0,0.096,3.0
280375,P12,769.0,34,0.985,401.0,18.0,1.0,1.0
280375,P13,12.0,1,0.015,,,,
280376,P12,922.5,34,1.0,443.0,16.0,1.0,1.0
280377,P12,894.5,35,1.0,289.0,13.0,1.0,1.0
280378,P12,489.49,28,1.0,254.12,15.0,1.0,1.0
280379,P12,1040.0,36,1.0,518.0,17.0,1.0,1.0
280380,P12,1316.5,40,1.0,575.0,18.0,1.0,1.0
280383,P14,158.0,9,0.396,67.0,3.0,1.0,1.0
280383,P12,241.0,12,0.604,,,,
280384,P14,120.0,7,0.374,60.0,3.0,1.0,1.0
280384,P12,201.0,12,0.626,,,,
280385,P12,151.0,10,0.759,,,,
280385,P14,48.0,3,0.241,,,,
280388,P10,72.0,5,0.545,,,,
280388,P16,60.0,3,0.455,,,,
280391,P09,775.0,23,0.305,268.0,7.0,0.618,1.0
280391,P18,138.0,3,0.054,126.0,2.0,0.29,2.0
280391,P15,1100.5,20,0.434,24.0,1.0,0.055,3.0
280391,P17,440.5,11,0.174,16.0,1.0,0.037,4.0
280391,P10,4.0,1,0.002,,,,
280391,P20,79.0,2,0.031,,,,
280395,P15,325.0,1,1.0,,,,
280396,P15,12.0,1,0.158,,,,
280396,P17,64.0,1,0.842,,,,
280397,P12,292.0,14,1.0,292.0,14.0,1.0,1.0
280401,P14,24.0,2,0.099,12.0,1.0,1.0,1.0
280401,P12,218.0,11,0.901,,,,
280403,P12,105.0,6,1.0,,,,
280404,P14,36.0,2,0.429,12.0,1.0,1.0,1.0
280404,P12,48.0,2,0.571,,,,
280405,P17,974.0,21,0.177,268.0,5.0,0.249,1.0
280405,P18,438.0,9,0.079,244.0,5.0,0.227,2.0
280405,P11,552.0,14,0.1,234.0,5.0,0.218,3.0
280405,P15,1719.0,26,0.312,174.0,4.0,0.162,4.0
280405,P19,94.0,3,0.017,94.0,3.0,0.087,5.0
280405,P21,37.0,1,0.007,37.0,1.0,0.034,6.0
280405,P16,565.5,11,0.102,24.0,1.0,0.022,7.0
280405,P09,247.0,4,0.045,,,,
280405,P10,79.0,1,0.014,,,,
280405,P13,812.0,13,0.147,,,,
280421,P18,877.83,19,0.255,697.83,16.0,0.356,1.0
280421,P09,1189.25,34,0.345,545.25,16.0,0.278,2.0
280421,P20,424.0,10,0.123,382.0,9.0,0.195,3.0
280421,P15,379.0,11,0.11,132.0,3.0,0.067,4.0
280421,P22,113.0,2,0.033,113.0,2.0,0.058,5.0
280421,P17,466.0,10,0.135,92.0,5.0,0.047,6.0
280425,P09,131.5,3,0.271,131.5,3.0,0.334,1.0
280425,P16,108.0,4,0.222,108.0,4.0,0.274,2.0
280425,P13,84.0,4,0.173,48.0,2.0,0.122,3.0
280425,P15,48.0,2,0.099,48.0,2.0,0.122,4.0
280425,P22,46.0,1,0.095,46.0,1.0,0.117,5.0
280425,P11,68.5,4,0.141,12.0,1.0,0.03,6.0
280426,P12,567.6,21,1.0,389.6,12.0,1.0,1.0
280435,P11,76.5,4,1.0,16.5,1.0,1.0,1.0
280436,P12,236.0,10,1.0,236.0,10.0,1.0,1.0
280450,P09,215.0,12,0.428,78.0,3.0,0.364,1.0
280450,P11,66.0,3,0.131,66.0,3.0,0.308,2.0
280450,P16,37.0,2,0.074,37.0,2.0,0.173,3.0
280450,P13,148.0,6,0.295,33.0,1.0,0.154,4.0
280450,P15,36.0,1,0.072,,,,
280451,P09,1385.05,43,0.428,641.55,24.0,0.363,1.0
280451,P20,292.0,7,0.09,292.0,7.0,0.165,2.0
280451,P17,736.1,11,0.227,216.1,5.0,0.122,3.0
280451,P18,227.0,6,0.07,203.0,5.0,0.115,4.0
280451,P15,372.55,9,0.115,186.55,6.0,0.106,5.0
280451,P22,164.0,4,0.051,164.0,4.0,0.093,6.0
280451,P21,63.0,1,0.019,63.0,1.0,0.036,7.0
280452,P09,991.8,35,0.542,494.8,19.0,0.429,1.0
280452,P18,276.0,8,0.151,264.0,7.0,0.229,2.0
280452,P17,236.0,5,0.129,172.0,3.0,0.149,3.0
280452,P22,138.0,4,0.075,138.0,4.0,0.12,4.0
280452,P15,168.0,5,0.092,84.0,3.0,0.073,5.0
280452,P10,19.0,1,0.01,,,,
280453,P09,1134.0,33,0.614,511.0,13.0,0.48,1.0
280453,P18,196.0,5,0.106,196.0,5.0,0.184,2.0
280453,P22,154.0,3,0.083,154.0,3.0,0.145,3.0
280453,P20,148.0,4,0.08,148.0,4.0,0.139,4.0
280453,P15,143.0,3,0.077,31.0,1.0,0.029,5.0
280453,P17,72.0,2,0.039,24.0,1.0,0.023,6.0
280454,P16,180.0,6,0.236,180.0,6.0,0.75,1.0
280454,P18,301.0,6,0.394,48.0,1.0,0.2,2.0
280454,P20,12.0,1,0.016,12.0,1.0,0.05,3.0
280454,P15,194.0,4,0.254,,,,
280454,P17,12.0,1,0.016,,,,
280454,P19,64.0,1,0.084,,,,
280478,P14,972.0,29,0.51,972.0,29.0,0.586,1.0
280478,P09,934.5,25,0.49,687.5,20.0,0.414,2.0
280480,P21,2910.85,35,0.198,2910.85,35.0,0.277,1.0
280480,P17,2897.75,42,0.197,2355.5,34.0,0.224,2.0
280480,P18,3399.75,59,0.231,2052.75,37.0,0.195,3.0
280480,P19,3297.33,45,0.224,1278.33,18.0,0.121,4.0
280480,P22,917.0,15,0.062,917.0,15.0,0.087,5.0
280480,P20,463.25,8,0.031,463.25,8.0,0.044,6.0
280480,P16,276.32,5,0.019,276.32,5.0,0.026,7.0
280480,P13,112.0,2,0.008,112.0,2.0,0.011,8.0
280480,P15,341.0,6,0.023,96.0,1.0,0.009,9.0
280480,P11,84.0,2,0.006,48.0,1.0,0.005,10.0
280480,P09,12.0,1,0.001,12.0,1.0,0.001,11.0
280488,P12,220.27,16,1.0,204.27,14.0,1.0,1.0
280489,P21,262.0,5,0.231,262.0,5.0,0.337,1.0
280489,P19,411.0,5,0.362,251.0,3.0,0.323,2.0
280489,P18,373.0,5,0.329,176.0,2.0,0.227,3.0
280489,P17,64.0,2,0.056,64.0,2.0,0.082,4.0
280489,P09,24.0,1,0.021,24.0,1.0,0.031,5.0
280490,P18,732.0,14,0.299,732.0,14.0,0.299,1.0
280490,P21,489.0,12,0.2,489.0,12.0,0.2,2.0
280490,P17,457.0,7,0.187,457.0,7.0,0.187,3.0
280490,P16,314.0,6,0.128,314.0,6.0,0.128,4.0
280490,P22,228.0,4,0.093,228.0,4.0,0.093,5.0
280490,P20,96.0,3,0.039,96.0,3.0,0.039,6.0
280490,P09,54.0,1,0.022,54.0,1.0,0.022,7.0
280490,P15,54.0,2,0.022,54.0,2.0,0.022,8.0
280490,P13,24.0,2,0.01,24.0,2.0,0.01,9.0
280493,P09,502.5,18,0.738,339.5,13.0,0.762,1.0
280493,P15,70.0,2,0.103,70.0,2.0,0.157,2.0
280493,P18,108.0,3,0.159,36.0,1.0,0.081,3.0
280516,P20,95.0,1,1.0,,,,
280517,P09,36.0,1,0.268,36.0,1.0,0.643,1.0
280517,P11,20.0,1,0.149,20.0,1.0,0.357,2.0
280517,P13,78.5,3,0.584,,,,
280539,P12,313.5,11,1.0,313.5,11.0,1.0,1.0
280541,P09,114.0,3,0.444,114.0,3.0,0.444,1.0
280541,P11,50.0,1,0.195,50.0,1.0,0.195,2.0
280541,P16,42.0,1,0.163,42.0,1.0,0.163,3.0
280541,P15,36.0,1,0.14,36.0,1.0,0.14,4.0
280541,P18,15.0,1,0.058,15.0,1.0,0.058,5.0
280557,P09,24.0,1,1.0,24.0,1.0,1.0,1.0
280559,P16,248.5,8,0.505,248.5,8.0,0.505,1.0
280559,P21,160.0,4,0.325,160.0,4.0,0.325,2.0
280559,P15,60.0,2,0.122,60.0,2.0,0.122,3.0
280559,P18,24.0,1,0.049,24.0,1.0,0.049,4.0
280563,P16,620.0,15,0.512,620.0,15.0,0.512,1.0
280563,P11,484.0,8,0.399,484.0,8.0,0.399,2.0
280563,P15,60.0,1,0.05,60.0,1.0,0.05,3.0
280563,P09,48.0,1,0.04,48.0,1.0,0.04,4.0
280564,P16,240.5,6,0.531,240.5,6.0,0.531,1.0
280564,P21,136.0,4,0.301,136.0,4.0,0.301,2.0
280564,P18,40.0,2,0.088,40.0,2.0,0.088,3.0
280564,P11,36.0,1,0.08,36.0,1.0,0.08,4.0
280566,P11,306.0,5,0.421,306.0,5.0,0.421,1.0
280566,P09,174.5,5,0.24,174.5,5.0,0.24,2.0
280566,P16,150.0,4,0.206,150.0,4.0,0.206,3.0
280566,P15,96.0,2,0.132,96.0,2.0,0.132,4.0
280567,P18,248.0,2,0.954,248.0,2.0,0.954,1.0
280567,P16,12.0,1,0.046,12.0,1.0,0.046,2.0
280571,P14,435.0,11,0.511,435.0,11.0,0.511,1.0
280571,P09,386.0,9,0.453,386.0,9.0,0.453,2.0
280571,P11,30.5,2,0.036,30.5,2.0,0.036,3.0
280572,P14,217.0,6,0.388,217.0,6.0,0.388,1.0
280572,P09,210.0,6,0.376,210.0,6.0,0.376,2.0
280572,P11,132.0,3,0.236,132.0,3.0,0.236,3.0
280573,P09,114.0,4,0.502,114.0,4.0,0.502,1.0
280573,P14,108.0,3,0.475,108.0,3.0,0.475,2.0
280573,P11,5.23,1,0.023,5.23,1.0,0.023,3.0
280574,P09,366.0,5,0.455,366.0,5.0,0.455,1.0
280574,P11,318.0,4,0.396,318.0,4.0,0.396,2.0
280574,P14,108.0,4,0.134,108.0,4.0,0.134,3.0
280574,P13,12.0,1,0.015,12.0,1.0,0.015,4.0
280576,P09,120.0,4,0.556,120.0,4.0,0.556,1.0
280576,P13,60.0,1,0.278,60.0,1.0,0.278,2.0
280576,P11,36.0,1,0.167,36.0,1.0,0.167,3.0
280578,P11,147.0,4,0.731,147.0,4.0,0.731,1.0
280578,P09,54.0,3,0.269,54.0,3.0,0.269,2.0
280581,P09,948.0,24,0.684,948.0,24.0,0.684,1.0
280581,P11,438.0,9,0.316,438.0,9.0,0.316,2.0
280582,P09,169.0,8,0.701,169.0,8.0,0.701,1.0
280582,P11,72.0,3,0.299,72.0,3.0,0.299,2.0
280583,P20,719.0,19,0.71,719.0,19.0,0.71,1.0
280583,P09,294.0,8,0.29,294.0,8.0,0.29,2.0
280584,P20,800.0,22,0.782,800.0,22.0,0.782,1.0
280584,P09,211.5,6,0.207,211.5,6.0,0.207,2.0
280584,P19,12.0,1,0.012,12.0,1.0,0.012,3.0
280585,P20,824.0,17,0.802,824.0,17.0,0.802,1.0
280585,P09,203.0,7,0.198,203.0,7.0,0.198,2.0
280586,P20,516.0,10,0.608,516.0,10.0,0.608,1.0
280586,P09,332.0,11,0.392,332.0,11.0,0.392,2.0
280587,P09,282.0,10,0.758,282.0,10.0,0.758,1.0
280587,P20,90.12,2,0.242,90.12,2.0,0.242,2.0
280588,P09,243.0,7,0.953,243.0,7.0,0.953,1.0
280588,P20,12.0,1,0.047,12.0,1.0,0.047,2.0
280589,P20,36.0,1,1.0,36.0,1.0,1.0,1.0
280590,P21,265.0,6,0.233,265.0,6.0,0.233,1.0
280590,P22,200.0,5,0.176,200.0,5.0,0.176,2.0
280590,P16,197.5,6,0.174,197.5,6.0,0.174,3.0
280590,P18,161.5,6,0.142,161.5,6.0,0.142,4.0
280590,P11,124.0,5,0.109,124.0,5.0,0.109,5.0
280590,P17,84.0,2,0.074,84.0,2.0,0.074,6.0
280590,P09,64.0,1,0.056,64.0,1.0,0.056,7.0
280590,P19,40.0,1,0.035,40.0,1.0,0.035,8.0
280591,P21,464.0,10,0.302,452.0,9.0,0.297,1.0
280591,P22,398.0,6,0.259,398.0,6.0,0.261,2.0
280591,P16,278.5,6,0.181,278.5,6.0,0.183,3.0
280591,P17,152.0,3,0.099,152.0,3.0,0.1,4.0
280591,P18,126.0,3,0.082,126.0,3.0,0.083,5.0
280591,P15,66.0,1,0.043,66.0,1.0,0.043,6.0
280591,P11,36.0,1,0.023,36.0,1.0,0.024,7.0
280591,P19,14.0,1,0.009,14.0,1.0,0.009,8.0
280592,P17,136.0,2,0.274,136.0,2.0,0.274,1.0
280592,P16,132.0,5,0.265,132.0,5.0,0.265,2.0
280592,P21,109.25,4,0.22,109.25,4.0,0.22,3.0
280592,P11,54.0,2,0.109,54.0,2.0,0.109,4.0
280592,P09,42.0,1,0.084,42.0,1.0,0.084,5.0
280592,P18,24.0,1,0.048,24.0,1.0,0.048,6.0
280601,P14,328.78,11,0.863,328.78,11.0,0.863,1.0
280601,P11,36.0,2,0.095,36.0,2.0,0.095,2.0
280601,P16,16.0,1,0.042,16.0,1.0,0.042,3.0
280602,P14,265.0,12,0.936,265.0,12.0,0.936,1.0
280602,P11,18.0,1,0.064,18.0,1.0,0.064,2.0
280605,P15,222.5,4,0.538,222.5,4.0,0.538,1.0
280605,P12,191.0,5,0.462,191.0,5.0,0.462,2.0
280607,P15,110.0,3,0.615,110.0,3.0,0.615,1.0
280607,P12,69.0,2,0.385,69.0,2.0,0.385,2.0
280609,P15,118.5,5,1.0,118.5,5.0,1.0,1.0
280610,P15,305.0,7,1.0,305.0,7.0,1.0,1.0
280611,P12,246.8,5,1.0,246.8,5.0,1.0,1.0
280612,P12,279.5,11,0.889,279.5,11.0,0.889,1.0
280612,P15,35.0,1,0.111,35.0,1.0,0.111,2.0
280613,P12,245.5,9,0.588,245.5,9.0,0.588,1.0
280613,P15,172.0,4,0.412,172.0,4.0,0.412,2.0
280614,P12,304.7,9,0.705,304.7,9.0,0.705,1.0
280614,P15,127.75,3,0.295,127.75,3.0,0.295,2.0
280615,P12,68.2,3,1.0,68.2,3.0,1.0,1.0
280616,P15,72.0,1,1.0,72.0,1.0,1.0,1.0
280617,P15,217.0,5,1.0,217.0,5.0,1.0,1.0
280622,P15,155.5,4,0.633,155.5,4.0,0.633,1.0
280622,P12,90.0,4,0.367,90.0,4.0,0.367,2.0
280624,P15,28.5,1,1.0,28.5,1.0,1.0,1.0
280642,P14,20.0,1,0.625,20.0,1.0,0.625,1.0
280642,P22,12.0,1,0.375,12.0,1.0,0.375,2.0
280644,P16,24.0,2,1.0,24.0,2.0,1.0,1.0
280647,P22,289.0,4,0.46,289.0,4.0,0.46,1.0
280647,P18,128.0,2,0.204,128.0,2.0,0.204,2.0
280647,P21,111.0,3,0.177,111.0,3.0,0.177,3.0
280647,P17,100.0,2,0.159,100.0,2.0,0.159,4.0
280652,P15,215.0,4,1.0,215.0,4.0,1.0,1.0
280659,P14,497.0,7,0.491,497.0,7.0,0.491,1.0
280659,P22,251.0,7,0.248,251.0,7.0,0.248,2.0
280659,P20,192.5,5,0.19,192.5,5.0,0.19,3.0
280659,P09,42.0,2,0.041,42.0,2.0,0.041,4.0
280659,P11,30.0,1,0.03,30.0,1.0,0.03,5.0
280660,P11,369.0,7,0.431,369.0,7.0,0.431,1.0
280660,P09,246.0,6,0.287,246.0,6.0,0.287,2.0
280660,P14,242.0,7,0.282,242.0,7.0,0.282,3.0
280673,P09,184.0,4,0.692,184.0,4.0,0.692,1.0
280673,P11,82.0,3,0.308,82.0,3.0,0.308,2.0
280674,P20,184.0,2,0.773,184.0,2.0,0.773,1.0
280674,P16,30.0,1,0.126,30.0,1.0,0.126,2.0
280674,P22,24.0,1,0.101,24.0,1.0,0.101,3.0
280682,P22,196.0,3,0.636,196.0,3.0,0.636,1.0
280682,P21,88.0,1,0.286,88.0,1.0,0.286,2.0
280682,P11,24.0,2,0.078,24.0,2.0,0.078,3.0
280683,P16,140.0,2,0.686,140.0,2.0,0.686,1.0
280683,P21,40.0,1,0.196,40.0,1.0,0.196,2.0
280683,P11,24.0,1,0.118,24.0,1.0,0.118,3.0
280684,P22,63.0,1,0.724,63.0,1.0,0.724,1.0
280684,P09,24.0,1,0.276,24.0,1.0,0.276,2.0
280686,P21,748.5,8,0.53,748.5,8.0,0.53,1.0
280686,P18,593.0,8,0.42,593.0,8.0,0.42,2.0
280686,P09,36.0,1,0.025,36.0,1.0,0.025,3.0
280686,P17,36.0,1,0.025,36.0,1.0,0.025,4.0
280689,P15,799.75,13,1.0,799.75,13.0,1.0,1.0
280698,P15,152.0,4,1.0,152.0,4.0,1.0,1.0
570223,P09,96.0,4,0.522,96.0,4.0,0.522,1.0
570223,P18,64.0,2,0.348,64.0,2.0,0.348,2.0
570223,P15,24.0,1,0.13,24.0,1.0,0.13,3.0
570261,P17,1290.5,25,0.517,1290.5,25.0,0.517,1.0
570261,P21,594.5,12,0.238,594.5,12.0,0.238,2.0
570261,P18,200.0,5,0.08,200.0,5.0,0.08,3.0
570261,P20,181.0,5,0.073,181.0,5.0,0.073,4.0
570261,P22,164.0,3,0.066,164.0,3.0,0.066,5.0
570261,P16,66.0,1,0.026,66.0,1.0,0.026,6.0
570468,P09,184.5,9,1.0,184.5,9.0,1.0,1.0
570471,P16,60.0,2,1.0,60.0,2.0,1.0,1.0
570475,P14,90.0,2,1.0,90.0,2.0,1.0,1.0
570560,P16,84.0,3,1.0,84.0,3.0,1.0,1.0
