sku,n_lines,lines,pouch_weight_g,first_run,last_run,single_equiv_n_runs,single_equiv_hrs,single_equiv_kg,single_equiv_rate_kgph,single_equiv_rate_p20,single_equiv_rate_p80,single_equiv_oee_mean_hw,recent_single_equiv_n_runs,recent_single_equiv_hrs,recent_single_equiv_kg,recent_single_equiv_rate_kgph,recent_single_equiv_rate_p20,recent_single_equiv_rate_p80,recent_single_equiv_oee_mean_hw
120430,8,P09|P10|P11|P12|P13|P14|P15|P16,90.0,2018-01-02,2026-04-18,241,7777.0,5721724.0,735.7,626.9,853.8,0.655,37,1361.7,944135.0,693.4,625.4,783.5,0.6173
120431,8,P09|P10|P11|P12|P13|P14|P15|P16,90.0,2018-01-09,2026-04-10,205,7241.1,5226707.0,721.8,626.5,824.1,0.6455,29,925.0,602019.0,650.8,566.6,755.6,0.6015
120433,7,P09|P10|P11|P12|P13|P14|P16,90.0,2018-01-08,2026-02-09,99,3045.9,2234193.0,733.5,654.7,848.4,0.653,10,282.0,181044.0,642.0,447.0,778.4,0.5716
120434,2,P12|P14,90.0,2020-03-15,2024-11-24,27,842.5,579820.0,688.2,624.9,782.3,0.6127,2,36.0,22518.0,625.5,591.6,686.5,0.5569
120435,5,P10|P11|P12|P14|P15,90.0,2018-01-03,2022-11-02,59,1361.7,1028315.0,755.2,660.8,836.1,0.6723,0,0.0,0.0,,,,
120436,11,P09|P10|P11|P12|P13|P14|P15|P16|P17|P20|P22,90.0,2018-01-02,2026-08-16,449,18506.8,14400763.0,778.1,691.4,885.9,0.6928,93,4358.7,3265181.0,749.1,651.1,865.1,0.6669
120437,11,P09|P10|P11|P12|P13|P14|P15|P16|P17|P20|P22,90.0,2018-01-18,2026-09-01,344,14158.8,10965913.0,774.5,676.8,884.0,0.69,52,2041.9,1469653.0,719.7,623.1,842.2,0.6442
120441,2,P10|P14,90.0,2020-03-10,2020-10-07,3,70.0,47001.0,671.4,368.5,824.0,0.5978,0,0.0,0.0,,,,
120442,5,P10|P11|P12|P14|P15,90.0,2018-01-11,2019-08-05,6,77.6,60729.0,782.9,693.3,954.5,0.697,0,0.0,0.0,,,,
120444,8,P09|P10|P11|P12|P13|P14|P15|P16,90.0,2018-01-10,2026-03-15,110,2734.8,2017579.0,737.7,637.3,853.4,0.6568,8,101.5,65622.0,646.5,542.8,748.0,0.5756
120445,5,P11|P12|P13|P14|P16,90.0,2020-02-17,2022-08-29,39,1151.2,740816.0,643.5,545.3,731.9,0.5729,0,0.0,0.0,,,,
120447,3,P11|P12|P14,90.0,2020-02-20,2021-10-14,11,262.0,167394.0,638.9,549.2,737.8,0.5688,0,0.0,0.0,,,,
120448,12,P09|P10|P11|P12|P13|P14|P15|P16|P17|P18|P20|P22,90.0,2018-01-08,2026-08-30,310,13527.9,10368516.0,766.5,660.6,887.4,0.6824,73,3646.5,2459573.0,674.5,569.8,800.4,0.6005
120450,6,P09|P10|P12|P13|P14|P15,90.0,2018-01-02,2026-08-24,113,2514.1,1767378.0,703.0,611.1,826.9,0.6259,21,471.5,306351.0,649.7,587.3,707.7,0.5785
120451,5,P10|P11|P12|P14|P15,90.0,2018-01-02,2026-07-05,75,1272.0,899588.0,707.2,610.2,814.9,0.6297,15,233.0,151850.0,651.7,525.0,746.9,0.5802
120452,4,P10|P11|P12|P14,90.0,2018-03-14,2020-10-04,13,195.3,134400.0,688.1,594.7,791.5,0.6126,0,0.0,0.0,,,,
120453,5,P10|P11|P12|P13|P14,90.0,2018-01-15,2026-07-30,83,1568.0,1078499.0,687.8,599.4,800.4,0.6124,16,286.0,176666.0,617.7,520.4,708.7,0.55
120454,2,P12|P14,90.0,2018-02-08,2024-04-14,37,595.2,381452.0,640.9,540.6,797.0,0.5706,0,0.0,0.0,,,,
120463,6,P11|P12|P15|P16|P18|P20,90.0,2018-02-12,2026-08-16,41,1967.3,1351226.0,686.8,557.9,799.3,0.6115,25,1243.3,870368.0,700.0,570.4,797.6,0.6232
120464,10,P09|P10|P11|P13|P15|P16|P17|P20|P21|P22,90.0,2018-01-09,2026-04-05,286,16302.4,12699663.0,779.0,714.0,880.1,0.6936,54,4132.5,2950704.0,714.0,557.9,856.7,0.6357
120465,7,P09|P10|P12|P13|P14|P15|P16,90.0,2018-01-03,2022-11-01,102,2690.6,2000931.0,743.7,672.0,845.1,0.6621,0,0.0,0.0,,,,
120531,4,P10|P12|P14|P15,90.0,2019-04-22,2026-05-04,58,1047.2,656698.0,627.1,504.7,752.2,0.5583,15,325.0,194621.0,598.8,439.0,709.2,0.5332
120532,5,P10|P11|P12|P13|P14,90.0,2018-01-03,2026-08-23,146,4447.2,3197085.0,718.9,628.4,828.1,0.64,36,1094.5,675760.0,617.4,454.2,765.0,0.5497
120534,3,P12|P14|P15,90.0,2019-05-13,2026-02-10,43,709.0,477452.0,673.4,523.6,780.0,0.5996,11,209.0,140152.0,670.6,509.6,795.4,0.597
120536,6,P09|P11|P12|P13|P14|P16,90.0,2018-01-03,2026-08-25,123,2802.7,1886391.0,673.1,572.4,782.0,0.5992,27,494.4,312211.0,631.6,533.3,767.8,0.5623
241281,4,P12|P13|P14|P15,90.0,2020-05-28,2022-09-27,18,556.0,379966.0,683.4,577.1,783.6,0.6084,0,0.0,0.0,,,,
241283,8,P09|P10|P11|P13|P15|P16|P20|P22,90.0,2018-06-18,2026-08-26,138,4686.3,3450523.0,736.3,646.7,824.4,0.6555,29,1093.0,800542.0,732.4,634.7,823.6,0.6521
241287,8,P09|P10|P11|P13|P15|P16|P20|P22,90.0,2020-02-21,2026-04-19,107,5606.6,4228889.0,754.3,697.8,836.3,0.6715,19,1111.0,849254.0,764.4,715.9,825.8,0.6806
241288,7,P09|P10|P11|P12|P13|P15|P16,90.0,2018-01-09,2025-02-18,121,5177.3,4004265.0,773.4,662.6,874.8,0.6886,1,48.0,35021.0,729.6,729.6,729.6,0.6496
241653,3,P13|P15|P16,90.0,2020-01-29,2020-01-31,4,40.0,33376.0,834.4,676.2,991.2,0.7429,0,0.0,0.0,,,,
241658,3,P09|P11|P16,90.0,2018-01-03,2018-01-24,3,125.2,85612.0,683.5,497.8,840.4,0.6086,0,0.0,0.0,,,,
242027,6,P09|P10|P11|P13|P15|P16,90.0,2018-01-15,2019-08-12,86,5159.9,4238566.0,821.4,755.8,894.8,0.7313,0,0.0,0.0,,,,
242030,8,P09|P10|P11|P12|P13|P14|P15|P16,90.0,2018-01-02,2019-12-08,51,2048.9,1672872.0,816.5,748.1,895.3,0.7269,0,0.0,0.0,,,,
251200,9,P09|P10|P11|P12|P13|P15|P16|P20|P22,90.0,2018-01-11,2026-09-02,173,6268.4,4632455.0,739.0,646.5,852.4,0.658,34,1575.5,1093604.0,694.1,627.1,820.2,0.618
280002,1,P13,90.0,2020-12-20,2020-12-20,1,12.0,11218.0,934.8,934.8,934.8,0.8323,0,0.0,0.0,,,,
280003,6,P10|P11|P12|P14|P15|P16,90.0,2018-01-10,2019-05-03,17,278.4,211205.0,758.7,680.7,871.5,0.6755,0,0.0,0.0,,,,
280012,4,P10|P11|P12|P14,90.0,2018-09-05,2020-10-03,8,129.0,81389.0,630.9,531.9,761.8,0.5617,0,0.0,0.0,,,,
280013,8,P09|P10|P11|P12|P13|P14|P15|P16,90.0,2018-09-24,2024-11-17,41,730.9,492259.0,673.5,524.2,780.5,0.5996,2,24.0,13947.0,581.1,312.3,850.0,0.5174
280039,3,P09|P11|P13,90.0,2018-05-03,2018-07-23,8,420.0,355678.0,846.8,794.1,904.5,0.7539,0,0.0,0.0,,,,
280040,8,P09|P10|P11|P12|P13|P14|P15|P16,90.0,2018-01-04,2019-06-27,31,862.8,677447.0,785.1,682.5,913.3,0.699,0,0.0,0.0,,,,
280052,11,P09|P10|P11|P12|P13|P14|P15|P16|P17|P18|P19,90.0,2018-10-22,2023-12-02,509,37791.5,28582538.0,756.3,681.9,857.5,0.6734,0,0.0,0.0,,,,
280065,1,P09,90.0,2020-09-07,2023-06-03,70,3211.9,2230170.0,694.4,603.6,775.5,0.6182,0,0.0,0.0,,,,
280068,4,P09|P10|P11|P13,90.0,2018-01-02,2020-01-24,66,3556.5,2799156.0,787.0,737.0,846.5,0.7007,0,0.0,0.0,,,,
280086,2,P11|P14,90.0,2018-05-09,2019-09-24,5,76.0,48843.0,642.7,512.2,712.5,0.5722,0,0.0,0.0,,,,
280087,5,P11|P12|P13|P14|P15,90.0,2018-05-08,2019-12-02,6,97.5,50574.0,518.7,405.4,615.1,0.4618,0,0.0,0.0,,,,
280090,2,P12|P14,90.0,2020-03-01,2026-08-23,62,1388.5,900270.0,648.4,527.7,768.5,0.5773,25,524.0,331927.0,633.4,558.4,768.6,0.564
280093,2,P11|P12,110.0,2018-03-07,2020-08-19,33,630.3,494898.0,785.2,641.5,887.1,0.6328,0,0.0,0.0,,,,
280095,1,P12,110.0,2018-03-08,2020-08-20,35,688.0,488234.0,709.6,551.9,832.2,0.5719,0,0.0,0.0,,,,
280096,1,P12,110.0,2018-03-08,2020-03-23,33,659.2,433492.0,657.6,547.6,782.4,0.5299,0,0.0,0.0,,,,
280098,4,P12|P13|P14|P16,90.0,2020-06-15,2022-03-14,12,252.0,166012.0,658.8,540.5,784.5,0.5865,0,0.0,0.0,,,,
280103,6,P09|P15|P17|P18|P20|P22,90.0,2018-07-09,2026-08-05,159,10637.4,7600182.0,714.5,631.3,817.5,0.6369,66,5304.0,3754932.0,707.9,646.3,791.8,0.6319
280104,6,P09|P15|P17|P18|P20|P22,90.0,2020-02-26,2026-08-30,88,4683.6,3267756.0,697.7,602.1,783.0,0.6256,31,1579.5,1075027.0,680.6,597.2,733.8,0.619
280105,8,P09|P12|P15|P16|P17|P18|P19|P20,90.0,2018-05-15,2026-04-10,163,9229.2,6384845.0,691.8,590.1,816.0,0.6159,29,2289.0,1570043.0,685.9,583.1,802.3,0.6107
280106,5,P09|P15|P17|P18|P20,90.0,2020-02-09,2026-03-01,68,3652.6,2466727.0,675.3,472.1,831.4,0.6013,14,596.0,347005.0,582.2,381.1,845.9,0.5184
280107,11,P09|P10|P11|P12|P13|P14|P15|P16|P17|P20|P22,90.0,2018-02-20,2026-08-24,154,4472.0,3133283.0,700.6,604.8,824.6,0.6238,38,1603.6,1086099.0,677.3,500.9,811.1,0.603
280114,4,P09|P11|P12|P14,90.0,2018-05-11,2022-04-10,21,305.5,193502.0,633.4,447.4,735.3,0.5639,0,0.0,0.0,,,,
280115,3,P10|P12|P14,90.0,2018-05-15,2022-06-11,29,356.0,236900.0,665.4,538.2,759.4,0.5925,0,0.0,0.0,,,,
280121,6,P09|P11|P13|P15|P16|P22,90.0,2020-05-03,2026-08-07,22,669.0,422741.0,631.9,531.9,730.9,0.5626,12,399.0,259953.0,651.5,582.8,744.9,0.58
280129,3,P10|P11|P12,90.0,2018-05-10,2025-03-19,45,919.9,585179.0,636.1,560.8,723.8,0.5664,4,72.0,43239.0,600.5,565.7,635.2,0.5347
280130,3,P10|P11|P12,90.0,2018-05-10,2025-03-24,90,2714.2,1792699.0,660.5,562.2,745.8,0.588,10,317.8,211915.0,666.8,701.8,729.7,0.5937
280133,6,P10|P11|P12|P14|P15|P16,90.0,2018-05-15,2018-08-13,13,589.9,509714.0,864.1,807.1,963.7,0.7693,0,0.0,0.0,,,,
280134,4,P10|P12|P14|P16,90.0,2018-05-29,2018-06-25,6,243.0,210105.0,864.6,808.5,920.9,0.7698,0,0.0,0.0,,,,
280135,5,P09|P10|P11|P15|P16,90.0,2018-06-01,2018-08-15,14,663.1,520736.0,785.3,727.2,893.7,0.6992,0,0.0,0.0,,,,
280136,2,P09|P14,90.0,2018-07-09,2022-08-03,2,103.0,79116.0,768.1,651.5,790.8,0.6839,0,0.0,0.0,,,,
280141,2,P13|P15,90.0,2018-08-27,2018-08-29,2,164.7,147980.0,898.5,873.5,940.6,0.7999,0,0.0,0.0,,,,
280142,3,P09|P13|P15,110.0,2018-10-01,2019-07-31,27,2138.4,1860969.0,870.3,760.5,952.6,0.7014,0,0.0,0.0,,,,
280147,6,P09|P10|P11|P13|P15|P16,90.0,2018-08-13,2019-08-02,36,1689.3,1460137.0,864.4,839.1,925.7,0.7696,0,0.0,0.0,,,,
280155,3,P09|P13|P16,90.0,2020-02-17,2021-03-10,5,152.0,98960.0,651.1,598.8,701.6,0.5796,0,0.0,0.0,,,,
280164,2,P12|P14,90.0,2019-01-31,2026-07-31,74,1382.1,909679.0,658.2,572.5,778.1,0.586,17,428.0,261750.0,611.6,561.6,722.8,0.5445
280166,9,P09|P12|P14|P15|P16|P17|P18|P20|P21,90.0,2019-04-22,2026-02-15,279,15631.8,11273243.0,721.2,650.8,822.4,0.6421,52,4176.0,3030782.0,725.8,659.8,813.3,0.6462
280169,9,P09|P10|P11|P13|P15|P16|P17|P20|P22,90.0,2020-02-15,2026-08-11,253,14287.8,10291110.0,720.3,645.5,823.8,0.6431,57,4055.5,2887639.0,712.0,629.3,820.8,0.6404
280172,6,P09|P10|P11|P13|P15|P16,90.0,2019-04-03,2022-12-01,71,2694.7,1939803.0,719.9,609.1,816.1,0.6409,0,0.0,0.0,,,,
280174,1,P12,110.0,2019-04-09,2019-10-21,3,84.0,24414.0,290.6,150.3,516.9,0.2342,0,0.0,0.0,,,,
280175,1,P15,110.0,2019-05-09,2020-03-21,10,344.0,265328.0,771.3,634.1,905.6,0.6216,0,0.0,0.0,,,,
280185,2,P15|P16,90.0,2019-02-25,2019-03-11,6,585.2,512102.0,875.1,833.0,922.9,0.7791,0,0.0,0.0,,,,
280196,4,P09|P11|P15|P16,90.0,2019-02-11,2019-04-01,5,356.1,276674.0,776.9,707.3,867.0,0.6917,0,0.0,0.0,,,,
280198,5,P09|P11|P13|P15|P16,90.0,2020-02-14,2021-05-09,46,2409.6,1794544.0,744.7,645.8,842.2,0.6631,0,0.0,0.0,,,,
280204,2,P14|P15,90.0,2021-01-20,2024-01-13,23,725.5,545391.0,751.7,673.1,840.6,0.6693,0,0.0,0.0,,,,
280205,6,P09|P10|P11|P13|P15|P16,90.0,2019-04-16,2021-05-16,33,1220.6,982535.0,804.9,700.3,917.4,0.7166,0,0.0,0.0,,,,
280206,8,P09|P10|P11|P12|P13|P14|P15|P16,90.0,2019-05-13,2021-09-01,243,20052.6,14876445.0,741.9,655.4,839.5,0.6605,0,0.0,0.0,,,,
280212,11,P09|P10|P11|P13|P15|P16|P17|P18|P19|P21|P22,90.0,2019-09-11,2026-08-27,130,6193.1,4434777.0,716.1,602.4,815.5,0.6375,35,2512.6,1784631.0,710.3,636.2,776.5,0.6324
280213,10,P09|P10|P11|P13|P15|P16|P17|P18|P19|P21,90.0,2019-09-09,2026-08-26,125,5979.6,4124414.0,689.7,583.0,810.2,0.6141,30,2071.5,1360465.0,656.8,501.2,800.7,0.5847
280214,6,P09|P10|P11|P13|P15|P16,90.0,2020-01-31,2021-05-01,87,5025.6,4035326.0,802.9,737.7,868.7,0.7149,0,0.0,0.0,,,,
280216,2,P14|P15,110.0,2020-02-10,2020-07-19,24,1818.3,1800710.0,990.3,924.5,1037.4,0.7981,0,0.0,0.0,,,,
280222,10,P09|P10|P11|P13|P15|P16|P17|P18|P19|P21,90.0,2020-01-05,2025-10-01,267,22101.0,16203238.0,733.1,628.2,838.6,0.6527,47,4850.1,3481361.0,717.8,628.5,815.4,0.6391
280223,1,P12,110.0,2020-04-16,2021-06-10,10,165.7,99790.0,602.2,518.2,729.6,0.4854,0,0.0,0.0,,,,
280225,1,P12,110.0,2020-01-29,2021-04-11,10,157.1,65868.0,419.4,305.1,560.3,0.338,0,0.0,0.0,,,,
280226,1,P12,110.0,2020-03-09,2021-04-13,8,124.0,58084.0,468.4,361.6,573.9,0.3775,0,0.0,0.0,,,,
280227,1,P12,110.0,2020-03-09,2021-04-13,9,163.0,69938.0,429.1,324.7,508.9,0.3458,0,0.0,0.0,,,,
280228,1,P12,110.0,2020-03-10,2021-04-08,6,98.0,45107.0,460.3,340.8,577.5,0.3709,0,0.0,0.0,,,,
280229,1,P12,110.0,2020-01-28,2021-04-09,9,116.4,47455.0,407.6,222.9,479.6,0.3285,0,0.0,0.0,,,,
280230,1,P12,110.0,2020-04-14,2021-06-11,10,156.6,107168.0,684.6,575.5,779.7,0.5517,0,0.0,0.0,,,,
280232,2,P12|P18,110.0,2020-05-03,2024-06-04,6,104.0,81206.0,780.5,644.0,993.0,0.629,0,0.0,0.0,,,,
280233,1,P13,120.0,2020-03-16,2022-02-13,24,1748.5,1494196.0,854.6,732.5,997.7,0.6313,0,0.0,0.0,,,,
280234,2,P13|P17,120.0,2020-03-21,2022-10-12,25,1533.0,1233258.0,804.5,646.5,953.1,0.5943,0,0.0,0.0,,,,
280235,2,P09|P13,120.0,2020-03-23,2022-01-24,17,843.8,634124.0,751.5,611.9,864.6,0.5552,0,0.0,0.0,,,,
280236,2,P11|P14,90.0,2020-04-21,2024-03-22,32,840.0,491595.0,585.2,518.9,658.0,0.521,0,0.0,0.0,,,,
280237,3,P11|P13|P14,90.0,2019-11-04,2023-04-09,17,416.4,223165.0,536.0,450.6,632.5,0.4772,0,0.0,0.0,,,,
280238,2,P11|P14,90.0,2020-04-05,2024-04-15,37,916.7,549166.0,599.1,508.6,734.0,0.5334,0,0.0,0.0,,,,
280239,2,P11|P14,90.0,2020-04-02,2024-04-16,37,957.1,626952.0,655.1,563.2,717.8,0.5832,0,0.0,0.0,,,,
280240,2,P10|P11,90.0,2021-01-20,2024-05-10,18,484.0,301797.0,623.5,529.5,725.6,0.5552,0,0.0,0.0,,,,
280241,4,P11|P12|P13|P14,90.0,2021-01-17,2021-02-07,7,201.0,161098.0,801.5,707.2,866.5,0.7136,0,0.0,0.0,,,,
280242,2,P11|P12,90.0,2021-01-20,2021-03-26,2,127.0,100492.0,791.3,681.1,843.3,0.7045,0,0.0,0.0,,,,
280243,3,P13|P15|P16,90.0,2020-01-29,2021-01-24,12,318.0,286559.0,901.1,844.9,946.0,0.8023,0,0.0,0.0,,,,
280244,8,P09|P11|P12|P13|P14|P15|P17|P20,90.0,2020-05-03,2025-06-19,48,3050.6,2212232.0,725.2,637.3,861.8,0.6456,26,1471.8,1146252.0,778.8,701.0,880.3,0.6934
280245,6,P11|P12|P13|P14|P17|P20,90.0,2020-05-07,2024-08-30,17,1192.0,841967.0,706.3,598.1,804.4,0.6289,0,0.0,0.0,,,,
280246,4,P09|P11|P13|P20,90.0,2021-05-23,2024-08-29,12,682.6,478205.0,700.6,555.6,824.5,0.6237,0,0.0,0.0,,,,
280247,1,P13,120.0,2020-06-01,2021-12-06,6,507.0,482600.0,951.9,748.7,1084.1,0.7032,0,0.0,0.0,,,,
280256,10,P09|P10|P11|P12|P13|P15|P16|P17|P19|P21,90.0,2022-01-13,2026-09-01,279,21271.9,16111466.0,757.4,675.1,855.2,0.6759,121,10866.2,7925440.0,729.4,633.9,827.9,0.6524
280264,6,P09|P11|P13|P15|P16|P20,90.0,2021-04-09,2026-08-23,246,16355.0,11999613.0,733.7,642.6,822.8,0.6532,108,6773.3,4901908.0,723.7,630.2,818.1,0.6443
280284,3,P12|P13|P14,90.0,2020-02-02,2021-02-21,6,292.0,252101.0,863.4,833.1,898.8,0.7687,0,0.0,0.0,,,,
280285,2,P12|P14,90.0,2020-02-06,2021-02-12,2,96.0,82707.0,861.5,808.5,894.7,0.767,0,0.0,0.0,,,,
280286,2,P09|P16,90.0,2020-02-02,2021-02-21,4,162.0,130627.0,806.3,647.4,917.4,0.7179,0,0.0,0.0,,,,
280287,1,P12,110.0,2020-05-04,2021-03-03,4,88.0,29481.0,335.0,256.3,418.6,0.27,0,0.0,0.0,,,,
280298,1,P11,90.0,2021-10-25,2026-06-28,6,468.0,324774.0,694.0,671.4,712.6,0.6178,5,372.0,261136.0,702.0,684.7,715.0,0.625
280315,2,P09|P10,90.0,2021-02-08,2024-01-02,47,1814.6,1261356.0,695.1,588.3,808.2,0.6189,0,0.0,0.0,,,,
280316,2,P09|P11,90.0,2021-03-12,2023-05-04,28,710.6,489640.0,689.1,573.6,816.8,0.6135,0,0.0,0.0,,,,
280317,1,P09,90.0,2018-01-02,2023-05-05,28,878.0,615304.0,700.8,582.9,806.0,0.6239,0,0.0,0.0,,,,
280318,9,P09|P11|P13|P15|P16|P17|P18|P20|P22,90.0,2021-02-03,2026-08-30,102,3892.8,2832569.0,727.7,640.6,846.6,0.6478,39,2045.2,1453019.0,710.4,626.4,851.9,0.6325
280323,11,P09|P11|P14|P15|P16|P17|P18|P19|P20|P21|P22,90.0,2021-06-20,2026-09-02,144,11500.2,8018894.0,697.3,603.4,834.5,0.6208,57,4139.2,2883403.0,696.6,586.0,843.2,0.6202
280324,10,P09|P13|P15|P16|P17|P18|P19|P20|P21|P22,90.0,2020-11-21,2026-09-01,362,39013.7,27845466.0,713.7,613.1,823.3,0.6357,127,14083.2,10405453.0,738.9,651.6,830.7,0.6584
280325,7,P09|P11|P12|P13|P15|P16|P17,90.0,2020-11-24,2023-03-12,55,3176.7,2335057.0,735.1,657.6,814.4,0.6544,0,0.0,0.0,,,,
280326,3,P11|P13|P14,90.0,2021-04-01,2023-03-20,17,552.0,335143.0,607.1,500.5,681.5,0.5405,0,0.0,0.0,,,,
280327,3,P11|P13|P16,90.0,2021-04-03,2024-05-12,35,1297.0,917292.0,707.2,591.3,851.5,0.6297,0,0.0,0.0,,,,
280344,6,P09|P15|P17|P18|P20|P22,90.0,2024-04-01,2026-09-01,67,5539.0,3878404.0,700.2,597.4,798.7,0.6249,57,4611.0,3292843.0,714.1,638.7,824.5,0.6376
280345,2,P11|P14,90.0,2025-07-14,2026-09-02,22,593.1,357696.0,603.1,553.6,703.2,0.5369,22,593.1,357696.0,603.1,553.6,703.2,0.5369
280347,1,P14,90.0,2025-09-27,2026-09-02,14,371.0,222534.0,599.8,440.9,714.2,0.534,14,371.0,222534.0,599.8,440.9,714.2,0.534
280348,2,P15|P16,90.0,2024-03-09,2026-08-21,49,2146.4,1594113.0,742.7,649.3,856.0,0.6612,35,1646.4,1221788.0,742.1,650.0,861.2,0.6607
280351,11,P09|P10|P11|P12|P13|P15|P16|P17|P18|P19|P20,90.0,2019-02-04,2026-09-02,698,74482.8,56705425.0,761.3,679.2,851.8,0.678,249,30241.6,22151964.0,732.5,643.7,833.2,0.6525
280352,5,P10|P11|P12|P15|P16,90.0,2021-04-23,2025-02-23,50,2524.0,1812952.0,718.3,616.4,820.0,0.6395,2,24.0,10457.0,435.7,0.2,871.2,0.3879
280355,2,P09|P13,90.0,2021-05-12,2021-05-16,3,72.0,53549.0,743.7,706.2,766.3,0.6622,0,0.0,0.0,,,,
280357,1,P13,120.0,2021-07-12,2021-07-12,1,134.0,111881.0,834.9,834.9,834.9,0.6168,0,0.0,0.0,,,,
280358,1,P11,90.0,2025-05-24,2025-05-26,3,90.0,64173.0,713.0,650.3,782.5,0.6348,3,90.0,64173.0,713.0,650.3,782.5,0.6348
280362,3,P11|P13|P14,90.0,2022-03-21,2025-02-18,37,1244.5,891930.0,716.7,622.0,820.5,0.6381,9,200.0,134233.0,671.2,605.1,731.6,0.5975
280365,3,P11|P13|P14,90.0,2022-03-24,2025-02-26,32,1297.0,893709.0,689.1,613.5,765.6,0.6135,7,209.0,123980.0,593.2,508.6,727.7,0.5281
280375,2,P12|P13,110.0,2021-09-12,2026-08-08,35,781.0,512992.0,656.8,561.6,753.9,0.531,18,401.0,261879.0,653.1,459.8,751.0,0.5294
280376,1,P12,110.0,2021-11-08,2026-08-05,34,922.5,604951.0,655.8,506.5,797.6,0.5285,16,443.0,305097.0,688.7,565.3,793.5,0.5551
280377,1,P12,110.0,2021-05-24,2026-08-04,35,894.5,531419.0,594.1,430.4,765.5,0.4797,13,289.0,205867.0,712.3,605.8,861.6,0.5768
280378,1,P12,110.0,2021-05-28,2026-07-19,28,489.5,317232.0,648.1,491.2,781.8,0.524,15,254.1,177221.0,697.4,569.6,826.8,0.5653
280379,1,P12,110.0,2021-09-08,2026-08-06,36,1040.0,696455.0,669.7,605.9,795.9,0.5403,17,518.0,361975.0,698.8,635.9,792.3,0.5643
280380,1,P12,110.0,2021-09-05,2026-08-03,40,1316.5,859031.0,652.5,498.0,781.5,0.5263,18,575.0,401408.0,698.1,643.9,775.8,0.5637
280383,2,P12|P14,90.0,2021-09-24,2024-12-11,21,399.0,255506.0,640.4,519.1,778.8,0.5701,3,67.0,45070.0,672.7,566.0,748.4,0.5989
280384,2,P12|P14,90.0,2021-09-22,2024-12-06,19,321.0,196909.0,613.4,514.8,733.9,0.5461,3,60.0,41564.0,692.7,571.6,802.5,0.6167
280385,2,P12|P14,90.0,2021-09-23,2024-06-22,13,199.0,129896.0,652.7,511.8,790.7,0.5811,0,0.0,0.0,,,,
280388,2,P10|P16,90.0,2022-05-11,2024-02-17,8,132.0,103716.0,785.7,698.6,894.9,0.6995,0,0.0,0.0,,,,
280391,6,P09|P10|P15|P17|P18|P20,90.0,2022-03-09,2025-07-30,60,3194.5,2212815.0,692.7,509.7,838.5,0.6167,11,576.0,366770.0,636.8,450.7,823.3,0.5669
280395,1,P15,90.0,2022-03-06,2022-03-06,1,325.0,251767.0,774.7,774.7,774.7,0.6897,0,0.0,0.0,,,,
280396,2,P15|P17,90.0,2022-03-09,2022-03-24,2,140.0,102557.0,732.5,724.6,788.3,0.6522,0,0.0,0.0,,,,
280397,1,P12,110.0,2025-03-25,2026-08-07,14,292.0,161690.0,553.7,295.5,806.9,0.4495,14,292.0,161690.0,553.7,295.5,806.9,0.4495
280401,2,P12|P14,90.0,2022-02-08,2024-10-15,13,242.0,154038.0,636.5,419.2,789.7,0.5667,1,12.0,8561.0,713.4,713.4,713.4,0.6352
280403,1,P12,90.0,2022-02-09,2024-05-14,6,105.0,66277.0,631.2,487.0,787.9,0.562,0,0.0,0.0,,,,
280404,2,P12|P14,90.0,2023-09-14,2024-10-16,4,84.0,46100.0,548.8,442.2,623.2,0.4886,1,12.0,7440.0,620.0,620.0,620.0,0.552
280405,10,P09|P10|P11|P13|P15|P16|P17|P18|P19|P21,90.0,2022-02-17,2026-07-26,103,7060.5,4993897.0,707.3,607.4,850.2,0.6303,24,1718.0,953168.0,554.8,417.8,693.3,0.4965
280421,6,P09|P15|P17|P18|P20|P22,90.0,2023-04-21,2026-08-30,86,5329.9,3671737.0,688.9,601.1,778.3,0.6133,51,3246.9,2135296.0,657.6,575.7,742.7,0.5855
280425,6,P09|P11|P13|P15|P16|P22,90.0,2024-05-02,2026-08-06,18,532.0,354350.0,666.1,513.1,811.0,0.593,13,439.5,301556.0,686.1,525.7,815.5,0.6109
280426,1,P12,110.0,2022-05-18,2026-07-30,21,567.6,285708.0,503.4,384.5,621.8,0.4075,12,389.6,187647.0,481.6,378.5,594.7,0.3908
280435,1,P11,90.0,2023-12-03,2024-10-14,4,76.5,54536.0,712.9,580.5,826.8,0.6347,1,16.5,14861.0,900.7,900.7,900.7,0.8019
280436,1,P12,110.0,2025-06-08,2026-08-02,10,236.0,106858.0,452.8,375.6,501.4,0.3649,10,236.0,106858.0,452.8,375.6,501.4,0.3649
280450,5,P09|P11|P13|P15|P16,90.0,2023-07-20,2026-08-11,24,502.0,353234.0,703.7,588.3,849.6,0.6265,9,214.0,146922.0,686.5,585.8,828.6,0.6112
280451,7,P09|P15|P17|P18|P20|P21|P22,90.0,2023-05-10,2026-09-01,81,4721.8,3188889.0,675.4,616.5,797.8,0.6018,52,2704.3,1831846.0,677.4,616.8,805.3,0.6039
280452,6,P09|P10|P15|P17|P18|P22,90.0,2023-07-11,2026-08-25,58,2478.8,1548827.0,624.8,523.4,739.2,0.5563,36,1726.8,1050853.0,608.6,526.7,719.2,0.5418
280453,6,P09|P15|P17|P18|P20|P22,90.0,2023-06-09,2026-08-23,50,2417.0,1572865.0,650.8,492.9,773.4,0.5809,27,1586.0,988653.0,623.4,492.8,742.2,0.5573
280454,6,P15|P16|P17|P18|P19|P20,90.0,2024-01-05,2026-07-22,19,1152.0,825456.0,716.5,588.7,834.3,0.6379,8,300.0,208032.0,693.4,616.3,732.9,0.6174
280478,2,P09|P14,90.0,2024-06-12,2026-09-01,54,1906.5,1367474.0,717.3,614.3,830.2,0.6386,49,1659.5,1190085.0,717.1,613.4,816.4,0.6385
280480,11,P09|P11|P13|P15|P16|P17|P18|P19|P20|P21|P22,90.0,2023-12-08,2026-08-30,220,28597.2,20458707.0,715.4,638.2,813.4,0.6387,157,20499.7,14646295.0,714.5,647.3,814.1,0.6385
280488,1,P12,110.0,2024-02-05,2026-07-19,16,220.3,132909.0,603.4,495.2,738.3,0.4893,14,204.3,121435.0,594.5,489.4,733.2,0.4823
280489,5,P09|P17|P18|P19|P21,90.0,2024-04-23,2025-07-27,18,2244.0,1678231.0,747.9,698.2,805.6,0.6658,13,1530.0,1181072.0,771.9,748.2,822.2,0.6873
280490,9,P09|P13|P15|P16|P17|P18|P20|P21|P22,90.0,2025-04-16,2026-08-23,51,4450.0,3205165.0,720.3,631.0,793.4,0.6413,51,4450.0,3205165.0,720.3,631.0,793.4,0.6413
280493,3,P09|P15|P18,90.0,2024-05-02,2026-09-01,23,788.5,560775.0,711.2,584.4,809.2,0.6332,16,481.5,349430.0,725.7,593.5,825.0,0.6461
280516,1,P20,90.0,2024-07-02,2024-07-02,1,190.0,152767.0,804.0,804.0,804.0,0.7158,0,0.0,0.0,,,,
280517,3,P09|P11|P13,90.0,2024-06-20,2024-09-20,5,134.5,94085.0,699.5,613.1,807.4,0.6228,2,56.0,38940.0,695.4,668.9,739.9,0.6191
280539,1,P12,110.0,2025-03-25,2026-08-07,11,313.5,132791.0,423.6,229.7,576.8,0.3449,11,313.5,132791.0,423.6,229.7,576.8,0.3449
280541,5,P09|P11|P15|P16|P18,90.0,2025-04-06,2026-08-25,7,272.0,165590.0,608.8,472.0,756.2,0.5692,7,272.0,165590.0,608.8,472.0,756.2,0.5692
280557,1,P09,90.0,2025-07-14,2025-07-14,1,24.0,17319.0,721.6,721.6,721.6,0.6425,1,24.0,17319.0,721.6,721.6,721.6,0.6425
280559,4,P15|P16|P18|P21,90.0,2025-04-18,2026-08-28,15,676.5,482687.0,713.5,677.2,769.5,0.6352,15,676.5,482687.0,713.5,677.2,769.5,0.6352
280563,4,P09|P11|P15|P16,90.0,2025-08-01,2026-08-30,25,1212.0,836675.0,690.3,595.6,778.2,0.6146,25,1212.0,836675.0,690.3,595.6,778.2,0.6146
280564,4,P11|P16|P18|P21,90.0,2025-08-29,2026-09-01,13,628.5,445381.0,708.6,573.4,846.3,0.6309,13,628.5,445381.0,708.6,573.4,846.3,0.6309
280566,4,P09|P11|P15|P16,90.0,2025-08-01,2026-08-24,16,726.5,530090.0,729.6,690.0,804.4,0.6496,16,726.5,530090.0,729.6,690.0,804.4,0.6496
280567,2,P16|P18,90.0,2025-10-13,2026-04-19,3,508.0,417521.0,821.9,727.5,895.6,0.7317,3,508.0,417521.0,821.9,727.5,895.6,0.7317
280571,3,P09|P11|P14,90.0,2025-05-20,2026-03-29,22,851.5,654504.0,768.6,717.9,884.4,0.6843,22,851.5,654504.0,768.6,717.9,884.4,0.6843
280572,3,P09|P11|P14,90.0,2025-06-29,2026-08-25,15,559.0,431703.0,772.3,700.2,860.4,0.6876,15,559.0,431703.0,772.3,700.2,860.4,0.6876
280573,3,P09|P11|P14,90.0,2025-04-21,2026-04-10,8,227.2,159021.0,699.8,629.6,870.6,0.6231,8,227.2,159021.0,699.8,629.6,870.6,0.6231
280574,4,P09|P11|P13|P14,90.0,2025-04-17,2025-06-07,14,804.0,634161.0,788.8,783.2,833.1,0.7022,14,804.0,634161.0,788.8,783.2,833.1,0.7022
280576,3,P09|P11|P13,90.0,2025-03-29,2026-03-15,6,216.0,150121.0,695.0,522.9,838.2,0.6188,6,216.0,150121.0,695.0,522.9,838.2,0.6188
280578,2,P09|P11,90.0,2025-08-29,2026-07-20,7,201.0,132444.0,658.9,554.3,750.5,0.5866,7,201.0,132444.0,658.9,554.3,750.5,0.5866
280581,2,P09|P11,90.0,2025-03-30,2026-08-27,33,1386.0,1036351.0,747.7,649.2,863.9,0.6657,33,1386.0,1036351.0,747.7,649.2,863.9,0.6657
280582,2,P09|P11,90.0,2025-04-06,2026-02-22,11,241.0,178951.0,742.5,653.8,872.6,0.6611,11,241.0,178951.0,742.5,653.8,872.6,0.6611
280583,2,P09|P20,90.0,2025-04-13,2026-09-01,27,1732.0,1228423.0,709.3,588.0,836.8,0.6469,27,1732.0,1228423.0,709.3,588.0,836.8,0.6469
280584,3,P09|P19|P20,90.0,2025-04-17,2026-09-02,29,1835.5,1268196.0,690.9,606.0,810.5,0.6151,29,1835.5,1268196.0,690.9,606.0,810.5,0.6151
280585,2,P09|P20,90.0,2025-07-23,2026-08-23,24,1851.0,1369888.0,740.1,628.1,855.3,0.6603,24,1851.0,1369888.0,740.1,628.1,855.3,0.6603
280586,2,P09|P20,90.0,2025-04-16,2026-08-23,21,1364.0,1002629.0,735.1,613.1,843.7,0.6565,21,1364.0,1002629.0,735.1,613.1,843.7,0.6565
280587,2,P09|P20,90.0,2025-04-10,2026-07-19,12,462.2,303303.0,656.2,503.9,794.5,0.5842,12,462.2,303303.0,656.2,503.9,794.5,0.5842
280588,2,P09|P20,90.0,2025-04-06,2026-03-23,8,267.0,193907.0,726.2,599.0,856.1,0.6466,8,267.0,193907.0,726.2,599.0,856.1,0.6466
280589,1,P20,90.0,2025-04-27,2025-04-27,1,72.0,60428.0,839.3,839.3,839.3,0.7472,1,72.0,60428.0,839.3,839.3,839.3,0.7472
280590,8,P09|P11|P16|P17|P18|P19|P21|P22,90.0,2025-04-11,2026-08-30,32,1886.5,1367410.0,724.8,610.2,825.0,0.6453,32,1886.5,1367410.0,724.8,610.2,825.0,0.6453
280591,8,P11|P15|P16|P17|P18|P19|P21|P22,90.0,2020-06-21,2026-09-01,31,2688.5,1843640.0,685.8,488.7,852.1,0.6105,30,2664.5,1828440.0,686.2,487.9,852.3,0.611
280592,6,P09|P11|P16|P17|P18|P21,90.0,2025-04-13,2026-07-27,15,766.5,533676.0,696.3,570.9,822.3,0.6199,15,766.5,533676.0,696.3,570.9,822.3,0.6199
280601,3,P11|P14|P16,90.0,2025-07-11,2026-06-25,14,380.8,233866.0,614.2,468.0,739.8,0.5468,14,380.8,233866.0,614.2,468.0,739.8,0.5468
280602,2,P11|P14,90.0,2025-07-13,2026-08-26,13,283.0,162720.0,575.0,432.8,718.7,0.5119,13,283.0,162720.0,575.0,432.8,718.7,0.5119
280605,2,P12|P15,120.0,2026-04-03,2026-08-09,9,413.5,227302.0,549.7,438.8,616.2,0.4242,9,413.5,227302.0,549.7,438.8,616.2,0.4242
280607,2,P12|P15,120.0,2026-04-10,2026-08-11,5,179.0,103617.0,578.9,418.6,808.8,0.4467,5,179.0,103617.0,578.9,418.6,808.8,0.4467
280609,1,P15,120.0,2026-04-29,2026-07-05,5,118.5,64455.0,543.9,334.9,782.7,0.3777,5,118.5,64455.0,543.9,334.9,782.7,0.3777
280610,1,P15,120.0,2026-06-17,2026-08-15,7,305.0,114297.0,374.7,243.0,481.2,0.2602,7,305.0,114297.0,374.7,243.0,481.2,0.2602
280611,1,P12,100.0,2026-02-16,2026-08-11,5,246.8,120355.0,487.7,353.5,638.7,0.4515,5,246.8,120355.0,487.7,353.5,638.7,0.4515
280612,2,P12|P15,100.0,2026-02-19,2026-08-19,12,314.5,133149.0,423.4,278.0,564.1,0.3955,12,314.5,133149.0,423.4,278.0,564.1,0.3955
280613,2,P12|P15,100.0,2026-02-26,2026-07-15,13,417.5,256610.0,614.6,569.0,728.0,0.5691,13,417.5,256610.0,614.6,569.0,728.0,0.5691
280614,2,P12|P15,100.0,2026-02-23,2026-08-14,12,432.4,258412.0,597.6,490.7,706.5,0.5533,12,432.4,258412.0,597.6,490.7,706.5,0.5533
280615,1,P12,100.0,2026-02-27,2026-06-07,3,68.2,49991.0,733.0,643.6,822.5,0.6787,3,68.2,49991.0,733.0,643.6,822.5,0.6787
280616,1,P15,100.0,2026-04-23,2026-04-23,1,72.0,36653.0,509.1,509.1,509.1,0.4513,1,72.0,36653.0,509.1,509.1,509.1,0.4513
280617,1,P15,100.0,2026-05-22,2026-09-01,5,217.0,136105.0,627.2,515.8,752.1,0.5227,5,217.0,136105.0,627.2,515.8,752.1,0.5227
280622,2,P12|P15,120.0,2025-10-29,2026-08-17,8,245.5,82860.0,337.5,195.3,498.1,0.2604,8,245.5,82860.0,337.5,195.3,498.1,0.2604
280624,1,P15,120.0,2026-04-10,2026-04-10,1,28.5,18186.0,638.1,638.1,638.1,0.4924,1,28.5,18186.0,638.1,638.1,638.1,0.4924
280642,2,P14|P22,90.0,2026-04-09,2026-04-23,2,44.0,27991.0,636.2,539.8,716.5,0.5664,2,44.0,27991.0,636.2,539.8,716.5,0.5664
280644,1,P16,90.0,2026-04-14,2026-04-14,2,24.0,18372.0,765.5,683.5,847.5,0.6815,2,24.0,18372.0,765.5,683.5,847.5,0.6815
280647,4,P17|P18|P21|P22,90.0,2026-01-20,2026-04-10,11,1256.0,949470.0,755.9,687.0,798.6,0.673,11,1256.0,949470.0,755.9,687.0,798.6,0.673
280652,1,P15,100.0,2026-06-21,2026-07-16,4,215.0,133679.0,621.8,514.1,732.9,0.5757,4,215.0,133679.0,621.8,514.1,732.9,0.5757
280659,5,P09|P11|P14|P20|P22,90.0,2026-03-02,2026-05-24,22,1456.0,1160509.0,797.1,737.4,850.5,0.7223,22,1456.0,1160509.0,797.1,737.4,850.5,0.7223
280660,3,P09|P11|P14,90.0,2025-02-05,2026-07-01,20,857.0,652616.0,761.5,668.9,896.4,0.678,20,857.0,652616.0,761.5,668.9,896.4,0.678
280673,2,P09|P11,90.0,2026-04-12,2026-06-16,7,266.0,186346.0,700.6,660.7,732.1,0.6237,7,266.0,186346.0,700.6,660.7,732.1,0.6237
280674,3,P16|P20|P22,90.0,2026-02-26,2026-04-14,4,446.0,359807.0,806.7,788.7,835.3,0.7183,4,446.0,359807.0,806.7,788.7,835.3,0.7183
280682,3,P11|P21|P22,90.0,2026-03-01,2026-07-01,6,592.0,473812.0,800.4,730.4,876.8,0.7203,6,592.0,473812.0,800.4,730.4,876.8,0.7203
280683,3,P11|P16|P21,90.0,2026-03-08,2026-06-29,4,244.0,192799.0,790.2,697.9,838.2,0.7035,4,244.0,192799.0,790.2,697.9,838.2,0.7035
280684,2,P09|P22,90.0,2026-03-05,2026-03-19,2,150.0,86366.0,575.8,556.9,646.4,0.5126,2,150.0,86366.0,575.8,556.9,646.4,0.5126
280686,4,P09|P17|P18|P21,90.0,2026-05-25,2026-09-01,18,2791.0,1886183.0,675.8,555.9,766.3,0.6184,18,2791.0,1886183.0,675.8,555.9,766.3,0.6184
280689,1,P15,100.0,2026-05-26,2026-08-02,13,799.8,553255.0,691.8,567.0,813.9,0.5765,13,799.8,553255.0,691.8,567.0,813.9,0.5765
280698,1,P15,100.0,2026-06-10,2026-08-22,4,152.0,72661.0,478.0,304.9,672.1,0.3984,4,152.0,72661.0,478.0,304.9,672.1,0.3984
570223,3,P09|P15|P18,90.0,2025-07-20,2026-08-23,7,248.0,155763.0,628.1,513.2,737.1,0.5592,7,248.0,155763.0,628.1,513.2,737.1,0.5592
570261,6,P16|P17|P18|P20|P21|P22,90.0,2025-11-02,2026-09-01,51,4926.0,3099724.0,629.3,505.0,739.3,0.5685,51,4926.0,3099724.0,629.3,505.0,739.3,0.5685
570468,1,P09,90.0,2026-01-12,2026-08-10,9,184.5,131368.0,712.0,597.2,794.5,0.6339,9,184.5,131368.0,712.0,597.2,794.5,0.6339
570471,1,P16,90.0,2026-06-17,2026-06-18,2,60.0,40390.0,673.2,663.7,687.4,0.5993,2,60.0,40390.0,673.2,663.7,687.4,0.5993
570475,1,P14,90.0,2026-06-19,2026-06-21,2,90.0,66847.0,742.7,656.2,800.4,0.6613,2,90.0,66847.0,742.7,656.2,800.4,0.6613
570560,1,P16,90.0,2026-06-10,2026-08-02,3,84.0,56823.0,676.5,555.4,738.8,0.6023,3,84.0,56823.0,676.5,555.4,738.8,0.6023
