line_id,line_name,sku,capable,rate_uph
0,P09,120430,0,800
1,P10,120430,0,800
2,P11,120430,0,800
3,P12,120430,1,800
4,P13,120430,1,800
5,P14,120430,1,800
6,P15,120430,1,800
7,P16,120430,0,800
8,P17,120430,0,1600
9,P18,120430,0,1600
10,P19,120430,0,1600
11,P20,120430,0,1600
12,P21,120430,0,1600
13,P22,120430,0,1600
0,P09,120431,0,800
1,P10,120431,0,800
2,P11,120431,0,800
3,P12,120431,1,800
4,P13,120431,0,800
5,P14,120431,1,800
6,P15,120431,0,800
7,P16,120431,0,800
8,P17,120431,0,1600
9,P18,120431,0,1600
10,P19,120431,0,1600
11,P20,120431,0,1600
12,P21,120431,0,1600
13,P22,120431,0,1600
0,P09,120433,0,800
1,P10,120433,0,800
2,P11,120433,1,800
3,P12,120433,1,800
4,P13,120433,0,800
5,P14,120433,1,800
6,P15,120433,0,800
7,P16,120433,0,800
8,P17,120433,0,1600
9,P18,120433,0,1600
10,P19,120433,0,1600
11,P20,120433,0,1600
12,P21,120433,0,1600
13,P22,120433,0,1600
0,P09,120434,0,800
1,P10,120434,0,800
2,P11,120434,0,800
3,P12,120434,1,800
4,P13,120434,0,800
5,P14,120434,1,800
6,P15,120434,0,800
7,P16,120434,0,800
8,P17,120434,0,1600
9,P18,120434,0,1600
10,P19,120434,0,1600
11,P20,120434,0,1600
12,P21,120434,0,1600
13,P22,120434,0,1600
0,P09,120436,1,800
1,P10,120436,0,800
2,P11,120436,1,800
3,P12,120436,1,800
4,P13,120436,1,800
5,P14,120436,1,800
6,P15,120436,1,800
7,P16,120436,1,800
8,P17,120436,1,1600
9,P18,120436,0,1600
10,P19,120436,0,1600
11,P20,120436,1,1600
12,P21,120436,0,1600
13,P22,120436,1,1600
0,P09,120437,1,800
1,P10,120437,0,800
2,P11,120437,1,800
3,P12,120437,1,800
4,P13,120437,1,800
5,P14,120437,1,800
6,P15,120437,1,800
7,P16,120437,0,800
8,P17,120437,1,1600
9,P18,120437,0,1600
10,P19,120437,0,1600
11,P20,120437,1,1600
12,P21,120437,0,1600
13,P22,120437,0,1600
0,P09,120444,0,800
1,P10,120444,0,800
2,P11,120444,0,800
3,P12,120444,1,800
4,P13,120444,1,800
5,P14,120444,1,800
6,P15,120444,0,800
7,P16,120444,0,800
8,P17,120444,0,1600
9,P18,120444,0,1600
10,P19,120444,0,1600
11,P20,120444,0,1600
12,P21,120444,0,1600
13,P22,120444,0,1600
0,P09,120448,1,800
1,P10,120448,0,800
2,P11,120448,1,800
3,P12,120448,1,800
4,P13,120448,1,800
5,P14,120448,1,800
6,P15,120448,1,800
7,P16,120448,1,800
8,P17,120448,1,1600
9,P18,120448,0,1600
10,P19,120448,0,1600
11,P20,120448,1,1600
12,P21,120448,0,1600
13,P22,120448,1,1600
0,P09,120450,0,800
1,P10,120450,0,800
2,P11,120450,0,800
3,P12,120450,1,800
4,P13,120450,0,800
5,P14,120450,1,800
6,P15,120450,0,800
7,P16,120450,0,800
8,P17,120450,0,1600
9,P18,120450,0,1600
10,P19,120450,0,1600
11,P20,120450,0,1600
12,P21,120450,0,1600
13,P22,120450,0,1600
0,P09,120451,0,800
1,P10,120451,0,800
2,P11,120451,0,800
3,P12,120451,1,800
4,P13,120451,0,800
5,P14,120451,1,800
6,P15,120451,0,800
7,P16,120451,0,800
8,P17,120451,0,1600
9,P18,120451,0,1600
10,P19,120451,0,1600
11,P20,120451,0,1600
12,P21,120451,0,1600
13,P22,120451,0,1600
0,P09,120453,0,800
1,P10,120453,0,800
2,P11,120453,0,800
3,P12,120453,1,800
4,P13,120453,0,800
5,P14,120453,1,800
6,P15,120453,0,800
7,P16,120453,0,800
8,P17,120453,0,1600
9,P18,120453,0,1600
10,P19,120453,0,1600
11,P20,120453,0,1600
12,P21,120453,0,1600
13,P22,120453,0,1600
0,P09,120463,0,800
1,P10,120463,0,800
2,P11,120463,0,800
3,P12,120463,0,800
4,P13,120463,0,800
5,P14,120463,0,800
6,P15,120463,1,800
7,P16,120463,0,800
8,P17,120463,0,1600
9,P18,120463,1,1600
10,P19,120463,0,1600
11,P20,120463,1,1600
12,P21,120463,0,1600
13,P22,120463,0,1600
0,P09,120464,1,800
1,P10,120464,0,800
2,P11,120464,1,800
3,P12,120464,0,800
4,P13,120464,1,800
5,P14,120464,0,800
6,P15,120464,1,800
7,P16,120464,1,800
8,P17,120464,1,1600
9,P18,120464,0,1600
10,P19,120464,0,1600
11,P20,120464,1,1600
12,P21,120464,1,1600
13,P22,120464,0,1600
0,P09,120531,0,800
1,P10,120531,0,800
2,P11,120531,0,800
3,P12,120531,1,800
4,P13,120531,0,800
5,P14,120531,1,800
6,P15,120531,0,800
7,P16,120531,0,800
8,P17,120531,0,1600
9,P18,120531,0,1600
10,P19,120531,0,1600
11,P20,120531,0,1600
12,P21,120531,0,1600
13,P22,120531,0,1600
0,P09,120532,0,800
1,P10,120532,0,800
2,P11,120532,0,800
3,P12,120532,1,800
4,P13,120532,0,800
5,P14,120532,1,800
6,P15,120532,0,800
7,P16,120532,0,800
8,P17,120532,0,1600
9,P18,120532,0,1600
10,P19,120532,0,1600
11,P20,120532,0,1600
12,P21,120532,0,1600
13,P22,120532,0,1600
0,P09,120533,1,800
1,P10,120533,1,800
2,P11,120533,1,800
3,P12,120533,0,800
4,P13,120533,1,800
5,P14,120533,0,800
6,P15,120533,1,800
7,P16,120533,1,800
8,P17,120533,1,1600
9,P18,120533,1,1600
10,P19,120533,1,1600
11,P20,120533,1,1600
12,P21,120533,1,1600
13,P22,120533,1,1600
0,P09,120534,0,800
1,P10,120534,0,800
2,P11,120534,0,800
3,P12,120534,1,800
4,P13,120534,0,800
5,P14,120534,1,800
6,P15,120534,0,800
7,P16,120534,0,800
8,P17,120534,0,1600
9,P18,120534,0,1600
10,P19,120534,0,1600
11,P20,120534,0,1600
12,P21,120534,0,1600
13,P22,120534,0,1600
0,P09,120535,1,800
1,P10,120535,1,800
2,P11,120535,1,800
3,P12,120535,0,800
4,P13,120535,1,800
5,P14,120535,0,800
6,P15,120535,1,800
7,P16,120535,1,800
8,P17,120535,1,1600
9,P18,120535,1,1600
10,P19,120535,1,1600
11,P20,120535,1,1600
12,P21,120535,1,1600
13,P22,120535,1,1600
0,P09,120536,0,800
1,P10,120536,0,800
2,P11,120536,0,800
3,P12,120536,1,800
4,P13,120536,0,800
5,P14,120536,1,800
6,P15,120536,0,800
7,P16,120536,0,800
8,P17,120536,0,1600
9,P18,120536,0,1600
10,P19,120536,0,1600
11,P20,120536,0,1600
12,P21,120536,0,1600
13,P22,120536,0,1600
0,P09,221800,1,800
1,P10,221800,1,800
2,P11,221800,1,800
3,P12,221800,0,800
4,P13,221800,1,800
5,P14,221800,0,800
6,P15,221800,1,800
7,P16,221800,1,800
8,P17,221800,1,1600
9,P18,221800,1,1600
10,P19,221800,1,1600
11,P20,221800,1,1600
12,P21,221800,1,1600
13,P22,221800,1,1600
0,P09,221801,1,800
1,P10,221801,1,800
2,P11,221801,1,800
3,P12,221801,0,800
4,P13,221801,1,800
5,P14,221801,0,800
6,P15,221801,1,800
7,P16,221801,1,800
8,P17,221801,1,1600
9,P18,221801,1,1600
10,P19,221801,1,1600
11,P20,221801,1,1600
12,P21,221801,1,1600
13,P22,221801,1,1600
0,P09,241283,1,800
1,P10,241283,0,800
2,P11,241283,1,800
3,P12,241283,0,800
4,P13,241283,1,800
5,P14,241283,0,800
6,P15,241283,1,800
7,P16,241283,0,800
8,P17,241283,0,1600
9,P18,241283,0,1600
10,P19,241283,0,1600
11,P20,241283,1,1600
12,P21,241283,0,1600
13,P22,241283,0,1600
0,P09,241287,1,800
1,P10,241287,0,800
2,P11,241287,1,800
3,P12,241287,0,800
4,P13,241287,1,800
5,P14,241287,0,800
6,P15,241287,1,800
7,P16,241287,1,800
8,P17,241287,0,1600
9,P18,241287,0,1600
10,P19,241287,0,1600
11,P20,241287,1,1600
12,P21,241287,0,1600
13,P22,241287,0,1600
0,P09,241288,1,800
1,P10,241288,0,800
2,P11,241288,1,800
3,P12,241288,0,800
4,P13,241288,1,800
5,P14,241288,0,800
6,P15,241288,1,800
7,P16,241288,0,800
8,P17,241288,0,1600
9,P18,241288,0,1600
10,P19,241288,0,1600
11,P20,241288,0,1600
12,P21,241288,0,1600
13,P22,241288,0,1600
0,P09,251200,1,800
1,P10,251200,0,800
2,P11,251200,1,800
3,P12,251200,0,800
4,P13,251200,1,800
5,P14,251200,0,800
6,P15,251200,0,800
7,P16,251200,1,800
8,P17,251200,0,1600
9,P18,251200,0,1600
10,P19,251200,0,1600
11,P20,251200,1,1600
12,P21,251200,0,1600
13,P22,251200,0,1600
0,P09,280013,0,800
1,P10,280013,0,800
2,P11,280013,0,800
3,P12,280013,1,800
4,P13,280013,1,800
5,P14,280013,1,800
6,P15,280013,0,800
7,P16,280013,0,800
8,P17,280013,0,1600
9,P18,280013,0,1600
10,P19,280013,0,1600
11,P20,280013,0,1600
12,P21,280013,0,1600
13,P22,280013,0,1600
0,P09,280045,1,800
1,P10,280045,1,800
2,P11,280045,1,800
3,P12,280045,0,800
4,P13,280045,1,800
5,P14,280045,0,800
6,P15,280045,1,800
7,P16,280045,1,800
8,P17,280045,1,1600
9,P18,280045,1,1600
10,P19,280045,1,1600
11,P20,280045,1,1600
12,P21,280045,1,1600
13,P22,280045,1,1600
0,P09,280052,1,800
1,P10,280052,1,800
2,P11,280052,1,800
3,P12,280052,0,800
4,P13,280052,1,800
5,P14,280052,0,800
6,P15,280052,1,800
7,P16,280052,1,800
8,P17,280052,1,1600
9,P18,280052,1,1600
10,P19,280052,1,1600
11,P20,280052,1,1600
12,P21,280052,1,1600
13,P22,280052,1,1600
0,P09,280090,0,800
1,P10,280090,0,800
2,P11,280090,0,800
3,P12,280090,1,800
4,P13,280090,0,800
5,P14,280090,1,800
6,P15,280090,0,800
7,P16,280090,0,800
8,P17,280090,0,1600
9,P18,280090,0,1600
10,P19,280090,0,1600
11,P20,280090,0,1600
12,P21,280090,0,1600
13,P22,280090,0,1600
0,P09,280103,1,800
1,P10,280103,0,800
2,P11,280103,0,800
3,P12,280103,0,800
4,P13,280103,0,800
5,P14,280103,0,800
6,P15,280103,1,800
7,P16,280103,0,800
8,P17,280103,1,1600
9,P18,280103,1,1600
10,P19,280103,0,1600
11,P20,280103,1,1600
12,P21,280103,0,1600
13,P22,280103,0,1600
0,P09,280104,1,800
1,P10,280104,0,800
2,P11,280104,0,800
3,P12,280104,0,800
4,P13,280104,0,800
5,P14,280104,0,800
6,P15,280104,1,800
7,P16,280104,0,800
8,P17,280104,1,1600
9,P18,280104,1,1600
10,P19,280104,0,1600
11,P20,280104,1,1600
12,P21,280104,0,1600
13,P22,280104,0,1600
0,P09,280105,1,800
1,P10,280105,0,800
2,P11,280105,0,800
3,P12,280105,0,800
4,P13,280105,0,800
5,P14,280105,0,800
6,P15,280105,1,800
7,P16,280105,0,800
8,P17,280105,1,1600
9,P18,280105,1,1600
10,P19,280105,0,1600
11,P20,280105,1,1600
12,P21,280105,0,1600
13,P22,280105,0,1600
0,P09,280106,1,800
1,P10,280106,0,800
2,P11,280106,0,800
3,P12,280106,0,800
4,P13,280106,0,800
5,P14,280106,0,800
6,P15,280106,1,800
7,P16,280106,0,800
8,P17,280106,0,1600
9,P18,280106,1,1600
10,P19,280106,0,1600
11,P20,280106,1,1600
12,P21,280106,0,1600
13,P22,280106,0,1600
0,P09,280107,1,800
1,P10,280107,0,800
2,P11,280107,1,800
3,P12,280107,1,800
4,P13,280107,0,800
5,P14,280107,1,800
6,P15,280107,1,800
7,P16,280107,0,800
8,P17,280107,1,1600
9,P18,280107,0,1600
10,P19,280107,0,1600
11,P20,280107,1,1600
12,P21,280107,0,1600
13,P22,280107,0,1600
0,P09,280121,1,800
1,P10,280121,0,800
2,P11,280121,1,800
3,P12,280121,0,800
4,P13,280121,1,800
5,P14,280121,0,800
6,P15,280121,1,800
7,P16,280121,1,800
8,P17,280121,0,1600
9,P18,280121,0,1600
10,P19,280121,0,1600
11,P20,280121,0,1600
12,P21,280121,0,1600
13,P22,280121,0,1600
0,P09,280128,1,800
1,P10,280128,1,800
2,P11,280128,1,800
3,P12,280128,0,800
4,P13,280128,1,800
5,P14,280128,0,800
6,P15,280128,1,800
7,P16,280128,1,800
8,P17,280128,1,1600
9,P18,280128,1,1600
10,P19,280128,1,1600
11,P20,280128,1,1600
12,P21,280128,1,1600
13,P22,280128,1,1600
0,P09,280129,0,800
1,P10,280129,0,800
2,P11,280129,1,800
3,P12,280129,0,800
4,P13,280129,0,800
5,P14,280129,0,800
6,P15,280129,0,800
7,P16,280129,0,800
8,P17,280129,0,1600
9,P18,280129,0,1600
10,P19,280129,0,1600
11,P20,280129,0,1600
12,P21,280129,0,1600
13,P22,280129,0,1600
0,P09,280130,0,800
1,P10,280130,0,800
2,P11,280130,1,800
3,P12,280130,0,800
4,P13,280130,0,800
5,P14,280130,0,800
6,P15,280130,0,800
7,P16,280130,0,800
8,P17,280130,0,1600
9,P18,280130,0,1600
10,P19,280130,0,1600
11,P20,280130,0,1600
12,P21,280130,0,1600
13,P22,280130,0,1600
0,P09,280131,1,800
1,P10,280131,1,800
2,P11,280131,1,800
3,P12,280131,0,800
4,P13,280131,1,800
5,P14,280131,0,800
6,P15,280131,1,800
7,P16,280131,1,800
8,P17,280131,1,1600
9,P18,280131,1,1600
10,P19,280131,1,1600
11,P20,280131,1,1600
12,P21,280131,1,1600
13,P22,280131,1,1600
0,P09,280164,0,800
1,P10,280164,0,800
2,P11,280164,0,800
3,P12,280164,1,800
4,P13,280164,0,800
5,P14,280164,1,800
6,P15,280164,0,800
7,P16,280164,0,800
8,P17,280164,0,1600
9,P18,280164,0,1600
10,P19,280164,0,1600
11,P20,280164,0,1600
12,P21,280164,0,1600
13,P22,280164,0,1600
0,P09,280166,1,800
1,P10,280166,0,800
2,P11,280166,0,800
3,P12,280166,0,800
4,P13,280166,0,800
5,P14,280166,1,800
6,P15,280166,1,800
7,P16,280166,0,800
8,P17,280166,1,1600
9,P18,280166,1,1600
10,P19,280166,0,1600
11,P20,280166,1,1600
12,P21,280166,1,1600
13,P22,280166,0,1600
0,P09,280169,1,800
1,P10,280169,0,800
2,P11,280169,1,800
3,P12,280169,0,800
4,P13,280169,1,800
5,P14,280169,0,800
6,P15,280169,1,800
7,P16,280169,1,800
8,P17,280169,1,1600
9,P18,280169,0,1600
10,P19,280169,0,1600
11,P20,280169,1,1600
12,P21,280169,0,1600
13,P22,280169,1,1600
0,P09,280181,1,800
1,P10,280181,1,800
2,P11,280181,1,800
3,P12,280181,0,800
4,P13,280181,1,800
5,P14,280181,0,800
6,P15,280181,1,800
7,P16,280181,1,800
8,P17,280181,1,1600
9,P18,280181,1,1600
10,P19,280181,1,1600
11,P20,280181,1,1600
12,P21,280181,1,1600
13,P22,280181,1,1600
0,P09,280212,0,800
1,P10,280212,0,800
2,P11,280212,1,800
3,P12,280212,0,800
4,P13,280212,1,800
5,P14,280212,0,800
6,P15,280212,1,800
7,P16,280212,1,800
8,P17,280212,1,1600
9,P18,280212,1,1600
10,P19,280212,1,1600
11,P20,280212,0,1600
12,P21,280212,1,1600
13,P22,280212,0,1600
0,P09,280213,0,800
1,P10,280213,0,800
2,P11,280213,1,800
3,P12,280213,0,800
4,P13,280213,1,800
5,P14,280213,0,800
6,P15,280213,1,800
7,P16,280213,1,800
8,P17,280213,1,1600
9,P18,280213,1,1600
10,P19,280213,1,1600
11,P20,280213,0,1600
12,P21,280213,1,1600
13,P22,280213,0,1600
0,P09,280222,1,800
1,P10,280222,0,800
2,P11,280222,1,800
3,P12,280222,0,800
4,P13,280222,1,800
5,P14,280222,0,800
6,P15,280222,1,800
7,P16,280222,1,800
8,P17,280222,1,1600
9,P18,280222,1,1600
10,P19,280222,1,1600
11,P20,280222,0,1600
12,P21,280222,1,1600
13,P22,280222,0,1600
0,P09,280233,1,800
1,P10,280233,1,800
2,P11,280233,1,800
3,P12,280233,0,800
4,P13,280233,1,800
5,P14,280233,0,800
6,P15,280233,1,800
7,P16,280233,1,800
8,P17,280233,1,1600
9,P18,280233,1,1600
10,P19,280233,1,1600
11,P20,280233,1,1600
12,P21,280233,1,1600
13,P22,280233,1,1600
0,P09,280234,1,800
1,P10,280234,1,800
2,P11,280234,1,800
3,P12,280234,0,800
4,P13,280234,1,800
5,P14,280234,0,800
6,P15,280234,1,800
7,P16,280234,1,800
8,P17,280234,1,1600
9,P18,280234,1,1600
10,P19,280234,1,1600
11,P20,280234,1,1600
12,P21,280234,1,1600
13,P22,280234,1,1600
0,P09,280235,1,800
1,P10,280235,1,800
2,P11,280235,1,800
3,P12,280235,0,800
4,P13,280235,1,800
5,P14,280235,0,800
6,P15,280235,1,800
7,P16,280235,1,800
8,P17,280235,1,1600
9,P18,280235,1,1600
10,P19,280235,1,1600
11,P20,280235,1,1600
12,P21,280235,1,1600
13,P22,280235,1,1600
0,P09,280244,1,800
1,P10,280244,0,800
2,P11,280244,1,800
3,P12,280244,1,800
4,P13,280244,1,800
5,P14,280244,1,800
6,P15,280244,1,800
7,P16,280244,0,800
8,P17,280244,1,1600
9,P18,280244,0,1600
10,P19,280244,0,1600
11,P20,280244,1,1600
12,P21,280244,0,1600
13,P22,280244,0,1600
0,P09,280245,0,800
1,P10,280245,0,800
2,P11,280245,0,800
3,P12,280245,1,800
4,P13,280245,0,800
5,P14,280245,1,800
6,P15,280245,0,800
7,P16,280245,0,800
8,P17,280245,1,1600
9,P18,280245,0,1600
10,P19,280245,0,1600
11,P20,280245,1,1600
12,P21,280245,0,1600
13,P22,280245,0,1600
0,P09,280246,1,800
1,P10,280246,0,800
2,P11,280246,1,800
3,P12,280246,0,800
4,P13,280246,1,800
5,P14,280246,0,800
6,P15,280246,0,800
7,P16,280246,0,800
8,P17,280246,0,1600
9,P18,280246,0,1600
10,P19,280246,0,1600
11,P20,280246,1,1600
12,P21,280246,0,1600
13,P22,280246,0,1600
0,P09,280247,1,800
1,P10,280247,1,800
2,P11,280247,1,800
3,P12,280247,0,800
4,P13,280247,1,800
5,P14,280247,0,800
6,P15,280247,1,800
7,P16,280247,1,800
8,P17,280247,1,1600
9,P18,280247,1,1600
10,P19,280247,1,1600
11,P20,280247,1,1600
12,P21,280247,1,1600
13,P22,280247,1,1600
0,P09,280256,0,800
1,P10,280256,1,800
2,P11,280256,0,800
3,P12,280256,0,800
4,P13,280256,1,800
5,P14,280256,0,800
6,P15,280256,1,800
7,P16,280256,1,800
8,P17,280256,0,1600
9,P18,280256,0,1600
10,P19,280256,1,1600
11,P20,280256,0,1600
12,P21,280256,0,1600
13,P22,280256,0,1600
0,P09,280264,1,800
1,P10,280264,0,800
2,P11,280264,1,800
3,P12,280264,0,800
4,P13,280264,1,800
5,P14,280264,0,800
6,P15,280264,1,800
7,P16,280264,1,800
8,P17,280264,0,1600
9,P18,280264,0,1600
10,P19,280264,0,1600
11,P20,280264,1,1600
12,P21,280264,0,1600
13,P22,280264,0,1600
0,P09,280281,0,800
1,P10,280281,0,800
2,P11,280281,1,800
3,P12,280281,0,800
4,P13,280281,0,800
5,P14,280281,0,800
6,P15,280281,0,800
7,P16,280281,0,800
8,P17,280281,0,1600
9,P18,280281,0,1600
10,P19,280281,0,1600
11,P20,280281,0,1600
12,P21,280281,0,1600
13,P22,280281,0,1600
0,P09,280298,0,800
1,P10,280298,0,800
2,P11,280298,1,800
3,P12,280298,0,800
4,P13,280298,0,800
5,P14,280298,0,800
6,P15,280298,0,800
7,P16,280298,0,800
8,P17,280298,0,1600
9,P18,280298,0,1600
10,P19,280298,0,1600
11,P20,280298,0,1600
12,P21,280298,0,1600
13,P22,280298,0,1600
0,P09,280318,1,800
1,P10,280318,0,800
2,P11,280318,1,800
3,P12,280318,0,800
4,P13,280318,1,800
5,P14,280318,0,800
6,P15,280318,1,800
7,P16,280318,1,800
8,P17,280318,1,1600
9,P18,280318,1,1600
10,P19,280318,0,1600
11,P20,280318,1,1600
12,P21,280318,0,1600
13,P22,280318,1,1600
0,P09,280322,1,800
1,P10,280322,1,800
2,P11,280322,1,800
3,P12,280322,0,800
4,P13,280322,1,800
5,P14,280322,0,800
6,P15,280322,1,800
7,P16,280322,1,800
8,P17,280322,1,1600
9,P18,280322,1,1600
10,P19,280322,1,1600
11,P20,280322,1,1600
12,P21,280322,1,1600
13,P22,280322,1,1600
0,P09,280323,1,800
1,P10,280323,0,800
2,P11,280323,1,800
3,P12,280323,0,800
4,P13,280323,0,800
5,P14,280323,0,800
6,P15,280323,1,800
7,P16,280323,1,800
8,P17,280323,1,1600
9,P18,280323,1,1600
10,P19,280323,1,1600
11,P20,280323,1,1600
12,P21,280323,1,1600
13,P22,280323,0,1600
0,P09,280324,1,800
1,P10,280324,0,800
2,P11,280324,0,800
3,P12,280324,0,800
4,P13,280324,0,800
5,P14,280324,0,800
6,P15,280324,1,800
7,P16,280324,1,800
8,P17,280324,1,1600
9,P18,280324,1,1600
10,P19,280324,1,1600
11,P20,280324,1,1600
12,P21,280324,1,1600
13,P22,280324,1,1600
0,P09,280325,1,800
1,P10,280325,1,800
2,P11,280325,1,800
3,P12,280325,0,800
4,P13,280325,1,800
5,P14,280325,0,800
6,P15,280325,1,800
7,P16,280325,1,800
8,P17,280325,1,1600
9,P18,280325,1,1600
10,P19,280325,1,1600
11,P20,280325,1,1600
12,P21,280325,1,1600
13,P22,280325,1,1600
0,P09,280344,1,800
1,P10,280344,0,800
2,P11,280344,0,800
3,P12,280344,0,800
4,P13,280344,0,800
5,P14,280344,0,800
6,P15,280344,1,800
7,P16,280344,0,800
8,P17,280344,1,1600
9,P18,280344,1,1600
10,P19,280344,0,1600
11,P20,280344,1,1600
12,P21,280344,0,1600
13,P22,280344,0,1600
0,P09,280345,0,800
1,P10,280345,0,800
2,P11,280345,1,800
3,P12,280345,0,800
4,P13,280345,0,800
5,P14,280345,1,800
6,P15,280345,0,800
7,P16,280345,0,800
8,P17,280345,0,1600
9,P18,280345,0,1600
10,P19,280345,0,1600
11,P20,280345,0,1600
12,P21,280345,0,1600
13,P22,280345,0,1600
0,P09,280347,0,800
1,P10,280347,0,800
2,P11,280347,0,800
3,P12,280347,0,800
4,P13,280347,0,800
5,P14,280347,1,800
6,P15,280347,0,800
7,P16,280347,0,800
8,P17,280347,0,1600
9,P18,280347,0,1600
10,P19,280347,0,1600
11,P20,280347,0,1600
12,P21,280347,0,1600
13,P22,280347,0,1600
0,P09,280348,0,800
1,P10,280348,0,800
2,P11,280348,0,800
3,P12,280348,0,800
4,P13,280348,0,800
5,P14,280348,0,800
6,P15,280348,1,800
7,P16,280348,1,800
8,P17,280348,0,1600
9,P18,280348,0,1600
10,P19,280348,0,1600
11,P20,280348,0,1600
12,P21,280348,0,1600
13,P22,280348,0,1600
0,P09,280351,0,800
1,P10,280351,0,800
2,P11,280351,0,800
3,P12,280351,0,800
4,P13,280351,0,800
5,P14,280351,0,800
6,P15,280351,0,800
7,P16,280351,1,800
8,P17,280351,0,1600
9,P18,280351,0,1600
10,P19,280351,1,1600
11,P20,280351,0,1600
12,P21,280351,0,1600
13,P22,280351,0,1600
0,P09,280355,1,800
1,P10,280355,1,800
2,P11,280355,1,800
3,P12,280355,0,800
4,P13,280355,1,800
5,P14,280355,0,800
6,P15,280355,1,800
7,P16,280355,1,800
8,P17,280355,1,1600
9,P18,280355,1,1600
10,P19,280355,1,1600
11,P20,280355,1,1600
12,P21,280355,1,1600
13,P22,280355,1,1600
0,P09,280356,1,800
1,P10,280356,1,800
2,P11,280356,1,800
3,P12,280356,0,800
4,P13,280356,1,800
5,P14,280356,0,800
6,P15,280356,1,800
7,P16,280356,1,800
8,P17,280356,1,1600
9,P18,280356,1,1600
10,P19,280356,1,1600
11,P20,280356,1,1600
12,P21,280356,1,1600
13,P22,280356,1,1600
0,P09,280357,1,800
1,P10,280357,1,800
2,P11,280357,1,800
3,P12,280357,0,800
4,P13,280357,1,800
5,P14,280357,0,800
6,P15,280357,1,800
7,P16,280357,1,800
8,P17,280357,1,1600
9,P18,280357,1,1600
10,P19,280357,1,1600
11,P20,280357,1,1600
12,P21,280357,1,1600
13,P22,280357,1,1600
0,P09,280358,0,800
1,P10,280358,0,800
2,P11,280358,1,800
3,P12,280358,0,800
4,P13,280358,0,800
5,P14,280358,0,800
6,P15,280358,0,800
7,P16,280358,0,800
8,P17,280358,0,1600
9,P18,280358,0,1600
10,P19,280358,0,1600
11,P20,280358,0,1600
12,P21,280358,0,1600
13,P22,280358,0,1600
0,P09,280359,1,800
1,P10,280359,1,800
2,P11,280359,1,800
3,P12,280359,0,800
4,P13,280359,1,800
5,P14,280359,0,800
6,P15,280359,1,800
7,P16,280359,1,800
8,P17,280359,1,1600
9,P18,280359,1,1600
10,P19,280359,1,1600
11,P20,280359,1,1600
12,P21,280359,1,1600
13,P22,280359,1,1600
0,P09,280375,0,800
1,P10,280375,0,800
2,P11,280375,0,800
3,P12,280375,1,800
4,P13,280375,0,800
5,P14,280375,0,800
6,P15,280375,0,800
7,P16,280375,0,800
8,P17,280375,0,1600
9,P18,280375,0,1600
10,P19,280375,0,1600
11,P20,280375,0,1600
12,P21,280375,0,1600
13,P22,280375,0,1600
0,P09,280376,0,800
1,P10,280376,0,800
2,P11,280376,0,800
3,P12,280376,1,800
4,P13,280376,0,800
5,P14,280376,0,800
6,P15,280376,0,800
7,P16,280376,0,800
8,P17,280376,0,1600
9,P18,280376,0,1600
10,P19,280376,0,1600
11,P20,280376,0,1600
12,P21,280376,0,1600
13,P22,280376,0,1600
0,P09,280377,0,800
1,P10,280377,0,800
2,P11,280377,0,800
3,P12,280377,1,800
4,P13,280377,0,800
5,P14,280377,0,800
6,P15,280377,0,800
7,P16,280377,0,800
8,P17,280377,0,1600
9,P18,280377,0,1600
10,P19,280377,0,1600
11,P20,280377,0,1600
12,P21,280377,0,1600
13,P22,280377,0,1600
0,P09,280378,0,800
1,P10,280378,0,800
2,P11,280378,0,800
3,P12,280378,1,800
4,P13,280378,0,800
5,P14,280378,0,800
6,P15,280378,0,800
7,P16,280378,0,800
8,P17,280378,0,1600
9,P18,280378,0,1600
10,P19,280378,0,1600
11,P20,280378,0,1600
12,P21,280378,0,1600
13,P22,280378,0,1600
0,P09,280379,0,800
1,P10,280379,0,800
2,P11,280379,0,800
3,P12,280379,1,800
4,P13,280379,0,800
5,P14,280379,0,800
6,P15,280379,0,800
7,P16,280379,0,800
8,P17,280379,0,1600
9,P18,280379,0,1600
10,P19,280379,0,1600
11,P20,280379,0,1600
12,P21,280379,0,1600
13,P22,280379,0,1600
0,P09,280380,0,800
1,P10,280380,0,800
2,P11,280380,0,800
3,P12,280380,1,800
4,P13,280380,0,800
5,P14,280380,0,800
6,P15,280380,0,800
7,P16,280380,0,800
8,P17,280380,0,1600
9,P18,280380,0,1600
10,P19,280380,0,1600
11,P20,280380,0,1600
12,P21,280380,0,1600
13,P22,280380,0,1600
0,P09,280383,0,800
1,P10,280383,0,800
2,P11,280383,0,800
3,P12,280383,1,800
4,P13,280383,0,800
5,P14,280383,1,800
6,P15,280383,0,800
7,P16,280383,0,800
8,P17,280383,0,1600
9,P18,280383,0,1600
10,P19,280383,0,1600
11,P20,280383,0,1600
12,P21,280383,0,1600
13,P22,280383,0,1600
0,P09,280384,0,800
1,P10,280384,0,800
2,P11,280384,0,800
3,P12,280384,1,800
4,P13,280384,0,800
5,P14,280384,1,800
6,P15,280384,0,800
7,P16,280384,0,800
8,P17,280384,0,1600
9,P18,280384,0,1600
10,P19,280384,0,1600
11,P20,280384,0,1600
12,P21,280384,0,1600
13,P22,280384,0,1600
0,P09,280385,0,800
1,P10,280385,0,800
2,P11,280385,0,800
3,P12,280385,1,800
4,P13,280385,0,800
5,P14,280385,1,800
6,P15,280385,0,800
7,P16,280385,0,800
8,P17,280385,0,1600
9,P18,280385,0,1600
10,P19,280385,0,1600
11,P20,280385,0,1600
12,P21,280385,0,1600
13,P22,280385,0,1600
0,P09,280391,1,800
1,P10,280391,0,800
2,P11,280391,0,800
3,P12,280391,0,800
4,P13,280391,0,800
5,P14,280391,0,800
6,P15,280391,1,800
7,P16,280391,0,800
8,P17,280391,1,1600
9,P18,280391,1,1600
10,P19,280391,0,1600
11,P20,280391,1,1600
12,P21,280391,0,1600
13,P22,280391,0,1600
0,P09,280397,0,800
1,P10,280397,0,800
2,P11,280397,0,800
3,P12,280397,1,800
4,P13,280397,0,800
5,P14,280397,0,800
6,P15,280397,0,800
7,P16,280397,0,800
8,P17,280397,0,1600
9,P18,280397,0,1600
10,P19,280397,0,1600
11,P20,280397,0,1600
12,P21,280397,0,1600
13,P22,280397,0,1600
0,P09,280399,1,800
1,P10,280399,1,800
2,P11,280399,1,800
3,P12,280399,0,800
4,P13,280399,1,800
5,P14,280399,0,800
6,P15,280399,1,800
7,P16,280399,1,800
8,P17,280399,1,1600
9,P18,280399,1,1600
10,P19,280399,1,1600
11,P20,280399,1,1600
12,P21,280399,1,1600
13,P22,280399,1,1600
0,P09,280405,1,800
1,P10,280405,0,800
2,P11,280405,1,800
3,P12,280405,0,800
4,P13,280405,1,800
5,P14,280405,0,800
6,P15,280405,1,800
7,P16,280405,0,800
8,P17,280405,1,1600
9,P18,280405,1,1600
10,P19,280405,1,1600
11,P20,280405,0,1600
12,P21,280405,1,1600
13,P22,280405,0,1600
0,P09,280412,1,800
1,P10,280412,1,800
2,P11,280412,1,800
3,P12,280412,0,800
4,P13,280412,1,800
5,P14,280412,0,800
6,P15,280412,1,800
7,P16,280412,1,800
8,P17,280412,1,1600
9,P18,280412,1,1600
10,P19,280412,1,1600
11,P20,280412,1,1600
12,P21,280412,1,1600
13,P22,280412,1,1600
0,P09,280421,1,800
1,P10,280421,0,800
2,P11,280421,0,800
3,P12,280421,0,800
4,P13,280421,0,800
5,P14,280421,0,800
6,P15,280421,1,800
7,P16,280421,0,800
8,P17,280421,1,1600
9,P18,280421,1,1600
10,P19,280421,0,1600
11,P20,280421,1,1600
12,P21,280421,0,1600
13,P22,280421,1,1600
0,P09,280425,1,800
1,P10,280425,0,800
2,P11,280425,1,800
3,P12,280425,0,800
4,P13,280425,1,800
5,P14,280425,0,800
6,P15,280425,1,800
7,P16,280425,1,800
8,P17,280425,0,1600
9,P18,280425,0,1600
10,P19,280425,0,1600
11,P20,280425,0,1600
12,P21,280425,0,1600
13,P22,280425,0,1600
0,P09,280426,0,800
1,P10,280426,0,800
2,P11,280426,0,800
3,P12,280426,1,800
4,P13,280426,0,800
5,P14,280426,0,800
6,P15,280426,0,800
7,P16,280426,0,800
8,P17,280426,0,1600
9,P18,280426,0,1600
10,P19,280426,0,1600
11,P20,280426,0,1600
12,P21,280426,0,1600
13,P22,280426,0,1600
0,P09,280432,1,800
1,P10,280432,1,800
2,P11,280432,1,800
3,P12,280432,0,800
4,P13,280432,1,800
5,P14,280432,0,800
6,P15,280432,1,800
7,P16,280432,1,800
8,P17,280432,1,1600
9,P18,280432,1,1600
10,P19,280432,1,1600
11,P20,280432,1,1600
12,P21,280432,1,1600
13,P22,280432,1,1600
0,P09,280434,1,800
1,P10,280434,1,800
2,P11,280434,1,800
3,P12,280434,0,800
4,P13,280434,1,800
5,P14,280434,0,800
6,P15,280434,1,800
7,P16,280434,1,800
8,P17,280434,1,1600
9,P18,280434,1,1600
10,P19,280434,1,1600
11,P20,280434,1,1600
12,P21,280434,1,1600
13,P22,280434,1,1600
0,P09,280436,0,800
1,P10,280436,0,800
2,P11,280436,0,800
3,P12,280436,1,800
4,P13,280436,0,800
5,P14,280436,0,800
6,P15,280436,0,800
7,P16,280436,0,800
8,P17,280436,0,1600
9,P18,280436,0,1600
10,P19,280436,0,1600
11,P20,280436,0,1600
12,P21,280436,0,1600
13,P22,280436,0,1600
0,P09,280437,1,800
1,P10,280437,1,800
2,P11,280437,1,800
3,P12,280437,0,800
4,P13,280437,1,800
5,P14,280437,0,800
6,P15,280437,1,800
7,P16,280437,1,800
8,P17,280437,1,1600
9,P18,280437,1,1600
10,P19,280437,1,1600
11,P20,280437,1,1600
12,P21,280437,1,1600
13,P22,280437,1,1600
0,P09,280450,1,800
1,P10,280450,0,800
2,P11,280450,1,800
3,P12,280450,0,800
4,P13,280450,1,800
5,P14,280450,0,800
6,P15,280450,0,800
7,P16,280450,0,800
8,P17,280450,0,1600
9,P18,280450,0,1600
10,P19,280450,0,1600
11,P20,280450,0,1600
12,P21,280450,0,1600
13,P22,280450,0,1600
0,P09,280451,1,800
1,P10,280451,0,800
2,P11,280451,0,800
3,P12,280451,0,800
4,P13,280451,0,800
5,P14,280451,0,800
6,P15,280451,1,800
7,P16,280451,0,800
8,P17,280451,1,1600
9,P18,280451,1,1600
10,P19,280451,0,1600
11,P20,280451,1,1600
12,P21,280451,1,1600
13,P22,280451,1,1600
0,P09,280452,1,800
1,P10,280452,0,800
2,P11,280452,0,800
3,P12,280452,0,800
4,P13,280452,0,800
5,P14,280452,0,800
6,P15,280452,1,800
7,P16,280452,0,800
8,P17,280452,1,1600
9,P18,280452,1,1600
10,P19,280452,0,1600
11,P20,280452,0,1600
12,P21,280452,0,1600
13,P22,280452,1,1600
0,P09,280453,1,800
1,P10,280453,0,800
2,P11,280453,0,800
3,P12,280453,0,800
4,P13,280453,0,800
5,P14,280453,0,800
6,P15,280453,1,800
7,P16,280453,0,800
8,P17,280453,1,1600
9,P18,280453,1,1600
10,P19,280453,0,1600
11,P20,280453,1,1600
12,P21,280453,0,1600
13,P22,280453,1,1600
0,P09,280454,0,800
1,P10,280454,0,800
2,P11,280454,0,800
3,P12,280454,0,800
4,P13,280454,0,800
5,P14,280454,0,800
6,P15,280454,1,800
7,P16,280454,1,800
8,P17,280454,1,1600
9,P18,280454,1,1600
10,P19,280454,1,1600
11,P20,280454,1,1600
12,P21,280454,0,1600
13,P22,280454,0,1600
0,P09,280459,1,800
1,P10,280459,1,800
2,P11,280459,1,800
3,P12,280459,0,800
4,P13,280459,1,800
5,P14,280459,0,800
6,P15,280459,1,800
7,P16,280459,1,800
8,P17,280459,1,1600
9,P18,280459,1,1600
10,P19,280459,1,1600
11,P20,280459,1,1600
12,P21,280459,1,1600
13,P22,280459,1,1600
0,P09,280464,1,800
1,P10,280464,1,800
2,P11,280464,1,800
3,P12,280464,0,800
4,P13,280464,1,800
5,P14,280464,0,800
6,P15,280464,1,800
7,P16,280464,1,800
8,P17,280464,1,1600
9,P18,280464,1,1600
10,P19,280464,1,1600
11,P20,280464,1,1600
12,P21,280464,1,1600
13,P22,280464,1,1600
0,P09,280465,1,800
1,P10,280465,1,800
2,P11,280465,1,800
3,P12,280465,0,800
4,P13,280465,1,800
5,P14,280465,0,800
6,P15,280465,1,800
7,P16,280465,1,800
8,P17,280465,1,1600
9,P18,280465,1,1600
10,P19,280465,1,1600
11,P20,280465,1,1600
12,P21,280465,1,1600
13,P22,280465,1,1600
0,P09,280466,1,800
1,P10,280466,1,800
2,P11,280466,1,800
3,P12,280466,0,800
4,P13,280466,1,800
5,P14,280466,0,800
6,P15,280466,1,800
7,P16,280466,1,800
8,P17,280466,1,1600
9,P18,280466,1,1600
10,P19,280466,1,1600
11,P20,280466,1,1600
12,P21,280466,1,1600
13,P22,280466,1,1600
0,P09,280467,1,800
1,P10,280467,1,800
2,P11,280467,1,800
3,P12,280467,0,800
4,P13,280467,1,800
5,P14,280467,0,800
6,P15,280467,1,800
7,P16,280467,1,800
8,P17,280467,1,1600
9,P18,280467,1,1600
10,P19,280467,1,1600
11,P20,280467,1,1600
12,P21,280467,1,1600
13,P22,280467,1,1600
0,P09,280468,1,800
1,P10,280468,1,800
2,P11,280468,1,800
3,P12,280468,0,800
4,P13,280468,1,800
5,P14,280468,0,800
6,P15,280468,1,800
7,P16,280468,1,800
8,P17,280468,1,1600
9,P18,280468,1,1600
10,P19,280468,1,1600
11,P20,280468,1,1600
12,P21,280468,1,1600
13,P22,280468,1,1600
0,P09,280469,1,800
1,P10,280469,1,800
2,P11,280469,1,800
3,P12,280469,0,800
4,P13,280469,1,800
5,P14,280469,0,800
6,P15,280469,1,800
7,P16,280469,1,800
8,P17,280469,1,1600
9,P18,280469,1,1600
10,P19,280469,1,1600
11,P20,280469,1,1600
12,P21,280469,1,1600
13,P22,280469,1,1600
0,P09,280473,1,800
1,P10,280473,1,800
2,P11,280473,1,800
3,P12,280473,0,800
4,P13,280473,1,800
5,P14,280473,0,800
6,P15,280473,1,800
7,P16,280473,1,800
8,P17,280473,1,1600
9,P18,280473,1,1600
10,P19,280473,1,1600
11,P20,280473,1,1600
12,P21,280473,1,1600
13,P22,280473,1,1600
0,P09,280474,1,800
1,P10,280474,1,800
2,P11,280474,1,800
3,P12,280474,0,800
4,P13,280474,1,800
5,P14,280474,0,800
6,P15,280474,1,800
7,P16,280474,1,800
8,P17,280474,1,1600
9,P18,280474,1,1600
10,P19,280474,1,1600
11,P20,280474,1,1600
12,P21,280474,1,1600
13,P22,280474,1,1600
0,P09,280477,1,800
1,P10,280477,1,800
2,P11,280477,1,800
3,P12,280477,0,800
4,P13,280477,1,800
5,P14,280477,0,800
6,P15,280477,1,800
7,P16,280477,1,800
8,P17,280477,1,1600
9,P18,280477,1,1600
10,P19,280477,1,1600
11,P20,280477,1,1600
12,P21,280477,1,1600
13,P22,280477,1,1600
0,P09,280478,1,800
1,P10,280478,0,800
2,P11,280478,0,800
3,P12,280478,0,800
4,P13,280478,0,800
5,P14,280478,1,800
6,P15,280478,0,800
7,P16,280478,0,800
8,P17,280478,0,1600
9,P18,280478,0,1600
10,P19,280478,0,1600
11,P20,280478,0,1600
12,P21,280478,0,1600
13,P22,280478,0,1600
0,P09,280480,0,800
1,P10,280480,0,800
2,P11,280480,1,800
3,P12,280480,0,800
4,P13,280480,1,800
5,P14,280480,0,800
6,P15,280480,1,800
7,P16,280480,1,800
8,P17,280480,1,1600
9,P18,280480,1,1600
10,P19,280480,1,1600
11,P20,280480,1,1600
12,P21,280480,1,1600
13,P22,280480,1,1600
0,P09,280481,1,800
1,P10,280481,1,800
2,P11,280481,1,800
3,P12,280481,0,800
4,P13,280481,1,800
5,P14,280481,0,800
6,P15,280481,1,800
7,P16,280481,1,800
8,P17,280481,1,1600
9,P18,280481,1,1600
10,P19,280481,1,1600
11,P20,280481,1,1600
12,P21,280481,1,1600
13,P22,280481,1,1600
0,P09,280488,0,800
1,P10,280488,0,800
2,P11,280488,0,800
3,P12,280488,1,800
4,P13,280488,0,800
5,P14,280488,0,800
6,P15,280488,0,800
7,P16,280488,0,800
8,P17,280488,0,1600
9,P18,280488,0,1600
10,P19,280488,0,1600
11,P20,280488,0,1600
12,P21,280488,0,1600
13,P22,280488,0,1600
0,P09,280489,1,800
1,P10,280489,0,800
2,P11,280489,0,800
3,P12,280489,0,800
4,P13,280489,0,800
5,P14,280489,0,800
6,P15,280489,0,800
7,P16,280489,0,800
8,P17,280489,1,1600
9,P18,280489,1,1600
10,P19,280489,1,1600
11,P20,280489,0,1600
12,P21,280489,1,1600
13,P22,280489,0,1600
0,P09,280490,1,800
1,P10,280490,0,800
2,P11,280490,0,800
3,P12,280490,0,800
4,P13,280490,1,800
5,P14,280490,0,800
6,P15,280490,1,800
7,P16,280490,1,800
8,P17,280490,1,1600
9,P18,280490,1,1600
10,P19,280490,0,1600
11,P20,280490,1,1600
12,P21,280490,1,1600
13,P22,280490,0,1600
0,P09,280493,1,800
1,P10,280493,0,800
2,P11,280493,0,800
3,P12,280493,0,800
4,P13,280493,0,800
5,P14,280493,0,800
6,P15,280493,1,800
7,P16,280493,0,800
8,P17,280493,0,1600
9,P18,280493,1,1600
10,P19,280493,0,1600
11,P20,280493,0,1600
12,P21,280493,0,1600
13,P22,280493,0,1600
0,P09,280496,1,800
1,P10,280496,1,800
2,P11,280496,1,800
3,P12,280496,0,800
4,P13,280496,1,800
5,P14,280496,0,800
6,P15,280496,1,800
7,P16,280496,1,800
8,P17,280496,1,1600
9,P18,280496,1,1600
10,P19,280496,1,1600
11,P20,280496,1,1600
12,P21,280496,1,1600
13,P22,280496,1,1600
0,P09,280497,1,800
1,P10,280497,1,800
2,P11,280497,1,800
3,P12,280497,0,800
4,P13,280497,1,800
5,P14,280497,0,800
6,P15,280497,1,800
7,P16,280497,1,800
8,P17,280497,1,1600
9,P18,280497,1,1600
10,P19,280497,1,1600
11,P20,280497,1,1600
12,P21,280497,1,1600
13,P22,280497,1,1600
0,P09,280516,0,800
1,P10,280516,0,800
2,P11,280516,0,800
3,P12,280516,0,800
4,P13,280516,0,800
5,P14,280516,0,800
6,P15,280516,0,800
7,P16,280516,0,800
8,P17,280516,0,1600
9,P18,280516,0,1600
10,P19,280516,0,1600
11,P20,280516,1,1600
12,P21,280516,0,1600
13,P22,280516,0,1600
0,P09,280517,1,800
1,P10,280517,0,800
2,P11,280517,1,800
3,P12,280517,0,800
4,P13,280517,1,800
5,P14,280517,0,800
6,P15,280517,0,800
7,P16,280517,0,800
8,P17,280517,0,1600
9,P18,280517,0,1600
10,P19,280517,0,1600
11,P20,280517,0,1600
12,P21,280517,0,1600
13,P22,280517,0,1600
0,P09,280520,1,800
1,P10,280520,1,800
2,P11,280520,1,800
3,P12,280520,0,800
4,P13,280520,1,800
5,P14,280520,0,800
6,P15,280520,1,800
7,P16,280520,1,800
8,P17,280520,1,1600
9,P18,280520,1,1600
10,P19,280520,1,1600
11,P20,280520,1,1600
12,P21,280520,1,1600
13,P22,280520,1,1600
0,P09,280521,1,800
1,P10,280521,1,800
2,P11,280521,1,800
3,P12,280521,0,800
4,P13,280521,1,800
5,P14,280521,0,800
6,P15,280521,1,800
7,P16,280521,1,800
8,P17,280521,1,1600
9,P18,280521,1,1600
10,P19,280521,1,1600
11,P20,280521,1,1600
12,P21,280521,1,1600
13,P22,280521,1,1600
0,P09,280522,1,800
1,P10,280522,1,800
2,P11,280522,1,800
3,P12,280522,0,800
4,P13,280522,1,800
5,P14,280522,0,800
6,P15,280522,1,800
7,P16,280522,1,800
8,P17,280522,1,1600
9,P18,280522,1,1600
10,P19,280522,1,1600
11,P20,280522,1,1600
12,P21,280522,1,1600
13,P22,280522,1,1600
0,P09,280525,1,800
1,P10,280525,1,800
2,P11,280525,1,800
3,P12,280525,0,800
4,P13,280525,1,800
5,P14,280525,0,800
6,P15,280525,1,800
7,P16,280525,1,800
8,P17,280525,1,1600
9,P18,280525,1,1600
10,P19,280525,1,1600
11,P20,280525,1,1600
12,P21,280525,1,1600
13,P22,280525,1,1600
0,P09,280526,1,800
1,P10,280526,1,800
2,P11,280526,1,800
3,P12,280526,0,800
4,P13,280526,1,800
5,P14,280526,0,800
6,P15,280526,1,800
7,P16,280526,1,800
8,P17,280526,1,1600
9,P18,280526,1,1600
10,P19,280526,1,1600
11,P20,280526,1,1600
12,P21,280526,1,1600
13,P22,280526,1,1600
0,P09,280528,1,800
1,P10,280528,1,800
2,P11,280528,1,800
3,P12,280528,0,800
4,P13,280528,1,800
5,P14,280528,0,800
6,P15,280528,1,800
7,P16,280528,1,800
8,P17,280528,1,1600
9,P18,280528,1,1600
10,P19,280528,1,1600
11,P20,280528,1,1600
12,P21,280528,1,1600
13,P22,280528,1,1600
0,P09,280529,1,800
1,P10,280529,1,800
2,P11,280529,1,800
3,P12,280529,0,800
4,P13,280529,1,800
5,P14,280529,0,800
6,P15,280529,1,800
7,P16,280529,1,800
8,P17,280529,1,1600
9,P18,280529,1,1600
10,P19,280529,1,1600
11,P20,280529,1,1600
12,P21,280529,1,1600
13,P22,280529,1,1600
0,P09,280532,1,800
1,P10,280532,1,800
2,P11,280532,1,800
3,P12,280532,0,800
4,P13,280532,1,800
5,P14,280532,0,800
6,P15,280532,1,800
7,P16,280532,1,800
8,P17,280532,1,1600
9,P18,280532,1,1600
10,P19,280532,1,1600
11,P20,280532,1,1600
12,P21,280532,1,1600
13,P22,280532,1,1600
0,P09,280539,0,800
1,P10,280539,0,800
2,P11,280539,0,800
3,P12,280539,1,800
4,P13,280539,0,800
5,P14,280539,0,800
6,P15,280539,0,800
7,P16,280539,0,800
8,P17,280539,0,1600
9,P18,280539,0,1600
10,P19,280539,0,1600
11,P20,280539,0,1600
12,P21,280539,0,1600
13,P22,280539,0,1600
0,P09,280541,1,800
1,P10,280541,0,800
2,P11,280541,1,800
3,P12,280541,0,800
4,P13,280541,0,800
5,P14,280541,0,800
6,P15,280541,1,800
7,P16,280541,1,800
8,P17,280541,0,1600
9,P18,280541,0,1600
10,P19,280541,0,1600
11,P20,280541,0,1600
12,P21,280541,0,1600
13,P22,280541,0,1600
0,P09,280557,1,800
1,P10,280557,0,800
2,P11,280557,0,800
3,P12,280557,0,800
4,P13,280557,0,800
5,P14,280557,0,800
6,P15,280557,0,800
7,P16,280557,0,800
8,P17,280557,0,1600
9,P18,280557,0,1600
10,P19,280557,0,1600
11,P20,280557,0,1600
12,P21,280557,0,1600
13,P22,280557,0,1600
0,P09,280558,1,800
1,P10,280558,1,800
2,P11,280558,1,800
3,P12,280558,0,800
4,P13,280558,1,800
5,P14,280558,0,800
6,P15,280558,1,800
7,P16,280558,1,800
8,P17,280558,1,1600
9,P18,280558,1,1600
10,P19,280558,1,1600
11,P20,280558,1,1600
12,P21,280558,1,1600
13,P22,280558,1,1600
0,P09,280559,0,800
1,P10,280559,0,800
2,P11,280559,0,800
3,P12,280559,0,800
4,P13,280559,0,800
5,P14,280559,0,800
6,P15,280559,1,800
7,P16,280559,1,800
8,P17,280559,0,1600
9,P18,280559,1,1600
10,P19,280559,0,1600
11,P20,280559,0,1600
12,P21,280559,1,1600
13,P22,280559,0,1600
0,P09,280563,0,800
1,P10,280563,0,800
2,P11,280563,1,800
3,P12,280563,0,800
4,P13,280563,0,800
5,P14,280563,0,800
6,P15,280563,1,800
7,P16,280563,1,800
8,P17,280563,0,1600
9,P18,280563,0,1600
10,P19,280563,0,1600
11,P20,280563,0,1600
12,P21,280563,0,1600
13,P22,280563,0,1600
0,P09,280564,0,800
1,P10,280564,0,800
2,P11,280564,0,800
3,P12,280564,0,800
4,P13,280564,0,800
5,P14,280564,0,800
6,P15,280564,0,800
7,P16,280564,1,800
8,P17,280564,0,1600
9,P18,280564,0,1600
10,P19,280564,0,1600
11,P20,280564,0,1600
12,P21,280564,1,1600
13,P22,280564,0,1600
0,P09,280566,0,800
1,P10,280566,0,800
2,P11,280566,1,800
3,P12,280566,0,800
4,P13,280566,0,800
5,P14,280566,0,800
6,P15,280566,1,800
7,P16,280566,1,800
8,P17,280566,0,1600
9,P18,280566,0,1600
10,P19,280566,0,1600
11,P20,280566,0,1600
12,P21,280566,0,1600
13,P22,280566,0,1600
0,P09,280567,0,800
1,P10,280567,0,800
2,P11,280567,0,800
3,P12,280567,0,800
4,P13,280567,0,800
5,P14,280567,0,800
6,P15,280567,0,800
7,P16,280567,0,800
8,P17,280567,0,1600
9,P18,280567,1,1600
10,P19,280567,0,1600
11,P20,280567,0,1600
12,P21,280567,0,1600
13,P22,280567,0,1600
0,P09,280570,1,800
1,P10,280570,1,800
2,P11,280570,1,800
3,P12,280570,0,800
4,P13,280570,1,800
5,P14,280570,0,800
6,P15,280570,1,800
7,P16,280570,1,800
8,P17,280570,1,1600
9,P18,280570,1,1600
10,P19,280570,1,1600
11,P20,280570,1,1600
12,P21,280570,1,1600
13,P22,280570,1,1600
0,P09,280571,1,800
1,P10,280571,0,800
2,P11,280571,0,800
3,P12,280571,0,800
4,P13,280571,0,800
5,P14,280571,1,800
6,P15,280571,0,800
7,P16,280571,0,800
8,P17,280571,0,1600
9,P18,280571,0,1600
10,P19,280571,0,1600
11,P20,280571,0,1600
12,P21,280571,0,1600
13,P22,280571,0,1600
0,P09,280572,1,800
1,P10,280572,0,800
2,P11,280572,1,800
3,P12,280572,0,800
4,P13,280572,0,800
5,P14,280572,0,800
6,P15,280572,0,800
7,P16,280572,0,800
8,P17,280572,0,1600
9,P18,280572,0,1600
10,P19,280572,0,1600
11,P20,280572,0,1600
12,P21,280572,0,1600
13,P22,280572,0,1600
0,P09,280573,1,800
1,P10,280573,0,800
2,P11,280573,0,800
3,P12,280573,0,800
4,P13,280573,0,800
5,P14,280573,1,800
6,P15,280573,0,800
7,P16,280573,0,800
8,P17,280573,0,1600
9,P18,280573,0,1600
10,P19,280573,0,1600
11,P20,280573,0,1600
12,P21,280573,0,1600
13,P22,280573,0,1600
0,P09,280574,1,800
1,P10,280574,0,800
2,P11,280574,1,800
3,P12,280574,0,800
4,P13,280574,1,800
5,P14,280574,1,800
6,P15,280574,0,800
7,P16,280574,0,800
8,P17,280574,0,1600
9,P18,280574,0,1600
10,P19,280574,0,1600
11,P20,280574,0,1600
12,P21,280574,0,1600
13,P22,280574,0,1600
0,P09,280575,1,800
1,P10,280575,1,800
2,P11,280575,1,800
3,P12,280575,0,800
4,P13,280575,1,800
5,P14,280575,0,800
6,P15,280575,1,800
7,P16,280575,1,800
8,P17,280575,1,1600
9,P18,280575,1,1600
10,P19,280575,1,1600
11,P20,280575,1,1600
12,P21,280575,1,1600
13,P22,280575,1,1600
0,P09,280576,1,800
1,P10,280576,0,800
2,P11,280576,1,800
3,P12,280576,0,800
4,P13,280576,1,800
5,P14,280576,0,800
6,P15,280576,0,800
7,P16,280576,0,800
8,P17,280576,0,1600
9,P18,280576,0,1600
10,P19,280576,0,1600
11,P20,280576,0,1600
12,P21,280576,0,1600
13,P22,280576,0,1600
0,P09,280578,1,800
1,P10,280578,0,800
2,P11,280578,1,800
3,P12,280578,0,800
4,P13,280578,0,800
5,P14,280578,0,800
6,P15,280578,0,800
7,P16,280578,0,800
8,P17,280578,0,1600
9,P18,280578,0,1600
10,P19,280578,0,1600
11,P20,280578,0,1600
12,P21,280578,0,1600
13,P22,280578,0,1600
0,P09,280579,1,800
1,P10,280579,1,800
2,P11,280579,1,800
3,P12,280579,0,800
4,P13,280579,1,800
5,P14,280579,0,800
6,P15,280579,1,800
7,P16,280579,1,800
8,P17,280579,1,1600
9,P18,280579,1,1600
10,P19,280579,1,1600
11,P20,280579,1,1600
12,P21,280579,1,1600
13,P22,280579,1,1600
0,P09,280580,0,800
1,P10,280580,0,800
2,P11,280580,1,800
3,P12,280580,0,800
4,P13,280580,0,800
5,P14,280580,0,800
6,P15,280580,0,800
7,P16,280580,0,800
8,P17,280580,0,1600
9,P18,280580,0,1600
10,P19,280580,0,1600
11,P20,280580,0,1600
12,P21,280580,0,1600
13,P22,280580,0,1600
0,P09,280581,1,800
1,P10,280581,0,800
2,P11,280581,1,800
3,P12,280581,0,800
4,P13,280581,0,800
5,P14,280581,0,800
6,P15,280581,0,800
7,P16,280581,0,800
8,P17,280581,0,1600
9,P18,280581,0,1600
10,P19,280581,0,1600
11,P20,280581,0,1600
12,P21,280581,0,1600
13,P22,280581,0,1600
0,P09,280582,1,800
1,P10,280582,0,800
2,P11,280582,1,800
3,P12,280582,0,800
4,P13,280582,0,800
5,P14,280582,0,800
6,P15,280582,0,800
7,P16,280582,0,800
8,P17,280582,0,1600
9,P18,280582,0,1600
10,P19,280582,0,1600
11,P20,280582,0,1600
12,P21,280582,0,1600
13,P22,280582,0,1600
0,P09,280583,1,800
1,P10,280583,0,800
2,P11,280583,0,800
3,P12,280583,0,800
4,P13,280583,0,800
5,P14,280583,0,800
6,P15,280583,0,800
7,P16,280583,0,800
8,P17,280583,0,1600
9,P18,280583,0,1600
10,P19,280583,0,1600
11,P20,280583,1,1600
12,P21,280583,0,1600
13,P22,280583,0,1600
0,P09,280584,1,800
1,P10,280584,0,800
2,P11,280584,0,800
3,P12,280584,0,800
4,P13,280584,0,800
5,P14,280584,0,800
6,P15,280584,0,800
7,P16,280584,0,800
8,P17,280584,0,1600
9,P18,280584,0,1600
10,P19,280584,0,1600
11,P20,280584,1,1600
12,P21,280584,0,1600
13,P22,280584,0,1600
0,P09,280585,1,800
1,P10,280585,0,800
2,P11,280585,0,800
3,P12,280585,0,800
4,P13,280585,0,800
5,P14,280585,0,800
6,P15,280585,0,800
7,P16,280585,0,800
8,P17,280585,0,1600
9,P18,280585,0,1600
10,P19,280585,0,1600
11,P20,280585,1,1600
12,P21,280585,0,1600
13,P22,280585,0,1600
0,P09,280586,1,800
1,P10,280586,0,800
2,P11,280586,0,800
3,P12,280586,0,800
4,P13,280586,0,800
5,P14,280586,0,800
6,P15,280586,0,800
7,P16,280586,0,800
8,P17,280586,0,1600
9,P18,280586,0,1600
10,P19,280586,0,1600
11,P20,280586,1,1600
12,P21,280586,0,1600
13,P22,280586,0,1600
0,P09,280587,1,800
1,P10,280587,0,800
2,P11,280587,0,800
3,P12,280587,0,800
4,P13,280587,0,800
5,P14,280587,0,800
6,P15,280587,0,800
7,P16,280587,0,800
8,P17,280587,0,1600
9,P18,280587,0,1600
10,P19,280587,0,1600
11,P20,280587,1,1600
12,P21,280587,0,1600
13,P22,280587,0,1600
0,P09,280588,1,800
1,P10,280588,0,800
2,P11,280588,0,800
3,P12,280588,0,800
4,P13,280588,0,800
5,P14,280588,0,800
6,P15,280588,0,800
7,P16,280588,0,800
8,P17,280588,0,1600
9,P18,280588,0,1600
10,P19,280588,0,1600
11,P20,280588,1,1600
12,P21,280588,0,1600
13,P22,280588,0,1600
0,P09,280589,0,800
1,P10,280589,0,800
2,P11,280589,0,800
3,P12,280589,0,800
4,P13,280589,0,800
5,P14,280589,0,800
6,P15,280589,0,800
7,P16,280589,0,800
8,P17,280589,0,1600
9,P18,280589,0,1600
10,P19,280589,0,1600
11,P20,280589,1,1600
12,P21,280589,0,1600
13,P22,280589,0,1600
0,P09,280590,0,800
1,P10,280590,0,800
2,P11,280590,1,800
3,P12,280590,0,800
4,P13,280590,0,800
5,P14,280590,0,800
6,P15,280590,0,800
7,P16,280590,1,800
8,P17,280590,1,1600
9,P18,280590,1,1600
10,P19,280590,1,1600
11,P20,280590,0,1600
12,P21,280590,1,1600
13,P22,280590,1,1600
0,P09,280591,0,800
1,P10,280591,0,800
2,P11,280591,1,800
3,P12,280591,0,800
4,P13,280591,0,800
5,P14,280591,0,800
6,P15,280591,1,800
7,P16,280591,1,800
8,P17,280591,1,1600
9,P18,280591,1,1600
10,P19,280591,1,1600
11,P20,280591,0,1600
12,P21,280591,1,1600
13,P22,280591,1,1600
0,P09,280592,1,800
1,P10,280592,0,800
2,P11,280592,1,800
3,P12,280592,0,800
4,P13,280592,0,800
5,P14,280592,0,800
6,P15,280592,0,800
7,P16,280592,0,800
8,P17,280592,1,1600
9,P18,280592,1,1600
10,P19,280592,0,1600
11,P20,280592,0,1600
12,P21,280592,1,1600
13,P22,280592,0,1600
0,P09,280601,0,800
1,P10,280601,0,800
2,P11,280601,1,800
3,P12,280601,0,800
4,P13,280601,0,800
5,P14,280601,1,800
6,P15,280601,0,800
7,P16,280601,1,800
8,P17,280601,0,1600
9,P18,280601,0,1600
10,P19,280601,0,1600
11,P20,280601,0,1600
12,P21,280601,0,1600
13,P22,280601,0,1600
0,P09,280602,0,800
1,P10,280602,0,800
2,P11,280602,1,800
3,P12,280602,0,800
4,P13,280602,0,800
5,P14,280602,1,800
6,P15,280602,0,800
7,P16,280602,0,800
8,P17,280602,0,1600
9,P18,280602,0,1600
10,P19,280602,0,1600
11,P20,280602,0,1600
12,P21,280602,0,1600
13,P22,280602,0,1600
0,P09,280605,0,800
1,P10,280605,0,800
2,P11,280605,0,800
3,P12,280605,0,800
4,P13,280605,1,800
5,P14,280605,0,800
6,P15,280605,1,800
7,P16,280605,0,800
8,P17,280605,0,1600
9,P18,280605,0,1600
10,P19,280605,0,1600
11,P20,280605,0,1600
12,P21,280605,0,1600
13,P22,280605,0,1600
0,P09,280606,0,800
1,P10,280606,0,800
2,P11,280606,0,800
3,P12,280606,0,800
4,P13,280606,1,800
5,P14,280606,0,800
6,P15,280606,1,800
7,P16,280606,0,800
8,P17,280606,0,1600
9,P18,280606,0,1600
10,P19,280606,0,1600
11,P20,280606,0,1600
12,P21,280606,0,1600
13,P22,280606,0,1600
0,P09,280607,0,800
1,P10,280607,0,800
2,P11,280607,0,800
3,P12,280607,0,800
4,P13,280607,1,800
5,P14,280607,0,800
6,P15,280607,1,800
7,P16,280607,0,800
8,P17,280607,0,1600
9,P18,280607,0,1600
10,P19,280607,0,1600
11,P20,280607,0,1600
12,P21,280607,0,1600
13,P22,280607,0,1600
0,P09,280608,0,800
1,P10,280608,0,800
2,P11,280608,0,800
3,P12,280608,0,800
4,P13,280608,1,800
5,P14,280608,0,800
6,P15,280608,1,800
7,P16,280608,0,800
8,P17,280608,0,1600
9,P18,280608,0,1600
10,P19,280608,0,1600
11,P20,280608,0,1600
12,P21,280608,0,1600
13,P22,280608,0,1600
0,P09,280609,0,800
1,P10,280609,0,800
2,P11,280609,0,800
3,P12,280609,0,800
4,P13,280609,1,800
5,P14,280609,0,800
6,P15,280609,1,800
7,P16,280609,0,800
8,P17,280609,0,1600
9,P18,280609,0,1600
10,P19,280609,0,1600
11,P20,280609,0,1600
12,P21,280609,0,1600
13,P22,280609,0,1600
0,P09,280610,0,800
1,P10,280610,0,800
2,P11,280610,0,800
3,P12,280610,0,800
4,P13,280610,1,800
5,P14,280610,0,800
6,P15,280610,1,800
7,P16,280610,0,800
8,P17,280610,0,1600
9,P18,280610,0,1600
10,P19,280610,0,1600
11,P20,280610,0,1600
12,P21,280610,0,1600
13,P22,280610,0,1600
0,P09,280611,0,800
1,P10,280611,0,800
2,P11,280611,0,800
3,P12,280611,0,800
4,P13,280611,1,800
5,P14,280611,0,800
6,P15,280611,1,800
7,P16,280611,0,800
8,P17,280611,0,1600
9,P18,280611,0,1600
10,P19,280611,0,1600
11,P20,280611,0,1600
12,P21,280611,0,1600
13,P22,280611,0,1600
0,P09,280612,0,800
1,P10,280612,0,800
2,P11,280612,0,800
3,P12,280612,0,800
4,P13,280612,1,800
5,P14,280612,0,800
6,P15,280612,1,800
7,P16,280612,0,800
8,P17,280612,0,1600
9,P18,280612,0,1600
10,P19,280612,0,1600
11,P20,280612,0,1600
12,P21,280612,0,1600
13,P22,280612,0,1600
0,P09,280613,0,800
1,P10,280613,0,800
2,P11,280613,0,800
3,P12,280613,0,800
4,P13,280613,1,800
5,P14,280613,0,800
6,P15,280613,1,800
7,P16,280613,0,800
8,P17,280613,0,1600
9,P18,280613,0,1600
10,P19,280613,0,1600
11,P20,280613,0,1600
12,P21,280613,0,1600
13,P22,280613,0,1600
0,P09,280614,0,800
1,P10,280614,0,800
2,P11,280614,0,800
3,P12,280614,0,800
4,P13,280614,1,800
5,P14,280614,0,800
6,P15,280614,1,800
7,P16,280614,0,800
8,P17,280614,0,1600
9,P18,280614,0,1600
10,P19,280614,0,1600
11,P20,280614,0,1600
12,P21,280614,0,1600
13,P22,280614,0,1600
0,P09,280615,0,800
1,P10,280615,0,800
2,P11,280615,0,800
3,P12,280615,0,800
4,P13,280615,1,800
5,P14,280615,0,800
6,P15,280615,1,800
7,P16,280615,0,800
8,P17,280615,0,1600
9,P18,280615,0,1600
10,P19,280615,0,1600
11,P20,280615,0,1600
12,P21,280615,0,1600
13,P22,280615,0,1600
0,P09,280616,0,800
1,P10,280616,0,800
2,P11,280616,0,800
3,P12,280616,0,800
4,P13,280616,1,800
5,P14,280616,0,800
6,P15,280616,1,800
7,P16,280616,0,800
8,P17,280616,0,1600
9,P18,280616,0,1600
10,P19,280616,0,1600
11,P20,280616,0,1600
12,P21,280616,0,1600
13,P22,280616,0,1600
0,P09,280617,0,800
1,P10,280617,0,800
2,P11,280617,0,800
3,P12,280617,0,800
4,P13,280617,1,800
5,P14,280617,0,800
6,P15,280617,1,800
7,P16,280617,0,800
8,P17,280617,0,1600
9,P18,280617,0,1600
10,P19,280617,0,1600
11,P20,280617,0,1600
12,P21,280617,0,1600
13,P22,280617,0,1600
0,P09,280622,0,800
1,P10,280622,0,800
2,P11,280622,0,800
3,P12,280622,0,800
4,P13,280622,1,800
5,P14,280622,0,800
6,P15,280622,1,800
7,P16,280622,0,800
8,P17,280622,0,1600
9,P18,280622,0,1600
10,P19,280622,0,1600
11,P20,280622,0,1600
12,P21,280622,0,1600
13,P22,280622,0,1600
0,P09,280623,0,800
1,P10,280623,0,800
2,P11,280623,0,800
3,P12,280623,0,800
4,P13,280623,1,800
5,P14,280623,0,800
6,P15,280623,1,800
7,P16,280623,0,800
8,P17,280623,0,1600
9,P18,280623,0,1600
10,P19,280623,0,1600
11,P20,280623,0,1600
12,P21,280623,0,1600
13,P22,280623,0,1600
0,P09,280624,0,800
1,P10,280624,0,800
2,P11,280624,0,800
3,P12,280624,0,800
4,P13,280624,1,800
5,P14,280624,0,800
6,P15,280624,1,800
7,P16,280624,0,800
8,P17,280624,0,1600
9,P18,280624,0,1600
10,P19,280624,0,1600
11,P20,280624,0,1600
12,P21,280624,0,1600
13,P22,280624,0,1600
0,P09,280641,1,800
1,P10,280641,1,800
2,P11,280641,1,800
3,P12,280641,0,800
4,P13,280641,1,800
5,P14,280641,0,800
6,P15,280641,1,800
7,P16,280641,1,800
8,P17,280641,1,1600
9,P18,280641,1,1600
10,P19,280641,1,1600
11,P20,280641,1,1600
12,P21,280641,1,1600
13,P22,280641,1,1600
0,P09,280642,1,800
1,P10,280642,1,800
2,P11,280642,1,800
3,P12,280642,0,800
4,P13,280642,1,800
5,P14,280642,0,800
6,P15,280642,1,800
7,P16,280642,1,800
8,P17,280642,1,1600
9,P18,280642,1,1600
10,P19,280642,1,1600
11,P20,280642,1,1600
12,P21,280642,1,1600
13,P22,280642,1,1600
0,P09,280643,1,800
1,P10,280643,1,800
2,P11,280643,1,800
3,P12,280643,0,800
4,P13,280643,1,800
5,P14,280643,0,800
6,P15,280643,1,800
7,P16,280643,1,800
8,P17,280643,1,1600
9,P18,280643,1,1600
10,P19,280643,1,1600
11,P20,280643,1,1600
12,P21,280643,1,1600
13,P22,280643,1,1600
0,P09,280644,1,800
1,P10,280644,1,800
2,P11,280644,1,800
3,P12,280644,0,800
4,P13,280644,1,800
5,P14,280644,0,800
6,P15,280644,1,800
7,P16,280644,1,800
8,P17,280644,1,1600
9,P18,280644,1,1600
10,P19,280644,1,1600
11,P20,280644,1,1600
12,P21,280644,1,1600
13,P22,280644,1,1600
0,P09,280645,1,800
1,P10,280645,1,800
2,P11,280645,1,800
3,P12,280645,0,800
4,P13,280645,1,800
5,P14,280645,0,800
6,P15,280645,1,800
7,P16,280645,1,800
8,P17,280645,1,1600
9,P18,280645,1,1600
10,P19,280645,1,1600
11,P20,280645,1,1600
12,P21,280645,1,1600
13,P22,280645,1,1600
0,P09,280646,1,800
1,P10,280646,1,800
2,P11,280646,1,800
3,P12,280646,0,800
4,P13,280646,1,800
5,P14,280646,0,800
6,P15,280646,1,800
7,P16,280646,1,800
8,P17,280646,1,1600
9,P18,280646,1,1600
10,P19,280646,1,1600
11,P20,280646,1,1600
12,P21,280646,1,1600
13,P22,280646,1,1600
0,P09,280647,0,800
1,P10,280647,0,800
2,P11,280647,0,800
3,P12,280647,0,800
4,P13,280647,0,800
5,P14,280647,0,800
6,P15,280647,0,800
7,P16,280647,0,800
8,P17,280647,1,1600
9,P18,280647,1,1600
10,P19,280647,0,1600
11,P20,280647,0,1600
12,P21,280647,1,1600
13,P22,280647,1,1600
0,P09,280652,0,800
1,P10,280652,0,800
2,P11,280652,0,800
3,P12,280652,0,800
4,P13,280652,0,800
5,P14,280652,0,800
6,P15,280652,1,800
7,P16,280652,0,800
8,P17,280652,0,1600
9,P18,280652,0,1600
10,P19,280652,0,1600
11,P20,280652,0,1600
12,P21,280652,0,1600
13,P22,280652,0,1600
0,P09,280653,0,800
1,P10,280653,0,800
2,P11,280653,0,800
3,P12,280653,0,800
4,P13,280653,0,800
5,P14,280653,0,800
6,P15,280653,1,800
7,P16,280653,0,800
8,P17,280653,0,1600
9,P18,280653,0,1600
10,P19,280653,0,1600
11,P20,280653,0,1600
12,P21,280653,0,1600
13,P22,280653,0,1600
0,P09,280655,1,800
1,P10,280655,1,800
2,P11,280655,1,800
3,P12,280655,0,800
4,P13,280655,1,800
5,P14,280655,0,800
6,P15,280655,1,800
7,P16,280655,1,800
8,P17,280655,1,1600
9,P18,280655,1,1600
10,P19,280655,1,1600
11,P20,280655,1,1600
12,P21,280655,1,1600
13,P22,280655,1,1600
0,P09,280659,1,800
1,P10,280659,1,800
2,P11,280659,1,800
3,P12,280659,0,800
4,P13,280659,1,800
5,P14,280659,0,800
6,P15,280659,1,800
7,P16,280659,1,800
8,P17,280659,1,1600
9,P18,280659,1,1600
10,P19,280659,1,1600
11,P20,280659,1,1600
12,P21,280659,1,1600
13,P22,280659,1,1600
0,P09,280660,1,800
1,P10,280660,1,800
2,P11,280660,1,800
3,P12,280660,0,800
4,P13,280660,1,800
5,P14,280660,0,800
6,P15,280660,1,800
7,P16,280660,1,800
8,P17,280660,1,1600
9,P18,280660,1,1600
10,P19,280660,1,1600
11,P20,280660,1,1600
12,P21,280660,1,1600
13,P22,280660,1,1600
0,P09,280661,1,800
1,P10,280661,1,800
2,P11,280661,1,800
3,P12,280661,0,800
4,P13,280661,1,800
5,P14,280661,0,800
6,P15,280661,1,800
7,P16,280661,1,800
8,P17,280661,1,1600
9,P18,280661,1,1600
10,P19,280661,1,1600
11,P20,280661,1,1600
12,P21,280661,1,1600
13,P22,280661,1,1600
0,P09,280662,1,800
1,P10,280662,1,800
2,P11,280662,1,800
3,P12,280662,0,800
4,P13,280662,1,800
5,P14,280662,0,800
6,P15,280662,1,800
7,P16,280662,1,800
8,P17,280662,1,1600
9,P18,280662,1,1600
10,P19,280662,1,1600
11,P20,280662,1,1600
12,P21,280662,1,1600
13,P22,280662,1,1600
0,P09,280673,1,800
1,P10,280673,1,800
2,P11,280673,1,800
3,P12,280673,0,800
4,P13,280673,1,800
5,P14,280673,0,800
6,P15,280673,1,800
7,P16,280673,1,800
8,P17,280673,1,1600
9,P18,280673,1,1600
10,P19,280673,1,1600
11,P20,280673,1,1600
12,P21,280673,1,1600
13,P22,280673,1,1600
0,P09,280674,1,800
1,P10,280674,1,800
2,P11,280674,1,800
3,P12,280674,0,800
4,P13,280674,1,800
5,P14,280674,0,800
6,P15,280674,1,800
7,P16,280674,1,800
8,P17,280674,1,1600
9,P18,280674,1,1600
10,P19,280674,1,1600
11,P20,280674,1,1600
12,P21,280674,1,1600
13,P22,280674,1,1600
0,P09,280676,1,800
1,P10,280676,1,800
2,P11,280676,1,800
3,P12,280676,0,800
4,P13,280676,1,800
5,P14,280676,0,800
6,P15,280676,1,800
7,P16,280676,1,800
8,P17,280676,1,1600
9,P18,280676,1,1600
10,P19,280676,1,1600
11,P20,280676,1,1600
12,P21,280676,1,1600
13,P22,280676,1,1600
0,P09,280677,1,800
1,P10,280677,1,800
2,P11,280677,1,800
3,P12,280677,0,800
4,P13,280677,1,800
5,P14,280677,0,800
6,P15,280677,1,800
7,P16,280677,1,800
8,P17,280677,1,1600
9,P18,280677,1,1600
10,P19,280677,1,1600
11,P20,280677,1,1600
12,P21,280677,1,1600
13,P22,280677,1,1600
0,P09,280679,1,800
1,P10,280679,1,800
2,P11,280679,1,800
3,P12,280679,0,800
4,P13,280679,1,800
5,P14,280679,0,800
6,P15,280679,1,800
7,P16,280679,1,800
8,P17,280679,1,1600
9,P18,280679,1,1600
10,P19,280679,1,1600
11,P20,280679,1,1600
12,P21,280679,1,1600
13,P22,280679,1,1600
0,P09,280680,1,800
1,P10,280680,1,800
2,P11,280680,1,800
3,P12,280680,0,800
4,P13,280680,1,800
5,P14,280680,0,800
6,P15,280680,1,800
7,P16,280680,1,800
8,P17,280680,1,1600
9,P18,280680,1,1600
10,P19,280680,1,1600
11,P20,280680,1,1600
12,P21,280680,1,1600
13,P22,280680,1,1600
0,P09,280682,1,800
1,P10,280682,1,800
2,P11,280682,1,800
3,P12,280682,0,800
4,P13,280682,1,800
5,P14,280682,0,800
6,P15,280682,1,800
7,P16,280682,1,800
8,P17,280682,1,1600
9,P18,280682,1,1600
10,P19,280682,1,1600
11,P20,280682,1,1600
12,P21,280682,1,1600
13,P22,280682,1,1600
0,P09,280683,1,800
1,P10,280683,1,800
2,P11,280683,1,800
3,P12,280683,0,800
4,P13,280683,1,800
5,P14,280683,0,800
6,P15,280683,1,800
7,P16,280683,1,800
8,P17,280683,1,1600
9,P18,280683,1,1600
10,P19,280683,1,1600
11,P20,280683,1,1600
12,P21,280683,1,1600
13,P22,280683,1,1600
0,P09,280684,1,800
1,P10,280684,1,800
2,P11,280684,1,800
3,P12,280684,0,800
4,P13,280684,1,800
5,P14,280684,0,800
6,P15,280684,1,800
7,P16,280684,1,800
8,P17,280684,1,1600
9,P18,280684,1,1600
10,P19,280684,1,1600
11,P20,280684,1,1600
12,P21,280684,1,1600
13,P22,280684,1,1600
0,P09,280685,1,800
1,P10,280685,1,800
2,P11,280685,1,800
3,P12,280685,0,800
4,P13,280685,1,800
5,P14,280685,0,800
6,P15,280685,1,800
7,P16,280685,1,800
8,P17,280685,1,1600
9,P18,280685,1,1600
10,P19,280685,1,1600
11,P20,280685,1,1600
12,P21,280685,1,1600
13,P22,280685,1,1600
0,P09,280686,1,800
1,P10,280686,1,800
2,P11,280686,1,800
3,P12,280686,0,800
4,P13,280686,1,800
5,P14,280686,0,800
6,P15,280686,1,800
7,P16,280686,1,800
8,P17,280686,1,1600
9,P18,280686,1,1600
10,P19,280686,1,1600
11,P20,280686,1,1600
12,P21,280686,1,1600
13,P22,280686,1,1600
0,P09,280689,1,800
1,P10,280689,1,800
2,P11,280689,1,800
3,P12,280689,0,800
4,P13,280689,1,800
5,P14,280689,0,800
6,P15,280689,1,800
7,P16,280689,1,800
8,P17,280689,1,1600
9,P18,280689,1,1600
10,P19,280689,1,1600
11,P20,280689,1,1600
12,P21,280689,1,1600
13,P22,280689,1,1600
0,P09,570223,1,800
1,P10,570223,0,800
2,P11,570223,0,800
3,P12,570223,0,800
4,P13,570223,0,800
5,P14,570223,0,800
6,P15,570223,1,800
7,P16,570223,0,800
8,P17,570223,0,1600
9,P18,570223,1,1600
10,P19,570223,0,1600
11,P20,570223,0,1600
12,P21,570223,0,1600
13,P22,570223,0,1600
0,P09,570261,0,800
1,P10,570261,0,800
2,P11,570261,0,800
3,P12,570261,0,800
4,P13,570261,0,800
5,P14,570261,0,800
6,P15,570261,0,800
7,P16,570261,1,800
8,P17,570261,1,1600
9,P18,570261,1,1600
10,P19,570261,0,1600
11,P20,570261,1,1600
12,P21,570261,1,1600
13,P22,570261,1,1600
0,P09,570468,1,800
1,P10,570468,0,800
2,P11,570468,0,800
3,P12,570468,0,800
4,P13,570468,0,800
5,P14,570468,0,800
6,P15,570468,0,800
7,P16,570468,0,800
8,P17,570468,0,1600
9,P18,570468,0,1600
10,P19,570468,0,1600
11,P20,570468,0,1600
12,P21,570468,0,1600
13,P22,570468,0,1600
0,P09,570471,1,800
1,P10,570471,1,800
2,P11,570471,1,800
3,P12,570471,0,800
4,P13,570471,1,800
5,P14,570471,0,800
6,P15,570471,1,800
7,P16,570471,1,800
8,P17,570471,1,1600
9,P18,570471,1,1600
10,P19,570471,1,1600
11,P20,570471,1,1600
12,P21,570471,1,1600
13,P22,570471,1,1600
0,P09,570472,1,800
1,P10,570472,1,800
2,P11,570472,1,800
3,P12,570472,0,800
4,P13,570472,1,800
5,P14,570472,0,800
6,P15,570472,1,800
7,P16,570472,1,800
8,P17,570472,1,1600
9,P18,570472,1,1600
10,P19,570472,1,1600
11,P20,570472,1,1600
12,P21,570472,1,1600
13,P22,570472,1,1600
0,P09,570473,1,800
1,P10,570473,1,800
2,P11,570473,1,800
3,P12,570473,0,800
4,P13,570473,1,800
5,P14,570473,0,800
6,P15,570473,1,800
7,P16,570473,1,800
8,P17,570473,1,1600
9,P18,570473,1,1600
10,P19,570473,1,1600
11,P20,570473,1,1600
12,P21,570473,1,1600
13,P22,570473,1,1600
0,P09,570474,1,800
1,P10,570474,1,800
2,P11,570474,1,800
3,P12,570474,0,800
4,P13,570474,1,800
5,P14,570474,0,800
6,P15,570474,1,800
7,P16,570474,1,800
8,P17,570474,1,1600
9,P18,570474,1,1600
10,P19,570474,1,1600
11,P20,570474,1,1600
12,P21,570474,1,1600
13,P22,570474,1,1600
0,P09,570475,1,800
1,P10,570475,1,800
2,P11,570475,1,800
3,P12,570475,0,800
4,P13,570475,1,800
5,P14,570475,0,800
6,P15,570475,1,800
7,P16,570475,1,800
8,P17,570475,1,1600
9,P18,570475,1,1600
10,P19,570475,1,1600
11,P20,570475,1,1600
12,P21,570475,1,1600
13,P22,570475,1,1600
0,P09,570485,1,800
1,P10,570485,1,800
2,P11,570485,1,800
3,P12,570485,0,800
4,P13,570485,1,800
5,P14,570485,0,800
6,P15,570485,1,800
7,P16,570485,1,800
8,P17,570485,1,1600
9,P18,570485,1,1600
10,P19,570485,1,1600
11,P20,570485,1,1600
12,P21,570485,1,1600
13,P22,570485,1,1600
