line_id,sku,line_name,capable,nominal_rate_kgph,calc_rate_kgph
0,120430,P09,0,1123,540
1,120430,P10,0,1123,540
2,120430,P11,0,1123,540
3,120430,P12,1,1123,842
4,120430,P13,1,1123,651
5,120430,P14,1,1123,824
6,120430,P15,1,1123,577
7,120430,P16,1,1123,472
8,120430,P17,0,2246,1080
9,120430,P18,0,2246,1080
10,120430,P19,0,2246,1080
11,120430,P20,0,2246,1080
12,120430,P21,0,2246,1080
13,120430,P22,0,2246,1080
0,120431,P09,0,1123,540
1,120431,P10,0,1123,540
2,120431,P11,0,1123,540
3,120431,P12,1,1123,828
4,120431,P13,0,1123,540
5,120431,P14,1,1123,799
6,120431,P15,0,1123,540
7,120431,P16,0,1123,540
8,120431,P17,0,2246,1080
9,120431,P18,0,2246,1080
10,120431,P19,0,2246,1080
11,120431,P20,0,2246,1080
12,120431,P21,0,2246,1080
13,120431,P22,0,2246,1080
0,120433,P09,0,1123,540
1,120433,P10,0,1123,540
2,120433,P11,1,1123,592
3,120433,P12,1,2246,1750
4,120433,P13,0,1123,540
5,120433,P14,1,1123,791
6,120433,P15,0,1123,540
7,120433,P16,0,1123,540
8,120433,P17,0,2246,1080
9,120433,P18,0,2246,1080
10,120433,P19,0,2246,1080
11,120433,P20,0,2246,1080
12,120433,P21,0,2246,1080
13,120433,P22,0,2246,1080
0,120434,P09,0,1123,540
1,120434,P10,0,1123,540
2,120434,P11,0,1123,540
3,120434,P12,1,1123,659
4,120434,P13,0,1123,540
5,120434,P14,1,1123,665
6,120434,P15,0,1123,540
7,120434,P16,0,1123,540
8,120434,P17,0,2246,1080
9,120434,P18,0,2246,1080
10,120434,P19,0,2246,1080
11,120434,P20,0,2246,1080
12,120434,P21,0,2246,1080
13,120434,P22,0,2246,1080
0,120436,P09,1,1123,887
1,120436,P10,0,1123,540
2,120436,P11,1,1123,899
3,120436,P12,1,1123,927
4,120436,P13,1,1123,811
5,120436,P14,1,1123,846
6,120436,P15,1,1123,823
7,120436,P16,1,1123,760
8,120436,P17,1,2246,1143
9,120436,P18,0,2246,1080
10,120436,P19,0,2246,1080
11,120436,P20,1,2246,1758
12,120436,P21,0,2246,1080
13,120436,P22,1,2246,1493
0,120437,P09,1,1123,826
1,120437,P10,0,1123,540
2,120437,P11,1,1123,870
3,120437,P12,1,1123,875
4,120437,P13,1,1123,795
5,120437,P14,1,1123,879
6,120437,P15,1,1123,751
7,120437,P16,0,1123,540
8,120437,P17,1,2246,1074
9,120437,P18,0,2246,1080
10,120437,P19,0,2246,1080
11,120437,P20,1,2246,1626
12,120437,P21,0,2246,1080
13,120437,P22,0,2246,1080
0,120444,P09,0,1123,540
1,120444,P10,0,1123,540
2,120444,P11,0,1123,540
3,120444,P12,1,1123,563
4,120444,P13,1,1123,678
5,120444,P14,1,1123,780
6,120444,P15,0,1123,540
7,120444,P16,0,1123,540
8,120444,P17,0,2246,1080
9,120444,P18,0,2246,1080
10,120444,P19,0,2246,1080
11,120444,P20,0,2246,1080
12,120444,P21,0,2246,1080
13,120444,P22,0,2246,1080
0,120448,P09,1,1123,848
1,120448,P10,0,1123,540
2,120448,P11,1,1123,918
3,120448,P12,1,1123,921
4,120448,P13,1,1123,654
5,120448,P14,1,1123,931
6,120448,P15,1,1123,716
7,120448,P16,1,1123,839
8,120448,P17,1,2246,966
9,120448,P18,0,2246,1080
10,120448,P19,0,2246,1080
11,120448,P20,1,2246,2022
12,120448,P21,0,2246,1080
13,120448,P22,1,2246,959
0,120450,P09,0,1123,540
1,120450,P10,0,1123,540
2,120450,P11,0,1123,540
3,120450,P12,1,1123,791
4,120450,P13,1,1123,12
5,120450,P14,1,1123,822
6,120450,P15,0,1123,540
7,120450,P16,0,1123,540
8,120450,P17,0,2246,1080
9,120450,P18,0,2246,1080
10,120450,P19,0,2246,1080
11,120450,P20,0,2246,1080
12,120450,P21,0,2246,1080
13,120450,P22,0,2246,1080
0,120451,P09,0,1123,540
1,120451,P10,0,1123,540
2,120451,P11,0,1123,540
3,120451,P12,1,1123,862
4,120451,P13,0,1123,540
5,120451,P14,1,1123,822
6,120451,P15,0,1123,540
7,120451,P16,0,1123,540
8,120451,P17,0,2246,1080
9,120451,P18,0,2246,1080
10,120451,P19,0,2246,1080
11,120451,P20,0,2246,1080
12,120451,P21,0,2246,1080
13,120451,P22,0,2246,1080
0,120453,P09,0,1123,540
1,120453,P10,0,1123,540
2,120453,P11,0,1123,540
3,120453,P12,1,1123,761
4,120453,P13,0,1123,540
5,120453,P14,1,1123,725
6,120453,P15,0,1123,540
7,120453,P16,0,1123,540
8,120453,P17,0,2246,1080
9,120453,P18,0,2246,1080
10,120453,P19,0,2246,1080
11,120453,P20,0,2246,1080
12,120453,P21,0,2246,1080
13,120453,P22,0,2246,1080
0,120463,P09,0,1123,540
1,120463,P10,0,1123,540
2,120463,P11,0,1123,540
3,120463,P12,0,1123,540
4,120463,P13,0,1123,540
5,120463,P14,0,1123,540
6,120463,P15,1,1123,901
7,120463,P16,1,1123,97
8,120463,P17,0,2246,1080
9,120463,P18,1,2246,1110
10,120463,P19,0,2246,1080
11,120463,P20,1,2246,1668
12,120463,P21,0,2246,1080
13,120463,P22,0,2246,1080
0,120464,P09,1,1123,904
1,120464,P10,0,1123,540
2,120464,P11,1,1123,876
3,120464,P12,0,1123,540
4,120464,P13,1,1123,805
5,120464,P14,0,1123,540
6,120464,P15,1,1123,923
7,120464,P16,1,1123,764
8,120464,P17,1,2246,1186
9,120464,P18,0,2246,1080
10,120464,P19,0,2246,1080
11,120464,P20,1,2246,1739
12,120464,P21,1,2246,1462
13,120464,P22,0,2246,1080
0,120531,P09,0,1123,540
1,120531,P10,0,1123,540
2,120531,P11,0,1123,540
3,120531,P12,1,1123,766
4,120531,P13,0,1123,540
5,120531,P14,1,1123,739
6,120531,P15,0,1123,540
7,120531,P16,0,1123,540
8,120531,P17,0,2246,1080
9,120531,P18,0,2246,1080
10,120531,P19,0,2246,1080
11,120531,P20,0,2246,1080
12,120531,P21,0,2246,1080
13,120531,P22,0,2246,1080
0,120532,P09,0,1123,540
1,120532,P10,0,1123,540
2,120532,P11,0,1123,540
3,120532,P12,1,1123,770
4,120532,P13,0,1123,540
5,120532,P14,1,1123,1026
6,120532,P15,0,1123,540
7,120532,P16,0,1123,540
8,120532,P17,0,2246,1080
9,120532,P18,0,2246,1080
10,120532,P19,0,2246,1080
11,120532,P20,0,2246,1080
12,120532,P21,0,2246,1080
13,120532,P22,0,2246,1080
0,120533,P09,1,1123,540
1,120533,P10,1,1123,540
2,120533,P11,1,1123,540
3,120533,P12,0,1123,540
4,120533,P13,1,1123,540
5,120533,P14,0,1123,540
6,120533,P15,1,1123,540
7,120533,P16,1,1123,540
8,120533,P17,1,2246,1080
9,120533,P18,1,2246,1080
10,120533,P19,1,2246,1080
11,120533,P20,1,2246,1080
12,120533,P21,1,2246,1080
13,120533,P22,1,2246,1080
0,120534,P09,0,1123,540
1,120534,P10,0,1123,540
2,120534,P11,0,1123,540
3,120534,P12,1,1123,875
4,120534,P13,0,1123,540
5,120534,P14,1,1123,914
6,120534,P15,0,1123,540
7,120534,P16,0,1123,540
8,120534,P17,0,2246,1080
9,120534,P18,0,2246,1080
10,120534,P19,0,2246,1080
11,120534,P20,0,2246,1080
12,120534,P21,0,2246,1080
13,120534,P22,0,2246,1080
0,120535,P09,1,1123,540
1,120535,P10,1,1123,540
2,120535,P11,1,1123,540
3,120535,P12,0,1123,540
4,120535,P13,1,1123,540
5,120535,P14,0,1123,540
6,120535,P15,1,1123,540
7,120535,P16,1,1123,540
8,120535,P17,1,2246,1080
9,120535,P18,1,2246,1080
10,120535,P19,1,2246,1080
11,120535,P20,1,2246,1080
12,120535,P21,1,2246,1080
13,120535,P22,1,2246,1080
0,120536,P09,0,1123,540
1,120536,P10,0,1123,540
2,120536,P11,0,1123,540
3,120536,P12,1,1123,797
4,120536,P13,0,1123,540
5,120536,P14,1,1123,824
6,120536,P15,0,1123,540
7,120536,P16,0,1123,540
8,120536,P17,0,2246,1080
9,120536,P18,0,2246,1080
10,120536,P19,0,2246,1080
11,120536,P20,0,2246,1080
12,120536,P21,0,2246,1080
13,120536,P22,0,2246,1080
0,221800,P09,1,1123,540
1,221800,P10,1,1123,540
2,221800,P11,1,1123,540
3,221800,P12,0,1123,540
4,221800,P13,1,1123,540
5,221800,P14,0,1123,540
6,221800,P15,1,1123,540
7,221800,P16,1,1123,540
8,221800,P17,1,2246,1080
9,221800,P18,1,2246,1080
10,221800,P19,1,2246,1080
11,221800,P20,1,2246,1080
12,221800,P21,1,2246,1080
13,221800,P22,1,2246,1080
0,221801,P09,1,1123,540
1,221801,P10,1,1123,540
2,221801,P11,1,1123,540
3,221801,P12,0,1123,540
4,221801,P13,1,1123,540
5,221801,P14,0,1123,540
6,221801,P15,1,1123,540
7,221801,P16,1,1123,540
8,221801,P17,1,2246,1080
9,221801,P18,1,2246,1080
10,221801,P19,1,2246,1080
11,221801,P20,1,2246,1080
12,221801,P21,1,2246,1080
13,221801,P22,1,2246,1080
0,241283,P09,1,1123,900
1,241283,P10,0,1123,540
2,241283,P11,1,1123,868
3,241283,P12,0,1123,540
4,241283,P13,1,1123,822
5,241283,P14,0,1123,540
6,241283,P15,1,1123,818
7,241283,P16,0,1123,540
8,241283,P17,0,2246,1080
9,241283,P18,0,2246,1080
10,241283,P19,0,2246,1080
11,241283,P20,1,2246,1138
12,241283,P21,0,2246,1080
13,241283,P22,0,2246,1080
0,241287,P09,1,1123,886
1,241287,P10,0,1123,540
2,241287,P11,1,1123,904
3,241287,P12,0,1123,540
4,241287,P13,1,1123,667
5,241287,P14,0,1123,540
6,241287,P15,1,1123,319
7,241287,P16,1,1123,770
8,241287,P17,0,2246,1080
9,241287,P18,0,2246,1080
10,241287,P19,0,2246,1080
11,241287,P20,1,2246,1614
12,241287,P21,0,2246,1080
13,241287,P22,0,2246,1080
0,241288,P09,1,1123,772
1,241288,P10,0,1123,540
2,241288,P11,1,1123,771
3,241288,P12,0,1123,540
4,241288,P13,1,1123,841
5,241288,P14,0,1123,540
6,241288,P15,1,1123,616
7,241288,P16,0,1123,540
8,241288,P17,0,2246,1080
9,241288,P18,0,2246,1080
10,241288,P19,0,2246,1080
11,241288,P20,0,2246,1080
12,241288,P21,0,2246,1080
13,241288,P22,0,2246,1080
0,251200,P09,1,1123,864
1,251200,P10,0,1123,540
2,251200,P11,1,1123,890
3,251200,P12,0,1123,540
4,251200,P13,1,1123,731
5,251200,P14,0,1123,540
6,251200,P15,0,1123,540
7,251200,P16,1,1123,761
8,251200,P17,0,2246,1080
9,251200,P18,0,2246,1080
10,251200,P19,0,2246,1080
11,251200,P20,1,2246,1393
12,251200,P21,0,2246,1080
13,251200,P22,0,2246,1080
0,280013,P09,0,1123,540
1,280013,P10,0,1123,540
2,280013,P11,0,1123,540
3,280013,P12,1,1123,543
4,280013,P13,1,1123,832
5,280013,P14,1,1123,419
6,280013,P15,0,1123,540
7,280013,P16,0,1123,540
8,280013,P17,0,2246,1080
9,280013,P18,0,2246,1080
10,280013,P19,0,2246,1080
11,280013,P20,0,2246,1080
12,280013,P21,0,2246,1080
13,280013,P22,0,2246,1080
0,280045,P09,1,1123,540
1,280045,P10,1,1123,540
2,280045,P11,1,1123,540
3,280045,P12,0,1123,540
4,280045,P13,1,1123,540
5,280045,P14,0,1123,540
6,280045,P15,1,1123,540
7,280045,P16,1,1123,540
8,280045,P17,1,2246,1080
9,280045,P18,1,2246,1080
10,280045,P19,1,2246,1080
11,280045,P20,1,2246,1080
12,280045,P21,1,2246,1080
13,280045,P22,1,2246,1080
0,280052,P09,1,1123,540
1,280052,P10,1,1123,540
2,280052,P11,1,1123,540
3,280052,P12,0,1123,540
4,280052,P13,1,1123,540
5,280052,P14,0,1123,540
6,280052,P15,1,1123,540
7,280052,P16,1,1123,540
8,280052,P17,1,2246,1080
9,280052,P18,1,2246,1080
10,280052,P19,1,2246,1080
11,280052,P20,1,2246,1080
12,280052,P21,1,2246,1080
13,280052,P22,1,2246,1080
0,280090,P09,0,1123,540
1,280090,P10,0,1123,540
2,280090,P11,0,1123,540
3,280090,P12,1,1123,818
4,280090,P13,0,1123,540
5,280090,P14,1,1123,798
6,280090,P15,0,1123,540
7,280090,P16,0,1123,540
8,280090,P17,0,2246,1080
9,280090,P18,0,2246,1080
10,280090,P19,0,2246,1080
11,280090,P20,0,2246,1080
12,280090,P21,0,2246,1080
13,280090,P22,0,2246,1080
0,280103,P09,1,1123,973
1,280103,P10,0,1123,540
2,280103,P11,0,1123,540
3,280103,P12,0,1123,540
4,280103,P13,0,1123,540
5,280103,P14,0,1123,540
6,280103,P15,1,1123,743
7,280103,P16,0,1123,540
8,280103,P17,1,2246,1510
9,280103,P18,1,2246,1562
10,280103,P19,0,2246,1080
11,280103,P20,1,2246,1730
12,280103,P21,0,2246,1080
13,280103,P22,0,2246,1080
0,280104,P09,1,1123,896
1,280104,P10,0,1123,540
2,280104,P11,0,1123,540
3,280104,P12,0,1123,540
4,280104,P13,0,1123,540
5,280104,P14,0,1123,540
6,280104,P15,1,1123,798
7,280104,P16,0,1123,540
8,280104,P17,1,2246,1084
9,280104,P18,1,2246,1732
10,280104,P19,0,2246,1080
11,280104,P20,1,2246,1307
12,280104,P21,0,2246,1080
13,280104,P22,0,2246,1080
0,280105,P09,1,1123,923
1,280105,P10,0,1123,540
2,280105,P11,0,1123,540
3,280105,P12,0,1123,540
4,280105,P13,0,1123,540
5,280105,P14,0,1123,540
6,280105,P15,1,1123,887
7,280105,P16,0,1123,540
8,280105,P17,1,2246,1534
9,280105,P18,1,2246,1603
10,280105,P19,0,2246,1080
11,280105,P20,1,2246,1864
12,280105,P21,0,2246,1080
13,280105,P22,0,2246,1080
0,280106,P09,1,1123,908
1,280106,P10,0,1123,540
2,280106,P11,0,1123,540
3,280106,P12,0,1123,540
4,280106,P13,0,1123,540
5,280106,P14,0,1123,540
6,280106,P15,1,1123,874
7,280106,P16,0,1123,540
8,280106,P17,0,2246,1080
9,280106,P18,1,2246,1622
10,280106,P19,0,2246,1080
11,280106,P20,1,2246,1512
12,280106,P21,0,2246,1080
13,280106,P22,0,2246,1080
0,280107,P09,1,1123,867
1,280107,P10,0,1123,540
2,280107,P11,1,1123,912
3,280107,P12,1,1123,816
4,280107,P13,0,1123,540
5,280107,P14,1,1123,882
6,280107,P15,1,1123,832
7,280107,P16,0,1123,540
8,280107,P17,1,2246,853
9,280107,P18,0,2246,1080
10,280107,P19,0,2246,1080
11,280107,P20,1,2246,1538
12,280107,P21,0,2246,1080
13,280107,P22,0,2246,1080
0,280121,P09,1,1123,786
1,280121,P10,0,1123,540
2,280121,P11,1,1123,649
3,280121,P12,0,1123,540
4,280121,P13,1,1123,666
5,280121,P14,0,1123,540
6,280121,P15,1,1123,750
7,280121,P16,1,1123,610
8,280121,P17,0,2246,1080
9,280121,P18,0,2246,1080
10,280121,P19,0,2246,1080
11,280121,P20,0,2246,1080
12,280121,P21,0,2246,1080
13,280121,P22,0,2246,1080
0,280128,P09,1,1123,540
1,280128,P10,1,1123,540
2,280128,P11,1,1123,540
3,280128,P12,0,1123,540
4,280128,P13,1,1123,540
5,280128,P14,0,1123,540
6,280128,P15,1,1123,540
7,280128,P16,1,1123,540
8,280128,P17,1,2246,1080
9,280128,P18,1,2246,1080
10,280128,P19,1,2246,1080
11,280128,P20,1,2246,1080
12,280128,P21,1,2246,1080
13,280128,P22,1,2246,1080
0,280129,P09,0,1123,540
1,280129,P10,0,1123,540
2,280129,P11,1,1123,617
3,280129,P12,0,1123,540
4,280129,P13,0,1123,540
5,280129,P14,0,1123,540
6,280129,P15,0,1123,540
7,280129,P16,0,1123,540
8,280129,P17,0,2246,1080
9,280129,P18,0,2246,1080
10,280129,P19,0,2246,1080
11,280129,P20,0,2246,1080
12,280129,P21,0,2246,1080
13,280129,P22,0,2246,1080
0,280130,P09,0,1123,540
1,280130,P10,0,1123,540
2,280130,P11,1,1123,801
3,280130,P12,0,1123,540
4,280130,P13,0,1123,540
5,280130,P14,0,1123,540
6,280130,P15,0,1123,540
7,280130,P16,0,1123,540
8,280130,P17,0,2246,1080
9,280130,P18,0,2246,1080
10,280130,P19,0,2246,1080
11,280130,P20,0,2246,1080
12,280130,P21,0,2246,1080
13,280130,P22,0,2246,1080
0,280131,P09,1,1123,540
1,280131,P10,1,1123,540
2,280131,P11,1,1123,540
3,280131,P12,0,1123,540
4,280131,P13,1,1123,540
5,280131,P14,0,1123,540
6,280131,P15,1,1123,540
7,280131,P16,1,1123,540
8,280131,P17,1,2246,1080
9,280131,P18,1,2246,1080
10,280131,P19,1,2246,1080
11,280131,P20,1,2246,1080
12,280131,P21,1,2246,1080
13,280131,P22,1,2246,1080
0,280164,P09,0,1123,540
1,280164,P10,0,1123,540
2,280164,P11,0,1123,540
3,280164,P12,1,1123,908
4,280164,P13,0,1123,540
5,280164,P14,1,1123,919
6,280164,P15,0,1123,540
7,280164,P16,0,1123,540
8,280164,P17,0,2246,1080
9,280164,P18,0,2246,1080
10,280164,P19,0,2246,1080
11,280164,P20,0,2246,1080
12,280164,P21,0,2246,1080
13,280164,P22,0,2246,1080
0,280166,P09,1,1123,916
1,280166,P10,0,1123,540
2,280166,P11,0,1123,540
3,280166,P12,0,1123,540
4,280166,P13,0,1123,540
5,280166,P14,1,1123,823
6,280166,P15,1,1123,744
7,280166,P16,0,1123,540
8,280166,P17,1,2246,1646
9,280166,P18,1,2246,1741
10,280166,P19,0,2246,1080
11,280166,P20,1,2246,1646
12,280166,P21,1,2246,1551
13,280166,P22,0,2246,1080
0,280169,P09,1,1123,863
1,280169,P10,0,1123,540
2,280169,P11,1,1123,845
3,280169,P12,0,1123,540
4,280169,P13,1,1123,843
5,280169,P14,0,1123,540
6,280169,P15,1,1123,832
7,280169,P16,1,1123,806
8,280169,P17,1,2246,1292
9,280169,P18,0,2246,1080
10,280169,P19,0,2246,1080
11,280169,P20,1,2246,1691
12,280169,P21,0,2246,1080
13,280169,P22,1,2246,1568
0,280181,P09,1,1123,540
1,280181,P10,1,1123,540
2,280181,P11,1,1123,540
3,280181,P12,0,1123,540
4,280181,P13,1,1123,540
5,280181,P14,0,1123,540
6,280181,P15,1,1123,540
7,280181,P16,1,1123,540
8,280181,P17,1,2246,1080
9,280181,P18,1,2246,1080
10,280181,P19,1,2246,1080
11,280181,P20,1,2246,1080
12,280181,P21,1,2246,1080
13,280181,P22,1,2246,1080
0,280212,P09,0,1123,540
1,280212,P10,0,1123,540
2,280212,P11,1,1123,759
3,280212,P12,0,1123,540
4,280212,P13,1,1123,786
5,280212,P14,0,1123,540
6,280212,P15,1,1123,878
7,280212,P16,1,1123,706
8,280212,P17,1,2246,1877
9,280212,P18,1,2246,1639
10,280212,P19,1,2246,1220
11,280212,P20,0,2246,1080
12,280212,P21,1,2246,1583
13,280212,P22,0,2246,1080
0,280213,P09,0,1123,540
1,280213,P10,0,1123,540
2,280213,P11,1,1123,811
3,280213,P12,0,1123,540
4,280213,P13,1,1123,734
5,280213,P14,0,1123,540
6,280213,P15,1,1123,810
7,280213,P16,1,1123,796
8,280213,P17,1,2246,1499
9,280213,P18,1,2246,1540
10,280213,P19,1,2246,1540
11,280213,P20,0,2246,1080
12,280213,P21,1,2246,1601
13,280213,P22,0,2246,1080
0,280222,P09,1,1123,771
1,280222,P10,0,1123,540
2,280222,P11,1,1123,887
3,280222,P12,0,1123,540
4,280222,P13,1,1123,829
5,280222,P14,0,1123,540
6,280222,P15,1,1123,843
7,280222,P16,1,1123,783
8,280222,P17,1,2246,1549
9,280222,P18,1,2246,1696
10,280222,P19,1,2246,1668
11,280222,P20,0,2246,1080
12,280222,P21,1,2246,1713
13,280222,P22,0,2246,1080
0,280233,P09,1,1123,540
1,280233,P10,1,1123,540
2,280233,P11,1,1123,540
3,280233,P12,0,1123,540
4,280233,P13,1,1123,540
5,280233,P14,0,1123,540
6,280233,P15,1,1123,540
7,280233,P16,1,1123,540
8,280233,P17,1,2246,1080
9,280233,P18,1,2246,1080
10,280233,P19,1,2246,1080
11,280233,P20,1,2246,1080
12,280233,P21,1,2246,1080
13,280233,P22,1,2246,1080
0,280234,P09,1,1123,540
1,280234,P10,1,1123,540
2,280234,P11,1,1123,540
3,280234,P12,0,1123,540
4,280234,P13,1,1123,540
5,280234,P14,0,1123,540
6,280234,P15,1,1123,540
7,280234,P16,1,1123,540
8,280234,P17,1,2246,1080
9,280234,P18,1,2246,1080
10,280234,P19,1,2246,1080
11,280234,P20,1,2246,1080
12,280234,P21,1,2246,1080
13,280234,P22,1,2246,1080
0,280235,P09,1,1123,540
1,280235,P10,1,1123,540
2,280235,P11,1,1123,540
3,280235,P12,0,1123,540
4,280235,P13,1,1123,540
5,280235,P14,0,1123,540
6,280235,P15,1,1123,540
7,280235,P16,1,1123,540
8,280235,P17,1,2246,1080
9,280235,P18,1,2246,1080
10,280235,P19,1,2246,1080
11,280235,P20,1,2246,1080
12,280235,P21,1,2246,1080
13,280235,P22,1,2246,1080
0,280244,P09,1,1123,908
1,280244,P10,0,1123,540
2,280244,P11,1,1123,822
3,280244,P12,1,1123,827
4,280244,P13,1,1123,809
5,280244,P14,1,1123,836
6,280244,P15,1,1123,680
7,280244,P16,0,1123,540
8,280244,P17,1,2246,1300
9,280244,P18,0,2246,1080
10,280244,P19,0,2246,1080
11,280244,P20,1,2246,1776
12,280244,P21,0,2246,1080
13,280244,P22,0,2246,1080
0,280245,P09,0,1123,540
1,280245,P10,0,1123,540
2,280245,P11,0,1123,540
3,280245,P12,1,1123,698
4,280245,P13,0,1123,540
5,280245,P14,1,1123,716
6,280245,P15,0,1123,540
7,280245,P16,0,1123,540
8,280245,P17,1,2246,1264
9,280245,P18,0,2246,1080
10,280245,P19,0,2246,1080
11,280245,P20,1,2246,1486
12,280245,P21,0,2246,1080
13,280245,P22,0,2246,1080
0,280246,P09,1,1123,902
1,280246,P10,0,1123,540
2,280246,P11,1,1123,650
3,280246,P12,0,1123,540
4,280246,P13,1,1123,718
5,280246,P14,0,1123,540
6,280246,P15,0,1123,540
7,280246,P16,0,1123,540
8,280246,P17,0,2246,1080
9,280246,P18,0,2246,1080
10,280246,P19,0,2246,1080
11,280246,P20,1,2246,1572
12,280246,P21,0,2246,1080
13,280246,P22,0,2246,1080
0,280247,P09,1,1123,540
1,280247,P10,1,1123,540
2,280247,P11,1,1123,540
3,280247,P12,0,1123,540
4,280247,P13,1,1123,540
5,280247,P14,0,1123,540
6,280247,P15,1,1123,540
7,280247,P16,1,1123,540
8,280247,P17,1,2246,1080
9,280247,P18,1,2246,1080
10,280247,P19,1,2246,1080
11,280247,P20,1,2246,1080
12,280247,P21,1,2246,1080
13,280247,P22,1,2246,1080
0,280256,P09,1,1123,872
1,280256,P10,1,1123,540
2,280256,P11,1,1123,839
3,280256,P12,1,1123,945
4,280256,P13,1,1123,903
5,280256,P14,0,1123,540
6,280256,P15,1,1123,856
7,280256,P16,1,1123,922
8,280256,P17,1,2246,1601
9,280256,P18,1,2246,1564
10,280256,P19,1,2246,1493
11,280256,P20,0,2246,1080
12,280256,P21,1,2246,1607
13,280256,P22,0,2246,1080
0,280264,P09,1,1123,756
1,280264,P10,0,1123,540
2,280264,P11,1,1123,885
3,280264,P12,0,1123,540
4,280264,P13,1,1123,806
5,280264,P14,0,1123,540
6,280264,P15,1,1123,890
7,280264,P16,1,1123,881
8,280264,P17,0,2246,1080
9,280264,P18,0,2246,1080
10,280264,P19,0,2246,1080
11,280264,P20,1,2246,1566
12,280264,P21,0,2246,1080
13,280264,P22,0,2246,1080
0,280281,P09,0,1123,540
1,280281,P10,0,1123,540
2,280281,P11,1,1123,825
3,280281,P12,0,1123,540
4,280281,P13,0,1123,540
5,280281,P14,0,1123,540
6,280281,P15,0,1123,540
7,280281,P16,0,1123,540
8,280281,P17,0,2246,1080
9,280281,P18,0,2246,1080
10,280281,P19,0,2246,1080
11,280281,P20,0,2246,1080
12,280281,P21,0,2246,1080
13,280281,P22,0,2246,1080
0,280298,P09,0,1123,540
1,280298,P10,0,1123,540
2,280298,P11,1,1123,714
3,280298,P12,0,1123,540
4,280298,P13,0,1123,540
5,280298,P14,0,1123,540
6,280298,P15,0,1123,540
7,280298,P16,0,1123,540
8,280298,P17,0,2246,1080
9,280298,P18,0,2246,1080
10,280298,P19,0,2246,1080
11,280298,P20,0,2246,1080
12,280298,P21,0,2246,1080
13,280298,P22,0,2246,1080
0,280318,P09,1,1123,863
1,280318,P10,0,1123,540
2,280318,P11,1,1123,883
3,280318,P12,0,1123,540
4,280318,P13,1,1123,814
5,280318,P14,0,1123,540
6,280318,P15,1,1123,800
7,280318,P16,1,1123,822
8,280318,P17,1,2246,1132
9,280318,P18,1,2246,1773
10,280318,P19,0,2246,1080
11,280318,P20,1,2246,1592
12,280318,P21,0,2246,1080
13,280318,P22,1,2246,1365
0,280322,P09,1,1123,540
1,280322,P10,1,1123,540
2,280322,P11,1,1123,540
3,280322,P12,0,1123,540
4,280322,P13,1,1123,540
5,280322,P14,0,1123,540
6,280322,P15,1,1123,540
7,280322,P16,1,1123,540
8,280322,P17,1,2246,1080
9,280322,P18,1,2246,1080
10,280322,P19,1,2246,1080
11,280322,P20,1,2246,1080
12,280322,P21,1,2246,1080
13,280322,P22,1,2246,1080
0,280323,P09,1,1123,868
1,280323,P10,0,1123,540
2,280323,P11,1,1123,814
3,280323,P12,0,1123,540
4,280323,P13,0,1123,540
5,280323,P14,0,1123,540
6,280323,P15,1,1123,804
7,280323,P16,1,1123,954
8,280323,P17,1,2246,1665
9,280323,P18,1,2246,1717
10,280323,P19,1,2246,1827
11,280323,P20,1,2246,1629
12,280323,P21,1,2246,1635
13,280323,P22,0,2246,1080
0,280324,P09,1,1123,811
1,280324,P10,0,1123,540
2,280324,P11,0,1123,540
3,280324,P12,0,1123,540
4,280324,P13,0,1123,540
5,280324,P14,0,1123,540
6,280324,P15,1,1123,748
7,280324,P16,1,1123,832
8,280324,P17,1,2246,1979
9,280324,P18,1,2246,1665
10,280324,P19,1,2246,1786
11,280324,P20,1,2246,1711
12,280324,P21,1,2246,1698
13,280324,P22,1,2246,1490
0,280325,P09,1,1123,540
1,280325,P10,1,1123,540
2,280325,P11,1,1123,540
3,280325,P12,0,1123,540
4,280325,P13,1,1123,540
5,280325,P14,0,1123,540
6,280325,P15,1,1123,540
7,280325,P16,1,1123,540
8,280325,P17,1,2246,1080
9,280325,P18,1,2246,1080
10,280325,P19,1,2246,1080
11,280325,P20,1,2246,1080
12,280325,P21,1,2246,1080
13,280325,P22,1,2246,1080
0,280344,P09,1,1123,805
1,280344,P10,0,1123,540
2,280344,P11,0,1123,540
3,280344,P12,0,1123,540
4,280344,P13,0,1123,540
5,280344,P14,0,1123,540
6,280344,P15,1,1123,833
7,280344,P16,0,1123,540
8,280344,P17,1,2246,1434
9,280344,P18,1,2246,1676
10,280344,P19,0,2246,1080
11,280344,P20,1,2246,1722
12,280344,P21,0,2246,1080
13,280344,P22,0,2246,1080
0,280345,P09,0,1123,540
1,280345,P10,0,1123,540
2,280345,P11,1,1123,569
3,280345,P12,0,1123,540
4,280345,P13,0,1123,540
5,280345,P14,1,1123,701
6,280345,P15,0,1123,540
7,280345,P16,0,1123,540
8,280345,P17,0,2246,1080
9,280345,P18,0,2246,1080
10,280345,P19,0,2246,1080
11,280345,P20,0,2246,1080
12,280345,P21,0,2246,1080
13,280345,P22,0,2246,1080
0,280347,P09,0,1123,540
1,280347,P10,0,1123,540
2,280347,P11,0,1123,540
3,280347,P12,0,1123,540
4,280347,P13,0,1123,540
5,280347,P14,1,1123,680
6,280347,P15,0,1123,540
7,280347,P16,0,1123,540
8,280347,P17,0,2246,1080
9,280347,P18,0,2246,1080
10,280347,P19,0,2246,1080
11,280347,P20,0,2246,1080
12,280347,P21,0,2246,1080
13,280347,P22,0,2246,1080
0,280348,P09,0,1123,540
1,280348,P10,0,1123,540
2,280348,P11,0,1123,540
3,280348,P12,0,1123,540
4,280348,P13,0,1123,540
5,280348,P14,0,1123,540
6,280348,P15,1,1123,986
7,280348,P16,1,1123,779
8,280348,P17,0,2246,1080
9,280348,P18,0,2246,1080
10,280348,P19,0,2246,1080
11,280348,P20,0,2246,1080
12,280348,P21,0,2246,1080
13,280348,P22,0,2246,1080
0,280351,P09,1,1123,834
1,280351,P10,1,1123,839
2,280351,P11,1,1123,886
3,280351,P12,0,1123,540
4,280351,P13,1,1123,853
5,280351,P14,0,1123,540
6,280351,P15,1,1123,877
7,280351,P16,1,1123,951
8,280351,P17,0,2246,1080
9,280351,P18,1,2246,1521
10,280351,P19,1,2246,1672
11,280351,P20,1,2246,1201
12,280351,P21,0,2246,1080
13,280351,P22,0,2246,1080
0,280355,P09,1,1123,540
1,280355,P10,1,1123,540
2,280355,P11,1,1123,540
3,280355,P12,0,1123,540
4,280355,P13,1,1123,540
5,280355,P14,0,1123,540
6,280355,P15,1,1123,540
7,280355,P16,1,1123,540
8,280355,P17,1,2246,1080
9,280355,P18,1,2246,1080
10,280355,P19,1,2246,1080
11,280355,P20,1,2246,1080
12,280355,P21,1,2246,1080
13,280355,P22,1,2246,1080
0,280356,P09,1,1123,540
1,280356,P10,1,1123,540
2,280356,P11,1,1123,540
3,280356,P12,0,1123,540
4,280356,P13,1,1123,540
5,280356,P14,0,1123,540
6,280356,P15,1,1123,540
7,280356,P16,1,1123,540
8,280356,P17,1,2246,1080
9,280356,P18,1,2246,1080
10,280356,P19,1,2246,1080
11,280356,P20,1,2246,1080
12,280356,P21,1,2246,1080
13,280356,P22,1,2246,1080
0,280357,P09,1,1123,540
1,280357,P10,1,1123,540
2,280357,P11,1,1123,540
3,280357,P12,0,1123,540
4,280357,P13,1,1123,540
5,280357,P14,0,1123,540
6,280357,P15,1,1123,540
7,280357,P16,1,1123,540
8,280357,P17,1,2246,1080
9,280357,P18,1,2246,1080
10,280357,P19,1,2246,1080
11,280357,P20,1,2246,1080
12,280357,P21,1,2246,1080
13,280357,P22,1,2246,1080
0,280358,P09,0,1123,540
1,280358,P10,0,1123,540
2,280358,P11,1,1123,756
3,280358,P12,0,1123,540
4,280358,P13,0,1123,540
5,280358,P14,0,1123,540
6,280358,P15,0,1123,540
7,280358,P16,0,1123,540
8,280358,P17,0,2246,1080
9,280358,P18,0,2246,1080
10,280358,P19,0,2246,1080
11,280358,P20,0,2246,1080
12,280358,P21,0,2246,1080
13,280358,P22,0,2246,1080
0,280359,P09,1,1123,540
1,280359,P10,1,1123,540
2,280359,P11,1,1123,540
3,280359,P12,0,1123,540
4,280359,P13,1,1123,540
5,280359,P14,0,1123,540
6,280359,P15,1,1123,540
7,280359,P16,1,1123,540
8,280359,P17,1,2246,1080
9,280359,P18,1,2246,1080
10,280359,P19,1,2246,1080
11,280359,P20,1,2246,1080
12,280359,P21,1,2246,1080
13,280359,P22,1,2246,1080
0,280375,P09,0,1123,540
1,280375,P10,0,1123,540
2,280375,P11,0,1123,540
3,280375,P12,1,1123,868
4,280375,P13,0,1123,540
5,280375,P14,0,1123,540
6,280375,P15,0,1123,540
7,280375,P16,0,1123,540
8,280375,P17,0,2246,1080
9,280375,P18,0,2246,1080
10,280375,P19,0,2246,1080
11,280375,P20,0,2246,1080
12,280375,P21,0,2246,1080
13,280375,P22,0,2246,1080
0,280376,P09,0,1123,540
1,280376,P10,0,1123,540
2,280376,P11,0,1123,540
3,280376,P12,1,1123,868
4,280376,P13,0,1123,540
5,280376,P14,0,1123,540
6,280376,P15,0,1123,540
7,280376,P16,0,1123,540
8,280376,P17,0,2246,1080
9,280376,P18,0,2246,1080
10,280376,P19,0,2246,1080
11,280376,P20,0,2246,1080
12,280376,P21,0,2246,1080
13,280376,P22,0,2246,1080
0,280377,P09,0,1123,540
1,280377,P10,0,1123,540
2,280377,P11,0,1123,540
3,280377,P12,1,1123,785
4,280377,P13,0,1123,540
5,280377,P14,0,1123,540
6,280377,P15,0,1123,540
7,280377,P16,0,1123,540
8,280377,P17,0,2246,1080
9,280377,P18,0,2246,1080
10,280377,P19,0,2246,1080
11,280377,P20,0,2246,1080
12,280377,P21,0,2246,1080
13,280377,P22,0,2246,1080
0,280378,P09,0,1123,540
1,280378,P10,0,1123,540
2,280378,P11,0,1123,540
3,280378,P12,1,1123,795
4,280378,P13,0,1123,540
5,280378,P14,0,1123,540
6,280378,P15,0,1123,540
7,280378,P16,0,1123,540
8,280378,P17,0,2246,1080
9,280378,P18,0,2246,1080
10,280378,P19,0,2246,1080
11,280378,P20,0,2246,1080
12,280378,P21,0,2246,1080
13,280378,P22,0,2246,1080
0,280379,P09,0,1123,540
1,280379,P10,0,1123,540
2,280379,P11,0,1123,540
3,280379,P12,1,1123,936
4,280379,P13,0,1123,540
5,280379,P14,0,1123,540
6,280379,P15,0,1123,540
7,280379,P16,0,1123,540
8,280379,P17,0,2246,1080
9,280379,P18,0,2246,1080
10,280379,P19,0,2246,1080
11,280379,P20,0,2246,1080
12,280379,P21,0,2246,1080
13,280379,P22,0,2246,1080
0,280380,P09,0,1123,540
1,280380,P10,0,1123,540
2,280380,P11,0,1123,540
3,280380,P12,1,1123,890
4,280380,P13,0,1123,540
5,280380,P14,0,1123,540
6,280380,P15,0,1123,540
7,280380,P16,0,1123,540
8,280380,P17,0,2246,1080
9,280380,P18,0,2246,1080
10,280380,P19,0,2246,1080
11,280380,P20,0,2246,1080
12,280380,P21,0,2246,1080
13,280380,P22,0,2246,1080
0,280383,P09,0,1123,540
1,280383,P10,0,1123,540
2,280383,P11,0,1123,540
3,280383,P12,1,1123,838
4,280383,P13,0,1123,540
5,280383,P14,1,1123,737
6,280383,P15,0,1123,540
7,280383,P16,0,1123,540
8,280383,P17,0,2246,1080
9,280383,P18,0,2246,1080
10,280383,P19,0,2246,1080
11,280383,P20,0,2246,1080
12,280383,P21,0,2246,1080
13,280383,P22,0,2246,1080
0,280384,P09,0,1123,540
1,280384,P10,0,1123,540
2,280384,P11,0,1123,540
3,280384,P12,1,1123,519
4,280384,P13,0,1123,540
5,280384,P14,1,1123,753
6,280384,P15,0,1123,540
7,280384,P16,0,1123,540
8,280384,P17,0,2246,1080
9,280384,P18,0,2246,1080
10,280384,P19,0,2246,1080
11,280384,P20,0,2246,1080
12,280384,P21,0,2246,1080
13,280384,P22,0,2246,1080
0,280385,P09,0,1123,540
1,280385,P10,0,1123,540
2,280385,P11,0,1123,540
3,280385,P12,1,1123,638
4,280385,P13,0,1123,540
5,280385,P14,1,1123,598
6,280385,P15,0,1123,540
7,280385,P16,0,1123,540
8,280385,P17,0,2246,1080
9,280385,P18,0,2246,1080
10,280385,P19,0,2246,1080
11,280385,P20,0,2246,1080
12,280385,P21,0,2246,1080
13,280385,P22,0,2246,1080
0,280391,P09,1,1123,854
1,280391,P10,0,1123,540
2,280391,P11,0,1123,540
3,280391,P12,0,1123,540
4,280391,P13,0,1123,540
5,280391,P14,0,1123,540
6,280391,P15,1,1123,823
7,280391,P16,0,1123,540
8,280391,P17,1,2246,1488
9,280391,P18,1,2246,1344
10,280391,P19,0,2246,1080
11,280391,P20,1,2246,1164
12,280391,P21,0,2246,1080
13,280391,P22,0,2246,1080
0,280397,P09,0,1123,540
1,280397,P10,0,1123,540
2,280397,P11,0,1123,540
3,280397,P12,1,1123,745
4,280397,P13,0,1123,540
5,280397,P14,0,1123,540
6,280397,P15,0,1123,540
7,280397,P16,0,1123,540
8,280397,P17,0,2246,1080
9,280397,P18,0,2246,1080
10,280397,P19,0,2246,1080
11,280397,P20,0,2246,1080
12,280397,P21,0,2246,1080
13,280397,P22,0,2246,1080
0,280399,P09,1,1123,540
1,280399,P10,1,1123,540
2,280399,P11,1,1123,540
3,280399,P12,0,1123,540
4,280399,P13,1,1123,540
5,280399,P14,0,1123,540
6,280399,P15,1,1123,540
7,280399,P16,1,1123,540
8,280399,P17,1,2246,1080
9,280399,P18,1,2246,1080
10,280399,P19,1,2246,1080
11,280399,P20,1,2246,1080
12,280399,P21,1,2246,1080
13,280399,P22,1,2246,1080
0,280405,P09,1,1123,847
1,280405,P10,0,1123,540
2,280405,P11,1,1123,794
3,280405,P12,0,1123,540
4,280405,P13,1,1123,712
5,280405,P14,0,1123,540
6,280405,P15,1,1123,837
7,280405,P16,0,1123,540
8,280405,P17,1,2246,1311
9,280405,P18,1,2246,1512
10,280405,P19,1,2246,1737
11,280405,P20,0,2246,1080
12,280405,P21,1,2246,1447
13,280405,P22,0,2246,1080
0,280412,P09,1,1123,540
1,280412,P10,1,1123,540
2,280412,P11,1,1123,540
3,280412,P12,0,1123,540
4,280412,P13,1,1123,540
5,280412,P14,0,1123,540
6,280412,P15,1,1123,540
7,280412,P16,1,1123,540
8,280412,P17,1,2246,1080
9,280412,P18,1,2246,1080
10,280412,P19,1,2246,1080
11,280412,P20,1,2246,1080
12,280412,P21,1,2246,1080
13,280412,P22,1,2246,1080
0,280421,P09,1,1123,870
1,280421,P10,0,1123,540
2,280421,P11,0,1123,540
3,280421,P12,0,1123,540
4,280421,P13,0,1123,540
5,280421,P14,0,1123,540
6,280421,P15,1,1123,740
7,280421,P16,0,1123,540
8,280421,P17,1,2246,2013
9,280421,P18,1,2246,1698
10,280421,P19,0,2246,1080
11,280421,P20,1,2246,1778
12,280421,P21,0,2246,1080
13,280421,P22,1,2246,1177
0,280425,P09,1,1123,796
1,280425,P10,0,1123,540
2,280425,P11,1,1123,696
3,280425,P12,0,1123,540
4,280425,P13,1,1123,657
5,280425,P14,0,1123,540
6,280425,P15,1,1123,619
7,280425,P16,1,1123,436
8,280425,P17,0,2246,1080
9,280425,P18,0,2246,1080
10,280425,P19,0,2246,1080
11,280425,P20,0,2246,1080
12,280425,P21,0,2246,1080
13,280425,P22,0,2246,1080
0,280426,P09,0,1123,540
1,280426,P10,0,1123,540
2,280426,P11,0,1123,540
3,280426,P12,1,1123,570
4,280426,P13,0,1123,540
5,280426,P14,0,1123,540
6,280426,P15,0,1123,540
7,280426,P16,0,1123,540
8,280426,P17,0,2246,1080
9,280426,P18,0,2246,1080
10,280426,P19,0,2246,1080
11,280426,P20,0,2246,1080
12,280426,P21,0,2246,1080
13,280426,P22,0,2246,1080
0,280432,P09,1,1123,540
1,280432,P10,1,1123,540
2,280432,P11,1,1123,540
3,280432,P12,0,1123,540
4,280432,P13,1,1123,540
5,280432,P14,0,1123,540
6,280432,P15,1,1123,540
7,280432,P16,1,1123,540
8,280432,P17,1,2246,1080
9,280432,P18,1,2246,1080
10,280432,P19,1,2246,1080
11,280432,P20,1,2246,1080
12,280432,P21,1,2246,1080
13,280432,P22,1,2246,1080
0,280434,P09,1,1123,540
1,280434,P10,1,1123,540
2,280434,P11,1,1123,540
3,280434,P12,0,1123,540
4,280434,P13,1,1123,540
5,280434,P14,0,1123,540
6,280434,P15,1,1123,540
7,280434,P16,1,1123,540
8,280434,P17,1,2246,1080
9,280434,P18,1,2246,1080
10,280434,P19,1,2246,1080
11,280434,P20,1,2246,1080
12,280434,P21,1,2246,1080
13,280434,P22,1,2246,1080
0,280436,P09,0,1123,540
1,280436,P10,0,1123,540
2,280436,P11,0,1123,540
3,280436,P12,1,1123,411
4,280436,P13,0,1123,540
5,280436,P14,0,1123,540
6,280436,P15,0,1123,540
7,280436,P16,0,1123,540
8,280436,P17,0,2246,1080
9,280436,P18,0,2246,1080
10,280436,P19,0,2246,1080
11,280436,P20,0,2246,1080
12,280436,P21,0,2246,1080
13,280436,P22,0,2246,1080
0,280437,P09,1,1123,540
1,280437,P10,1,1123,540
2,280437,P11,1,1123,540
3,280437,P12,0,1123,540
4,280437,P13,1,1123,540
5,280437,P14,0,1123,540
6,280437,P15,1,1123,540
7,280437,P16,1,1123,540
8,280437,P17,1,2246,1080
9,280437,P18,1,2246,1080
10,280437,P19,1,2246,1080
11,280437,P20,1,2246,1080
12,280437,P21,1,2246,1080
13,280437,P22,1,2246,1080
0,280450,P09,1,1123,939
1,280450,P10,0,1123,540
2,280450,P11,1,1123,671
3,280450,P12,0,1123,540
4,280450,P13,1,1123,847
5,280450,P14,0,1123,540
6,280450,P15,0,1123,540
7,280450,P16,0,1123,540
8,280450,P17,0,2246,1080
9,280450,P18,0,2246,1080
10,280450,P19,0,2246,1080
11,280450,P20,0,2246,1080
12,280450,P21,0,2246,1080
13,280450,P22,0,2246,1080
0,280451,P09,1,1123,948
1,280451,P10,0,1123,540
2,280451,P11,0,1123,540
3,280451,P12,0,1123,540
4,280451,P13,0,1123,540
5,280451,P14,0,1123,540
6,280451,P15,1,1123,845
7,280451,P16,0,1123,540
8,280451,P17,1,2246,1493
9,280451,P18,1,2246,1607
10,280451,P19,0,2246,1080
11,280451,P20,1,2246,1588
12,280451,P21,1,2246,1385
13,280451,P22,1,2246,1374
0,280452,P09,1,1123,919
1,280452,P10,0,1123,540
2,280452,P11,0,1123,540
3,280452,P12,0,1123,540
4,280452,P13,0,1123,540
5,280452,P14,0,1123,540
6,280452,P15,1,1123,696
7,280452,P16,0,1123,540
8,280452,P17,1,2246,1268
9,280452,P18,1,2246,1776
10,280452,P19,0,2246,1080
11,280452,P20,0,2246,1080
12,280452,P21,0,2246,1080
13,280452,P22,1,2246,1337
0,280453,P09,1,1123,896
1,280453,P10,0,1123,540
2,280453,P11,0,1123,540
3,280453,P12,0,1123,540
4,280453,P13,0,1123,540
5,280453,P14,0,1123,540
6,280453,P15,1,1123,686
7,280453,P16,0,1123,540
8,280453,P17,1,2246,1402
9,280453,P18,1,2246,1337
10,280453,P19,0,2246,1080
11,280453,P20,1,2246,1279
12,280453,P21,0,2246,1080
13,280453,P22,1,2246,1266
0,280454,P09,0,1123,540
1,280454,P10,0,1123,540
2,280454,P11,0,1123,540
3,280454,P12,0,1123,540
4,280454,P13,0,1123,540
5,280454,P14,0,1123,540
6,280454,P15,1,1123,869
7,280454,P16,1,1123,860
8,280454,P17,1,2246,961
9,280454,P18,1,2246,1680
10,280454,P19,1,2246,1609
11,280454,P20,1,2246,1458
12,280454,P21,0,2246,1080
13,280454,P22,0,2246,1080
0,280459,P09,1,1123,540
1,280459,P10,1,1123,540
2,280459,P11,1,1123,540
3,280459,P12,0,1123,540
4,280459,P13,1,1123,540
5,280459,P14,0,1123,540
6,280459,P15,1,1123,540
7,280459,P16,1,1123,540
8,280459,P17,1,2246,1080
9,280459,P18,1,2246,1080
10,280459,P19,1,2246,1080
11,280459,P20,1,2246,1080
12,280459,P21,1,2246,1080
13,280459,P22,1,2246,1080
0,280464,P09,1,1123,540
1,280464,P10,1,1123,540
2,280464,P11,1,1123,540
3,280464,P12,0,1123,540
4,280464,P13,1,1123,540
5,280464,P14,0,1123,540
6,280464,P15,1,1123,540
7,280464,P16,1,1123,540
8,280464,P17,1,2246,1080
9,280464,P18,1,2246,1080
10,280464,P19,1,2246,1080
11,280464,P20,1,2246,1080
12,280464,P21,1,2246,1080
13,280464,P22,1,2246,1080
0,280465,P09,1,1123,540
1,280465,P10,1,1123,540
2,280465,P11,1,1123,540
3,280465,P12,0,1123,540
4,280465,P13,1,1123,540
5,280465,P14,0,1123,540
6,280465,P15,1,1123,540
7,280465,P16,1,1123,540
8,280465,P17,1,2246,1080
9,280465,P18,1,2246,1080
10,280465,P19,1,2246,1080
11,280465,P20,1,2246,1080
12,280465,P21,1,2246,1080
13,280465,P22,1,2246,1080
0,280466,P09,1,1123,540
1,280466,P10,1,1123,540
2,280466,P11,1,1123,540
3,280466,P12,0,1123,540
4,280466,P13,1,1123,540
5,280466,P14,0,1123,540
6,280466,P15,1,1123,540
7,280466,P16,1,1123,540
8,280466,P17,1,2246,1080
9,280466,P18,1,2246,1080
10,280466,P19,1,2246,1080
11,280466,P20,1,2246,1080
12,280466,P21,1,2246,1080
13,280466,P22,1,2246,1080
0,280467,P09,1,1123,540
1,280467,P10,1,1123,540
2,280467,P11,1,1123,540
3,280467,P12,0,1123,540
4,280467,P13,1,1123,540
5,280467,P14,0,1123,540
6,280467,P15,1,1123,540
7,280467,P16,1,1123,540
8,280467,P17,1,2246,1080
9,280467,P18,1,2246,1080
10,280467,P19,1,2246,1080
11,280467,P20,1,2246,1080
12,280467,P21,1,2246,1080
13,280467,P22,1,2246,1080
0,280468,P09,1,1123,540
1,280468,P10,1,1123,540
2,280468,P11,1,1123,540
3,280468,P12,0,1123,540
4,280468,P13,1,1123,540
5,280468,P14,0,1123,540
6,280468,P15,1,1123,540
7,280468,P16,1,1123,540
8,280468,P17,1,2246,1080
9,280468,P18,1,2246,1080
10,280468,P19,1,2246,1080
11,280468,P20,1,2246,1080
12,280468,P21,1,2246,1080
13,280468,P22,1,2246,1080
0,280469,P09,1,1123,540
1,280469,P10,1,1123,540
2,280469,P11,1,1123,540
3,280469,P12,0,1123,540
4,280469,P13,1,1123,540
5,280469,P14,0,1123,540
6,280469,P15,1,1123,540
7,280469,P16,1,1123,540
8,280469,P17,1,2246,1080
9,280469,P18,1,2246,1080
10,280469,P19,1,2246,1080
11,280469,P20,1,2246,1080
12,280469,P21,1,2246,1080
13,280469,P22,1,2246,1080
0,280473,P09,1,1123,540
1,280473,P10,1,1123,540
2,280473,P11,1,1123,540
3,280473,P12,0,1123,540
4,280473,P13,1,1123,540
5,280473,P14,0,1123,540
6,280473,P15,1,1123,540
7,280473,P16,1,1123,540
8,280473,P17,1,2246,1080
9,280473,P18,1,2246,1080
10,280473,P19,1,2246,1080
11,280473,P20,1,2246,1080
12,280473,P21,1,2246,1080
13,280473,P22,1,2246,1080
0,280474,P09,1,1123,540
1,280474,P10,1,1123,540
2,280474,P11,1,1123,540
3,280474,P12,0,1123,540
4,280474,P13,1,1123,540
5,280474,P14,0,1123,540
6,280474,P15,1,1123,540
7,280474,P16,1,1123,540
8,280474,P17,1,2246,1080
9,280474,P18,1,2246,1080
10,280474,P19,1,2246,1080
11,280474,P20,1,2246,1080
12,280474,P21,1,2246,1080
13,280474,P22,1,2246,1080
0,280477,P09,1,1123,540
1,280477,P10,1,1123,540
2,280477,P11,1,1123,540
3,280477,P12,0,1123,540
4,280477,P13,1,1123,540
5,280477,P14,0,1123,540
6,280477,P15,1,1123,540
7,280477,P16,1,1123,540
8,280477,P17,1,2246,1080
9,280477,P18,1,2246,1080
10,280477,P19,1,2246,1080
11,280477,P20,1,2246,1080
12,280477,P21,1,2246,1080
13,280477,P22,1,2246,1080
0,280478,P09,1,1123,885
1,280478,P10,0,1123,540
2,280478,P11,0,1123,540
3,280478,P12,0,1123,540
4,280478,P13,0,1123,540
5,280478,P14,1,1123,893
6,280478,P15,0,1123,540
7,280478,P16,0,1123,540
8,280478,P17,0,2246,1080
9,280478,P18,0,2246,1080
10,280478,P19,0,2246,1080
11,280478,P20,0,2246,1080
12,280478,P21,0,2246,1080
13,280478,P22,0,2246,1080
0,280480,P09,0,1123,540
1,280480,P10,0,1123,540
2,280480,P11,1,1123,869
3,280480,P12,0,1123,540
4,280480,P13,1,1123,516
5,280480,P14,0,1123,540
6,280480,P15,1,1123,721
7,280480,P16,1,1123,784
8,280480,P17,1,2246,1767
9,280480,P18,1,2246,1825
10,280480,P19,1,2246,1706
11,280480,P20,1,2246,1674
12,280480,P21,1,2246,1635
13,280480,P22,1,2246,1642
0,280481,P09,1,1123,540
1,280481,P10,1,1123,540
2,280481,P11,1,1123,540
3,280481,P12,0,1123,540
4,280481,P13,1,1123,540
5,280481,P14,0,1123,540
6,280481,P15,1,1123,540
7,280481,P16,1,1123,540
8,280481,P17,1,2246,1080
9,280481,P18,1,2246,1080
10,280481,P19,1,2246,1080
11,280481,P20,1,2246,1080
12,280481,P21,1,2246,1080
13,280481,P22,1,2246,1080
0,280488,P09,0,1123,540
1,280488,P10,0,1123,540
2,280488,P11,0,1123,540
3,280488,P12,0,1123,540
4,280488,P13,0,1123,540
5,280488,P14,0,1123,540
6,280488,P15,0,1123,540
7,280488,P16,0,1123,540
8,280488,P17,0,2246,1080
9,280488,P18,0,2246,1080
10,280488,P19,0,2246,1080
11,280488,P20,0,2246,1080
12,280488,P21,0,2246,1080
13,280488,P22,0,2246,1080
0,280489,P09,1,1123,845
1,280489,P10,0,1123,540
2,280489,P11,0,1123,540
3,280489,P12,0,1123,540
4,280489,P13,0,1123,540
5,280489,P14,0,1123,540
6,280489,P15,0,1123,540
7,280489,P16,0,1123,540
8,280489,P17,1,2246,1123
9,280489,P18,1,2246,1618
10,280489,P19,1,2246,1795
11,280489,P20,0,2246,1080
12,280489,P21,1,2246,1570
13,280489,P22,0,2246,1080
0,280490,P09,1,1123,654
1,280490,P10,0,1123,540
2,280490,P11,0,1123,540
3,280490,P12,0,1123,540
4,280490,P13,1,1123,896
5,280490,P14,0,1123,540
6,280490,P15,1,1123,577
7,280490,P16,1,1123,823
8,280490,P17,1,2246,1575
9,280490,P18,1,2246,1914
10,280490,P19,0,2246,1080
11,280490,P20,1,2246,1624
12,280490,P21,1,2246,1741
13,280490,P22,0,2246,1080
0,280493,P09,1,1123,843
1,280493,P10,0,1123,540
2,280493,P11,0,1123,540
3,280493,P12,0,1123,540
4,280493,P13,0,1123,540
5,280493,P14,0,1123,540
6,280493,P15,1,1123,915
7,280493,P16,0,1123,540
8,280493,P17,0,2246,1080
9,280493,P18,1,2246,1568
10,280493,P19,0,2246,1080
11,280493,P20,0,2246,1080
12,280493,P21,0,2246,1080
13,280493,P22,0,2246,1080
0,280496,P09,1,1123,540
1,280496,P10,1,1123,540
2,280496,P11,1,1123,540
3,280496,P12,0,1123,540
4,280496,P13,1,1123,540
5,280496,P14,0,1123,540
6,280496,P15,1,1123,540
7,280496,P16,1,1123,540
8,280496,P17,1,2246,1080
9,280496,P18,1,2246,1080
10,280496,P19,1,2246,1080
11,280496,P20,1,2246,1080
12,280496,P21,1,2246,1080
13,280496,P22,1,2246,1080
0,280497,P09,1,1123,540
1,280497,P10,1,1123,540
2,280497,P11,1,1123,540
3,280497,P12,0,1123,540
4,280497,P13,1,1123,540
5,280497,P14,0,1123,540
6,280497,P15,1,1123,540
7,280497,P16,1,1123,540
8,280497,P17,1,2246,1080
9,280497,P18,1,2246,1080
10,280497,P19,1,2246,1080
11,280497,P20,1,2246,1080
12,280497,P21,1,2246,1080
13,280497,P22,1,2246,1080
0,280516,P09,0,1123,540
1,280516,P10,0,1123,540
2,280516,P11,0,1123,540
3,280516,P12,0,1123,540
4,280516,P13,0,1123,540
5,280516,P14,0,1123,540
6,280516,P15,0,1123,540
7,280516,P16,0,1123,540
8,280516,P17,0,2246,1080
9,280516,P18,0,2246,1080
10,280516,P19,0,2246,1080
11,280516,P20,1,2246,1553
12,280516,P21,0,2246,1080
13,280516,P22,0,2246,1080
0,280517,P09,1,1123,638
1,280517,P10,0,1123,540
2,280517,P11,1,1123,719
3,280517,P12,0,1123,540
4,280517,P13,1,1123,833
5,280517,P14,0,1123,540
6,280517,P15,0,1123,540
7,280517,P16,0,1123,540
8,280517,P17,0,2246,1080
9,280517,P18,0,2246,1080
10,280517,P19,0,2246,1080
11,280517,P20,0,2246,1080
12,280517,P21,0,2246,1080
13,280517,P22,0,2246,1080
0,280520,P09,1,1123,540
1,280520,P10,1,1123,540
2,280520,P11,1,1123,540
3,280520,P12,0,1123,540
4,280520,P13,1,1123,540
5,280520,P14,0,1123,540
6,280520,P15,1,1123,540
7,280520,P16,1,1123,540
8,280520,P17,1,2246,1080
9,280520,P18,1,2246,1080
10,280520,P19,1,2246,1080
11,280520,P20,1,2246,1080
12,280520,P21,1,2246,1080
13,280520,P22,1,2246,1080
0,280521,P09,1,1123,540
1,280521,P10,1,1123,540
2,280521,P11,1,1123,540
3,280521,P12,0,1123,540
4,280521,P13,1,1123,540
5,280521,P14,0,1123,540
6,280521,P15,1,1123,540
7,280521,P16,1,1123,540
8,280521,P17,1,2246,1080
9,280521,P18,1,2246,1080
10,280521,P19,1,2246,1080
11,280521,P20,1,2246,1080
12,280521,P21,1,2246,1080
13,280521,P22,1,2246,1080
0,280522,P09,1,1123,540
1,280522,P10,1,1123,540
2,280522,P11,1,1123,540
3,280522,P12,0,1123,540
4,280522,P13,1,1123,540
5,280522,P14,0,1123,540
6,280522,P15,1,1123,540
7,280522,P16,1,1123,540
8,280522,P17,1,2246,1080
9,280522,P18,1,2246,1080
10,280522,P19,1,2246,1080
11,280522,P20,1,2246,1080
12,280522,P21,1,2246,1080
13,280522,P22,1,2246,1080
0,280525,P09,1,1123,540
1,280525,P10,1,1123,540
2,280525,P11,1,1123,540
3,280525,P12,0,1123,540
4,280525,P13,1,1123,540
5,280525,P14,0,1123,540
6,280525,P15,1,1123,540
7,280525,P16,1,1123,540
8,280525,P17,1,2246,1080
9,280525,P18,1,2246,1080
10,280525,P19,1,2246,1080
11,280525,P20,1,2246,1080
12,280525,P21,1,2246,1080
13,280525,P22,1,2246,1080
0,280526,P09,1,1123,540
1,280526,P10,1,1123,540
2,280526,P11,1,1123,540
3,280526,P12,0,1123,540
4,280526,P13,1,1123,540
5,280526,P14,0,1123,540
6,280526,P15,1,1123,540
7,280526,P16,1,1123,540
8,280526,P17,1,2246,1080
9,280526,P18,1,2246,1080
10,280526,P19,1,2246,1080
11,280526,P20,1,2246,1080
12,280526,P21,1,2246,1080
13,280526,P22,1,2246,1080
0,280528,P09,1,1123,540
1,280528,P10,1,1123,540
2,280528,P11,1,1123,540
3,280528,P12,0,1123,540
4,280528,P13,1,1123,540
5,280528,P14,0,1123,540
6,280528,P15,1,1123,540
7,280528,P16,1,1123,540
8,280528,P17,1,2246,1080
9,280528,P18,1,2246,1080
10,280528,P19,1,2246,1080
11,280528,P20,1,2246,1080
12,280528,P21,1,2246,1080
13,280528,P22,1,2246,1080
0,280529,P09,1,1123,540
1,280529,P10,1,1123,540
2,280529,P11,1,1123,540
3,280529,P12,0,1123,540
4,280529,P13,1,1123,540
5,280529,P14,0,1123,540
6,280529,P15,1,1123,540
7,280529,P16,1,1123,540
8,280529,P17,1,2246,1080
9,280529,P18,1,2246,1080
10,280529,P19,1,2246,1080
11,280529,P20,1,2246,1080
12,280529,P21,1,2246,1080
13,280529,P22,1,2246,1080
0,280532,P09,1,1123,540
1,280532,P10,1,1123,540
2,280532,P11,1,1123,540
3,280532,P12,0,1123,540
4,280532,P13,1,1123,540
5,280532,P14,0,1123,540
6,280532,P15,1,1123,540
7,280532,P16,1,1123,540
8,280532,P17,1,2246,1080
9,280532,P18,1,2246,1080
10,280532,P19,1,2246,1080
11,280532,P20,1,2246,1080
12,280532,P21,1,2246,1080
13,280532,P22,1,2246,1080
0,280539,P09,0,1123,540
1,280539,P10,0,1123,540
2,280539,P11,0,1123,540
3,280539,P12,1,1123,454
4,280539,P13,0,1123,540
5,280539,P14,0,1123,540
6,280539,P15,0,1123,540
7,280539,P16,0,1123,540
8,280539,P17,0,2246,1080
9,280539,P18,0,2246,1080
10,280539,P19,0,2246,1080
11,280539,P20,0,2246,1080
12,280539,P21,0,2246,1080
13,280539,P22,0,2246,1080
0,280541,P09,1,1123,805
1,280541,P10,0,1123,540
2,280541,P11,1,1123,462
3,280541,P12,0,1123,540
4,280541,P13,0,1123,540
5,280541,P14,0,1123,540
6,280541,P15,1,1123,654
7,280541,P16,1,1123,660
8,280541,P17,0,2246,1080
9,280541,P18,0,2246,1080
10,280541,P19,0,2246,1080
11,280541,P20,0,2246,1080
12,280541,P21,0,2246,1080
13,280541,P22,0,2246,1080
0,280557,P09,1,1123,732
1,280557,P10,0,1123,540
2,280557,P11,0,1123,540
3,280557,P12,0,1123,540
4,280557,P13,0,1123,540
5,280557,P14,0,1123,540
6,280557,P15,0,1123,540
7,280557,P16,0,1123,540
8,280557,P17,0,2246,1080
9,280557,P18,0,2246,1080
10,280557,P19,0,2246,1080
11,280557,P20,0,2246,1080
12,280557,P21,0,2246,1080
13,280557,P22,0,2246,1080
0,280558,P09,1,1123,540
1,280558,P10,1,1123,540
2,280558,P11,1,1123,540
3,280558,P12,0,1123,540
4,280558,P13,1,1123,540
5,280558,P14,0,1123,540
6,280558,P15,1,1123,540
7,280558,P16,1,1123,540
8,280558,P17,1,2246,1080
9,280558,P18,1,2246,1080
10,280558,P19,1,2246,1080
11,280558,P20,1,2246,1080
12,280558,P21,1,2246,1080
13,280558,P22,1,2246,1080
0,280559,P09,0,1123,540
1,280559,P10,0,1123,540
2,280559,P11,0,1123,540
3,280559,P12,0,1123,540
4,280559,P13,0,1123,540
5,280559,P14,0,1123,540
6,280559,P15,1,1123,806
7,280559,P16,1,1123,759
8,280559,P17,0,2246,1080
9,280559,P18,1,2246,1218
10,280559,P19,0,2246,1080
11,280559,P20,0,2246,1080
12,280559,P21,1,2246,1473
13,280559,P22,0,2246,1080
0,280563,P09,0,1123,540
1,280563,P10,0,1123,540
2,280563,P11,1,1123,843
3,280563,P12,0,1123,540
4,280563,P13,0,1123,540
5,280563,P14,0,1123,540
6,280563,P15,1,1123,734
7,280563,P16,1,1123,819
8,280563,P17,0,2246,1080
9,280563,P18,0,2246,1080
10,280563,P19,0,2246,1080
11,280563,P20,0,2246,1080
12,280563,P21,0,2246,1080
13,280563,P22,0,2246,1080
0,280564,P09,0,1123,540
1,280564,P10,0,1123,540
2,280564,P11,0,1123,540
3,280564,P12,0,1123,540
4,280564,P13,0,1123,540
5,280564,P14,0,1123,540
6,280564,P15,0,1123,540
7,280564,P16,1,1123,856
8,280564,P17,0,2246,1080
9,280564,P18,0,2246,1080
10,280564,P19,0,2246,1080
11,280564,P20,0,2246,1080
12,280564,P21,1,2246,1642
13,280564,P22,0,2246,1080
0,280566,P09,0,1123,540
1,280566,P10,0,1123,540
2,280566,P11,1,1123,809
3,280566,P12,0,1123,540
4,280566,P13,0,1123,540
5,280566,P14,0,1123,540
6,280566,P15,1,1123,750
7,280566,P16,1,1123,743
8,280566,P17,0,2246,1080
9,280566,P18,0,2246,1080
10,280566,P19,0,2246,1080
11,280566,P20,0,2246,1080
12,280566,P21,0,2246,1080
13,280566,P22,0,2246,1080
0,280567,P09,0,1123,540
1,280567,P10,0,1123,540
2,280567,P11,0,1123,540
3,280567,P12,0,1123,540
4,280567,P13,0,1123,540
5,280567,P14,0,1123,540
6,280567,P15,0,1123,540
7,280567,P16,0,1123,540
8,280567,P17,0,2246,1080
9,280567,P18,1,2246,1747
10,280567,P19,0,2246,1080
11,280567,P20,0,2246,1080
12,280567,P21,0,2246,1080
13,280567,P22,0,2246,1080
0,280570,P09,1,1123,540
1,280570,P10,1,1123,540
2,280570,P11,1,1123,540
3,280570,P12,0,1123,540
4,280570,P13,1,1123,540
5,280570,P14,0,1123,540
6,280570,P15,1,1123,540
7,280570,P16,1,1123,540
8,280570,P17,1,2246,1080
9,280570,P18,1,2246,1080
10,280570,P19,1,2246,1080
11,280570,P20,1,2246,1080
12,280570,P21,1,2246,1080
13,280570,P22,1,2246,1080
0,280571,P09,1,1123,874
1,280571,P10,0,1123,540
2,280571,P11,0,1123,540
3,280571,P12,0,1123,540
4,280571,P13,0,1123,540
5,280571,P14,1,1123,889
6,280571,P15,0,1123,540
7,280571,P16,0,1123,540
8,280571,P17,0,2246,1080
9,280571,P18,0,2246,1080
10,280571,P19,0,2246,1080
11,280571,P20,0,2246,1080
12,280571,P21,0,2246,1080
13,280571,P22,0,2246,1080
0,280572,P09,1,1123,915
1,280572,P10,0,1123,540
2,280572,P11,1,1123,849
3,280572,P12,0,1123,540
4,280572,P13,0,1123,540
5,280572,P14,0,1123,540
6,280572,P15,0,1123,540
7,280572,P16,0,1123,540
8,280572,P17,0,2246,1080
9,280572,P18,0,2246,1080
10,280572,P19,0,2246,1080
11,280572,P20,0,2246,1080
12,280572,P21,0,2246,1080
13,280572,P22,0,2246,1080
0,280573,P09,1,1123,840
1,280573,P10,0,1123,540
2,280573,P11,1,1123,272
3,280573,P12,0,1123,540
4,280573,P13,0,1123,540
5,280573,P14,1,1123,679
6,280573,P15,0,1123,540
7,280573,P16,0,1123,540
8,280573,P17,0,2246,1080
9,280573,P18,0,2246,1080
10,280573,P19,0,2246,1080
11,280573,P20,0,2246,1080
12,280573,P21,0,2246,1080
13,280573,P22,0,2246,1080
0,280574,P09,1,1123,861
1,280574,P10,0,1123,540
2,280574,P11,1,1123,796
3,280574,P12,0,1123,540
4,280574,P13,1,1123,36
5,280574,P14,1,1123,807
6,280574,P15,0,1123,540
7,280574,P16,0,1123,540
8,280574,P17,0,2246,1080
9,280574,P18,0,2246,1080
10,280574,P19,0,2246,1080
11,280574,P20,0,2246,1080
12,280574,P21,0,2246,1080
13,280574,P22,0,2246,1080
0,280575,P09,1,1123,540
1,280575,P10,1,1123,540
2,280575,P11,1,1123,540
3,280575,P12,0,1123,540
4,280575,P13,1,1123,540
5,280575,P14,0,1123,540
6,280575,P15,1,1123,540
7,280575,P16,1,1123,540
8,280575,P17,1,2246,1080
9,280575,P18,1,2246,1080
10,280575,P19,1,2246,1080
11,280575,P20,1,2246,1080
12,280575,P21,1,2246,1080
13,280575,P22,1,2246,1080
0,280576,P09,1,1123,809
1,280576,P10,0,1123,540
2,280576,P11,1,1123,627
3,280576,P12,0,1123,540
4,280576,P13,1,1123,472
5,280576,P14,0,1123,540
6,280576,P15,0,1123,540
7,280576,P16,0,1123,540
8,280576,P17,0,2246,1080
9,280576,P18,0,2246,1080
10,280576,P19,0,2246,1080
11,280576,P20,0,2246,1080
12,280576,P21,0,2246,1080
13,280576,P22,0,2246,1080
0,280578,P09,1,1123,535
1,280578,P10,0,1123,540
2,280578,P11,1,1123,701
3,280578,P12,0,1123,540
4,280578,P13,0,1123,540
5,280578,P14,0,1123,540
6,280578,P15,0,1123,540
7,280578,P16,0,1123,540
8,280578,P17,0,2246,1080
9,280578,P18,0,2246,1080
10,280578,P19,0,2246,1080
11,280578,P20,0,2246,1080
12,280578,P21,0,2246,1080
13,280578,P22,0,2246,1080
0,280579,P09,1,1123,540
1,280579,P10,1,1123,540
2,280579,P11,1,1123,540
3,280579,P12,0,1123,540
4,280579,P13,1,1123,540
5,280579,P14,0,1123,540
6,280579,P15,1,1123,540
7,280579,P16,1,1123,540
8,280579,P17,1,2246,1080
9,280579,P18,1,2246,1080
10,280579,P19,1,2246,1080
11,280579,P20,1,2246,1080
12,280579,P21,1,2246,1080
13,280579,P22,1,2246,1080
0,280580,P09,0,1123,540
1,280580,P10,0,1123,540
2,280580,P11,1,1123,702
3,280580,P12,0,1123,540
4,280580,P13,0,1123,540
5,280580,P14,0,1123,540
6,280580,P15,0,1123,540
7,280580,P16,0,1123,540
8,280580,P17,0,2246,1080
9,280580,P18,0,2246,1080
10,280580,P19,0,2246,1080
11,280580,P20,0,2246,1080
12,280580,P21,0,2246,1080
13,280580,P22,0,2246,1080
0,280581,P09,1,1123,864
1,280581,P10,0,1123,540
2,280581,P11,1,1123,747
3,280581,P12,0,1123,540
4,280581,P13,0,1123,540
5,280581,P14,0,1123,540
6,280581,P15,0,1123,540
7,280581,P16,0,1123,540
8,280581,P17,0,2246,1080
9,280581,P18,0,2246,1080
10,280581,P19,0,2246,1080
11,280581,P20,0,2246,1080
12,280581,P21,0,2246,1080
13,280581,P22,0,2246,1080
0,280582,P09,1,1123,854
1,280582,P10,0,1123,540
2,280582,P11,1,1123,624
3,280582,P12,0,1123,540
4,280582,P13,0,1123,540
5,280582,P14,0,1123,540
6,280582,P15,0,1123,540
7,280582,P16,0,1123,540
8,280582,P17,0,2246,1080
9,280582,P18,0,2246,1080
10,280582,P19,0,2246,1080
11,280582,P20,0,2246,1080
12,280582,P21,0,2246,1080
13,280582,P22,0,2246,1080
0,280583,P09,1,1123,915
1,280583,P10,0,1123,540
2,280583,P11,0,1123,540
3,280583,P12,0,1123,540
4,280583,P13,0,1123,540
5,280583,P14,0,1123,540
6,280583,P15,0,1123,540
7,280583,P16,0,1123,540
8,280583,P17,0,2246,1080
9,280583,P18,0,2246,1080
10,280583,P19,0,2246,1080
11,280583,P20,1,2246,1657
12,280583,P21,0,2246,1080
13,280583,P22,0,2246,1080
0,280584,P09,1,1123,784
1,280584,P10,0,1123,540
2,280584,P11,0,1123,540
3,280584,P12,0,1123,540
4,280584,P13,0,1123,540
5,280584,P14,0,1123,540
6,280584,P15,0,1123,540
7,280584,P16,0,1123,540
8,280584,P17,0,2246,1080
9,280584,P18,0,2246,1080
10,280584,P19,0,2246,1080
11,280584,P20,1,2246,1514
12,280584,P21,0,2246,1080
13,280584,P22,0,2246,1080
0,280585,P09,1,1123,923
1,280585,P10,0,1123,540
2,280585,P11,0,1123,540
3,280585,P12,0,1123,540
4,280585,P13,0,1123,540
5,280585,P14,0,1123,540
6,280585,P15,0,1123,540
7,280585,P16,0,1123,540
8,280585,P17,0,2246,1080
9,280585,P18,0,2246,1080
10,280585,P19,0,2246,1080
11,280585,P20,1,2246,1817
12,280585,P21,0,2246,1080
13,280585,P22,0,2246,1080
0,280586,P09,1,1123,910
1,280586,P10,0,1123,540
2,280586,P11,0,1123,540
3,280586,P12,0,1123,540
4,280586,P13,0,1123,540
5,280586,P14,0,1123,540
6,280586,P15,0,1123,540
7,280586,P16,0,1123,540
8,280586,P17,0,2246,1080
9,280586,P18,0,2246,1080
10,280586,P19,0,2246,1080
11,280586,P20,1,2246,1631
12,280586,P21,0,2246,1080
13,280586,P22,0,2246,1080
0,280587,P09,1,1123,747
1,280587,P10,0,1123,540
2,280587,P11,0,1123,540
3,280587,P12,0,1123,540
4,280587,P13,0,1123,540
5,280587,P14,0,1123,540
6,280587,P15,0,1123,540
7,280587,P16,0,1123,540
8,280587,P17,0,2246,1080
9,280587,P18,0,2246,1080
10,280587,P19,0,2246,1080
11,280587,P20,1,2246,1542
12,280587,P21,0,2246,1080
13,280587,P22,0,2246,1080
0,280588,P09,1,1123,878
1,280588,P10,0,1123,540
2,280588,P11,0,1123,540
3,280588,P12,0,1123,540
4,280588,P13,0,1123,540
5,280588,P14,0,1123,540
6,280588,P15,0,1123,540
7,280588,P16,0,1123,540
8,280588,P17,0,2246,1080
9,280588,P18,0,2246,1080
10,280588,P19,0,2246,1080
11,280588,P20,1,2246,1337
12,280588,P21,0,2246,1080
13,280588,P22,0,2246,1080
0,280589,P09,0,1123,540
1,280589,P10,0,1123,540
2,280589,P11,0,1123,540
3,280589,P12,0,1123,540
4,280589,P13,0,1123,540
5,280589,P14,0,1123,540
6,280589,P15,0,1123,540
7,280589,P16,0,1123,540
8,280589,P17,0,2246,1080
9,280589,P18,0,2246,1080
10,280589,P19,0,2246,1080
11,280589,P20,1,2246,1620
12,280589,P21,0,2246,1080
13,280589,P22,0,2246,1080
0,280590,P09,0,1123,540
1,280590,P10,0,1123,540
2,280590,P11,1,1123,469
3,280590,P12,0,1123,540
4,280590,P13,0,1123,540
5,280590,P14,0,1123,540
6,280590,P15,0,1123,540
7,280590,P16,1,1123,826
8,280590,P17,1,2246,1585
9,280590,P18,1,2246,1687
10,280590,P19,1,2246,1452
11,280590,P20,0,2246,1080
12,280590,P21,1,2246,1741
13,280590,P22,1,2246,1534
0,280591,P09,0,1123,540
1,280591,P10,0,1123,540
2,280591,P11,1,1123,640
3,280591,P12,0,1123,540
4,280591,P13,0,1123,540
5,280591,P14,0,1123,540
6,280591,P15,1,1123,632
7,280591,P16,1,1123,826
8,280591,P17,1,2246,1486
9,280591,P18,1,2246,1760
10,280591,P19,1,2246,1469
11,280591,P20,0,2246,1080
12,280591,P21,1,2246,1495
13,280591,P22,1,2246,1439
0,280592,P09,1,1123,981
1,280592,P10,0,1123,540
2,280592,P11,1,1123,556
3,280592,P12,0,1123,540
4,280592,P13,0,1123,540
5,280592,P14,0,1123,540
6,280592,P15,0,1123,540
7,280592,P16,0,1123,540
8,280592,P17,1,2246,1482
9,280592,P18,1,2246,1622
10,280592,P19,0,2246,1080
11,280592,P20,0,2246,1080
12,280592,P21,1,2246,1551
13,280592,P22,0,2246,1080
0,280601,P09,0,1123,540
1,280601,P10,0,1123,540
2,280601,P11,1,1123,539
3,280601,P12,0,1123,540
4,280601,P13,0,1123,540
5,280601,P14,1,1123,751
6,280601,P15,0,1123,540
7,280601,P16,1,1123,191
8,280601,P17,0,2246,1080
9,280601,P18,0,2246,1080
10,280601,P19,0,2246,1080
11,280601,P20,0,2246,1080
12,280601,P21,0,2246,1080
13,280601,P22,0,2246,1080
0,280602,P09,0,1123,540
1,280602,P10,0,1123,540
2,280602,P11,1,1123,464
3,280602,P12,0,1123,540
4,280602,P13,0,1123,540
5,280602,P14,1,1123,724
6,280602,P15,0,1123,540
7,280602,P16,0,1123,540
8,280602,P17,0,2246,1080
9,280602,P18,0,2246,1080
10,280602,P19,0,2246,1080
11,280602,P20,0,2246,1080
12,280602,P21,0,2246,1080
13,280602,P22,0,2246,1080
0,280605,P09,0,1123,540
1,280605,P10,0,1123,540
2,280605,P11,0,1123,540
3,280605,P12,0,1123,540
4,280605,P13,1,1123,540
5,280605,P14,0,1123,540
6,280605,P15,1,1123,540
7,280605,P16,0,1123,540
8,280605,P17,0,2246,1080
9,280605,P18,0,2246,1080
10,280605,P19,0,2246,1080
11,280605,P20,0,2246,1080
12,280605,P21,0,2246,1080
13,280605,P22,0,2246,1080
0,280606,P09,0,1123,540
1,280606,P10,0,1123,540
2,280606,P11,0,1123,540
3,280606,P12,0,1123,540
4,280606,P13,1,1123,540
5,280606,P14,0,1123,540
6,280606,P15,1,1123,540
7,280606,P16,0,1123,540
8,280606,P17,0,2246,1080
9,280606,P18,0,2246,1080
10,280606,P19,0,2246,1080
11,280606,P20,0,2246,1080
12,280606,P21,0,2246,1080
13,280606,P22,0,2246,1080
0,280607,P09,0,1123,540
1,280607,P10,0,1123,540
2,280607,P11,0,1123,540
3,280607,P12,0,1123,540
4,280607,P13,1,1123,540
5,280607,P14,0,1123,540
6,280607,P15,1,1123,540
7,280607,P16,0,1123,540
8,280607,P17,0,2246,1080
9,280607,P18,0,2246,1080
10,280607,P19,0,2246,1080
11,280607,P20,0,2246,1080
12,280607,P21,0,2246,1080
13,280607,P22,0,2246,1080
0,280608,P09,0,1123,540
1,280608,P10,0,1123,540
2,280608,P11,0,1123,540
3,280608,P12,0,1123,540
4,280608,P13,1,1123,540
5,280608,P14,0,1123,540
6,280608,P15,1,1123,540
7,280608,P16,0,1123,540
8,280608,P17,0,2246,1080
9,280608,P18,0,2246,1080
10,280608,P19,0,2246,1080
11,280608,P20,0,2246,1080
12,280608,P21,0,2246,1080
13,280608,P22,0,2246,1080
0,280609,P09,0,1123,540
1,280609,P10,0,1123,540
2,280609,P11,0,1123,540
3,280609,P12,0,1123,540
4,280609,P13,1,1123,540
5,280609,P14,0,1123,540
6,280609,P15,1,1123,540
7,280609,P16,0,1123,540
8,280609,P17,0,2246,1080
9,280609,P18,0,2246,1080
10,280609,P19,0,2246,1080
11,280609,P20,0,2246,1080
12,280609,P21,0,2246,1080
13,280609,P22,0,2246,1080
0,280610,P09,0,1123,540
1,280610,P10,0,1123,540
2,280610,P11,0,1123,540
3,280610,P12,0,1123,540
4,280610,P13,1,1123,540
5,280610,P14,0,1123,540
6,280610,P15,1,1123,540
7,280610,P16,0,1123,540
8,280610,P17,0,2246,1080
9,280610,P18,0,2246,1080
10,280610,P19,0,2246,1080
11,280610,P20,0,2246,1080
12,280610,P21,0,2246,1080
13,280610,P22,0,2246,1080
0,280611,P09,0,1123,540
1,280611,P10,0,1123,540
2,280611,P11,0,1123,540
3,280611,P12,0,1123,540
4,280611,P13,1,1123,540
5,280611,P14,0,1123,540
6,280611,P15,1,1123,540
7,280611,P16,0,1123,540
8,280611,P17,0,2246,1080
9,280611,P18,0,2246,1080
10,280611,P19,0,2246,1080
11,280611,P20,0,2246,1080
12,280611,P21,0,2246,1080
13,280611,P22,0,2246,1080
0,280612,P09,0,1123,540
1,280612,P10,0,1123,540
2,280612,P11,0,1123,540
3,280612,P12,0,1123,540
4,280612,P13,1,1123,540
5,280612,P14,0,1123,540
6,280612,P15,1,1123,540
7,280612,P16,0,1123,540
8,280612,P17,0,2246,1080
9,280612,P18,0,2246,1080
10,280612,P19,0,2246,1080
11,280612,P20,0,2246,1080
12,280612,P21,0,2246,1080
13,280612,P22,0,2246,1080
0,280613,P09,0,1123,540
1,280613,P10,0,1123,540
2,280613,P11,0,1123,540
3,280613,P12,0,1123,540
4,280613,P13,1,1123,540
5,280613,P14,0,1123,540
6,280613,P15,1,1123,540
7,280613,P16,0,1123,540
8,280613,P17,0,2246,1080
9,280613,P18,0,2246,1080
10,280613,P19,0,2246,1080
11,280613,P20,0,2246,1080
12,280613,P21,0,2246,1080
13,280613,P22,0,2246,1080
0,280614,P09,0,1123,540
1,280614,P10,0,1123,540
2,280614,P11,0,1123,540
3,280614,P12,0,1123,540
4,280614,P13,1,1123,540
5,280614,P14,0,1123,540
6,280614,P15,1,1123,540
7,280614,P16,0,1123,540
8,280614,P17,0,2246,1080
9,280614,P18,0,2246,1080
10,280614,P19,0,2246,1080
11,280614,P20,0,2246,1080
12,280614,P21,0,2246,1080
13,280614,P22,0,2246,1080
0,280615,P09,0,1123,540
1,280615,P10,0,1123,540
2,280615,P11,0,1123,540
3,280615,P12,0,1123,540
4,280615,P13,1,1123,540
5,280615,P14,0,1123,540
6,280615,P15,1,1123,540
7,280615,P16,0,1123,540
8,280615,P17,0,2246,1080
9,280615,P18,0,2246,1080
10,280615,P19,0,2246,1080
11,280615,P20,0,2246,1080
12,280615,P21,0,2246,1080
13,280615,P22,0,2246,1080
0,280616,P09,0,1123,540
1,280616,P10,0,1123,540
2,280616,P11,0,1123,540
3,280616,P12,0,1123,540
4,280616,P13,1,1123,540
5,280616,P14,0,1123,540
6,280616,P15,1,1123,540
7,280616,P16,0,1123,540
8,280616,P17,0,2246,1080
9,280616,P18,0,2246,1080
10,280616,P19,0,2246,1080
11,280616,P20,0,2246,1080
12,280616,P21,0,2246,1080
13,280616,P22,0,2246,1080
0,280617,P09,0,1123,540
1,280617,P10,0,1123,540
2,280617,P11,0,1123,540
3,280617,P12,0,1123,540
4,280617,P13,1,1123,540
5,280617,P14,0,1123,540
6,280617,P15,1,1123,540
7,280617,P16,0,1123,540
8,280617,P17,0,2246,1080
9,280617,P18,0,2246,1080
10,280617,P19,0,2246,1080
11,280617,P20,0,2246,1080
12,280617,P21,0,2246,1080
13,280617,P22,0,2246,1080
0,280622,P09,0,1123,540
1,280622,P10,0,1123,540
2,280622,P11,0,1123,540
3,280622,P12,0,1123,540
4,280622,P13,1,1123,540
5,280622,P14,0,1123,540
6,280622,P15,1,1123,540
7,280622,P16,0,1123,540
8,280622,P17,0,2246,1080
9,280622,P18,0,2246,1080
10,280622,P19,0,2246,1080
11,280622,P20,0,2246,1080
12,280622,P21,0,2246,1080
13,280622,P22,0,2246,1080
0,280623,P09,0,1123,540
1,280623,P10,0,1123,540
2,280623,P11,0,1123,540
3,280623,P12,0,1123,540
4,280623,P13,1,1123,540
5,280623,P14,0,1123,540
6,280623,P15,1,1123,540
7,280623,P16,0,1123,540
8,280623,P17,0,2246,1080
9,280623,P18,0,2246,1080
10,280623,P19,0,2246,1080
11,280623,P20,0,2246,1080
12,280623,P21,0,2246,1080
13,280623,P22,0,2246,1080
0,280624,P09,0,1123,540
1,280624,P10,0,1123,540
2,280624,P11,0,1123,540
3,280624,P12,0,1123,540
4,280624,P13,1,1123,540
5,280624,P14,0,1123,540
6,280624,P15,1,1123,540
7,280624,P16,0,1123,540
8,280624,P17,0,2246,1080
9,280624,P18,0,2246,1080
10,280624,P19,0,2246,1080
11,280624,P20,0,2246,1080
12,280624,P21,0,2246,1080
13,280624,P22,0,2246,1080
0,280641,P09,1,1123,540
1,280641,P10,1,1123,540
2,280641,P11,1,1123,540
3,280641,P12,0,1123,540
4,280641,P13,1,1123,540
5,280641,P14,0,1123,540
6,280641,P15,1,1123,540
7,280641,P16,1,1123,540
8,280641,P17,1,2246,1080
9,280641,P18,1,2246,1080
10,280641,P19,1,2246,1080
11,280641,P20,1,2246,1080
12,280641,P21,1,2246,1080
13,280641,P22,1,2246,1080
0,280642,P09,1,1123,540
1,280642,P10,1,1123,540
2,280642,P11,1,1123,540
3,280642,P12,0,1123,540
4,280642,P13,1,1123,540
5,280642,P14,0,1123,540
6,280642,P15,1,1123,540
7,280642,P16,1,1123,540
8,280642,P17,1,2246,1080
9,280642,P18,1,2246,1080
10,280642,P19,1,2246,1080
11,280642,P20,1,2246,1080
12,280642,P21,1,2246,1080
13,280642,P22,1,2246,1080
0,280643,P09,1,1123,540
1,280643,P10,1,1123,540
2,280643,P11,1,1123,540
3,280643,P12,0,1123,540
4,280643,P13,1,1123,540
5,280643,P14,0,1123,540
6,280643,P15,1,1123,540
7,280643,P16,1,1123,540
8,280643,P17,1,2246,1080
9,280643,P18,1,2246,1080
10,280643,P19,1,2246,1080
11,280643,P20,1,2246,1080
12,280643,P21,1,2246,1080
13,280643,P22,1,2246,1080
0,280644,P09,1,1123,540
1,280644,P10,1,1123,540
2,280644,P11,1,1123,540
3,280644,P12,0,1123,540
4,280644,P13,1,1123,540
5,280644,P14,0,1123,540
6,280644,P15,1,1123,540
7,280644,P16,1,1123,540
8,280644,P17,1,2246,1080
9,280644,P18,1,2246,1080
10,280644,P19,1,2246,1080
11,280644,P20,1,2246,1080
12,280644,P21,1,2246,1080
13,280644,P22,1,2246,1080
0,280645,P09,1,1123,540
1,280645,P10,1,1123,540
2,280645,P11,1,1123,540
3,280645,P12,0,1123,540
4,280645,P13,1,1123,540
5,280645,P14,0,1123,540
6,280645,P15,1,1123,540
7,280645,P16,1,1123,540
8,280645,P17,1,2246,1080
9,280645,P18,1,2246,1080
10,280645,P19,1,2246,1080
11,280645,P20,1,2246,1080
12,280645,P21,1,2246,1080
13,280645,P22,1,2246,1080
0,280646,P09,1,1123,540
1,280646,P10,1,1123,540
2,280646,P11,1,1123,540
3,280646,P12,0,1123,540
4,280646,P13,1,1123,540
5,280646,P14,0,1123,540
6,280646,P15,1,1123,540
7,280646,P16,1,1123,540
8,280646,P17,1,2246,1080
9,280646,P18,1,2246,1080
10,280646,P19,1,2246,1080
11,280646,P20,1,2246,1080
12,280646,P21,1,2246,1080
13,280646,P22,1,2246,1080
0,280647,P09,0,1123,540
1,280647,P10,0,1123,540
2,280647,P11,0,1123,540
3,280647,P12,0,1123,540
4,280647,P13,0,1123,540
5,280647,P14,0,1123,540
6,280647,P15,0,1123,540
7,280647,P16,0,1123,540
8,280647,P17,1,2246,1428
9,280647,P18,1,2246,1467
10,280647,P19,0,2246,1080
11,280647,P20,0,2246,1080
12,280647,P21,1,2246,1199
13,280647,P22,1,2246,1609
0,280652,P09,0,1123,540
1,280652,P10,0,1123,540
2,280652,P11,0,1123,540
3,280652,P12,0,1123,540
4,280652,P13,0,1123,540
5,280652,P14,0,1123,540
6,280652,P15,1,1123,540
7,280652,P16,0,1123,540
8,280652,P17,0,2246,1080
9,280652,P18,0,2246,1080
10,280652,P19,0,2246,1080
11,280652,P20,0,2246,1080
12,280652,P21,0,2246,1080
13,280652,P22,0,2246,1080
0,280653,P09,0,1123,540
1,280653,P10,0,1123,540
2,280653,P11,0,1123,540
3,280653,P12,0,1123,540
4,280653,P13,0,1123,540
5,280653,P14,0,1123,540
6,280653,P15,1,1123,540
7,280653,P16,0,1123,540
8,280653,P17,0,2246,1080
9,280653,P18,0,2246,1080
10,280653,P19,0,2246,1080
11,280653,P20,0,2246,1080
12,280653,P21,0,2246,1080
13,280653,P22,0,2246,1080
0,280655,P09,1,1123,540
1,280655,P10,1,1123,540
2,280655,P11,1,1123,540
3,280655,P12,0,1123,540
4,280655,P13,1,1123,540
5,280655,P14,0,1123,540
6,280655,P15,1,1123,540
7,280655,P16,1,1123,540
8,280655,P17,1,2246,1080
9,280655,P18,1,2246,1080
10,280655,P19,1,2246,1080
11,280655,P20,1,2246,1080
12,280655,P21,1,2246,1080
13,280655,P22,1,2246,1080
0,280659,P09,1,1123,540
1,280659,P10,1,1123,540
2,280659,P11,1,1123,540
3,280659,P12,0,1123,540
4,280659,P13,1,1123,540
5,280659,P14,0,1123,540
6,280659,P15,1,1123,540
7,280659,P16,1,1123,540
8,280659,P17,1,2246,1080
9,280659,P18,1,2246,1080
10,280659,P19,1,2246,1080
11,280659,P20,1,2246,1080
12,280659,P21,1,2246,1080
13,280659,P22,1,2246,1080
0,280660,P09,1,1123,540
1,280660,P10,1,1123,540
2,280660,P11,1,1123,540
3,280660,P12,0,1123,540
4,280660,P13,1,1123,540
5,280660,P14,0,1123,540
6,280660,P15,1,1123,540
7,280660,P16,1,1123,540
8,280660,P17,1,2246,1080
9,280660,P18,1,2246,1080
10,280660,P19,1,2246,1080
11,280660,P20,1,2246,1080
12,280660,P21,1,2246,1080
13,280660,P22,1,2246,1080
0,280661,P09,1,1123,540
1,280661,P10,1,1123,540
2,280661,P11,1,1123,540
3,280661,P12,0,1123,540
4,280661,P13,1,1123,540
5,280661,P14,0,1123,540
6,280661,P15,1,1123,540
7,280661,P16,1,1123,540
8,280661,P17,1,2246,1080
9,280661,P18,1,2246,1080
10,280661,P19,1,2246,1080
11,280661,P20,1,2246,1080
12,280661,P21,1,2246,1080
13,280661,P22,1,2246,1080
0,280662,P09,1,1123,540
1,280662,P10,1,1123,540
2,280662,P11,1,1123,540
3,280662,P12,0,1123,540
4,280662,P13,1,1123,540
5,280662,P14,0,1123,540
6,280662,P15,1,1123,540
7,280662,P16,1,1123,540
8,280662,P17,1,2246,1080
9,280662,P18,1,2246,1080
10,280662,P19,1,2246,1080
11,280662,P20,1,2246,1080
12,280662,P21,1,2246,1080
13,280662,P22,1,2246,1080
0,280673,P09,1,1123,540
1,280673,P10,1,1123,540
2,280673,P11,1,1123,540
3,280673,P12,0,1123,540
4,280673,P13,1,1123,540
5,280673,P14,0,1123,540
6,280673,P15,1,1123,540
7,280673,P16,1,1123,540
8,280673,P17,1,2246,1080
9,280673,P18,1,2246,1080
10,280673,P19,1,2246,1080
11,280673,P20,1,2246,1080
12,280673,P21,1,2246,1080
13,280673,P22,1,2246,1080
0,280674,P09,1,1123,540
1,280674,P10,1,1123,540
2,280674,P11,1,1123,540
3,280674,P12,0,1123,540
4,280674,P13,1,1123,540
5,280674,P14,0,1123,540
6,280674,P15,1,1123,540
7,280674,P16,1,1123,540
8,280674,P17,1,2246,1080
9,280674,P18,1,2246,1080
10,280674,P19,1,2246,1080
11,280674,P20,1,2246,1080
12,280674,P21,1,2246,1080
13,280674,P22,1,2246,1080
0,280676,P09,1,1123,540
1,280676,P10,1,1123,540
2,280676,P11,1,1123,540
3,280676,P12,0,1123,540
4,280676,P13,1,1123,540
5,280676,P14,0,1123,540
6,280676,P15,1,1123,540
7,280676,P16,1,1123,540
8,280676,P17,1,2246,1080
9,280676,P18,1,2246,1080
10,280676,P19,1,2246,1080
11,280676,P20,1,2246,1080
12,280676,P21,1,2246,1080
13,280676,P22,1,2246,1080
0,280677,P09,1,1123,540
1,280677,P10,1,1123,540
2,280677,P11,1,1123,540
3,280677,P12,0,1123,540
4,280677,P13,1,1123,540
5,280677,P14,0,1123,540
6,280677,P15,1,1123,540
7,280677,P16,1,1123,540
8,280677,P17,1,2246,1080
9,280677,P18,1,2246,1080
10,280677,P19,1,2246,1080
11,280677,P20,1,2246,1080
12,280677,P21,1,2246,1080
13,280677,P22,1,2246,1080
0,280679,P09,1,1123,540
1,280679,P10,1,1123,540
2,280679,P11,1,1123,540
3,280679,P12,0,1123,540
4,280679,P13,1,1123,540
5,280679,P14,0,1123,540
6,280679,P15,1,1123,540
7,280679,P16,1,1123,540
8,280679,P17,1,2246,1080
9,280679,P18,1,2246,1080
10,280679,P19,1,2246,1080
11,280679,P20,1,2246,1080
12,280679,P21,1,2246,1080
13,280679,P22,1,2246,1080
0,280680,P09,1,1123,540
1,280680,P10,1,1123,540
2,280680,P11,1,1123,540
3,280680,P12,0,1123,540
4,280680,P13,1,1123,540
5,280680,P14,0,1123,540
6,280680,P15,1,1123,540
7,280680,P16,1,1123,540
8,280680,P17,1,2246,1080
9,280680,P18,1,2246,1080
10,280680,P19,1,2246,1080
11,280680,P20,1,2246,1080
12,280680,P21,1,2246,1080
13,280680,P22,1,2246,1080
0,280682,P09,1,1123,540
1,280682,P10,1,1123,540
2,280682,P11,1,1123,540
3,280682,P12,0,1123,540
4,280682,P13,1,1123,540
5,280682,P14,0,1123,540
6,280682,P15,1,1123,540
7,280682,P16,1,1123,540
8,280682,P17,1,2246,1080
9,280682,P18,1,2246,1080
10,280682,P19,1,2246,1080
11,280682,P20,1,2246,1080
12,280682,P21,1,2246,1080
13,280682,P22,1,2246,1080
0,280683,P09,1,1123,540
1,280683,P10,1,1123,540
2,280683,P11,1,1123,540
3,280683,P12,0,1123,540
4,280683,P13,1,1123,540
5,280683,P14,0,1123,540
6,280683,P15,1,1123,540
7,280683,P16,1,1123,540
8,280683,P17,1,2246,1080
9,280683,P18,1,2246,1080
10,280683,P19,1,2246,1080
11,280683,P20,1,2246,1080
12,280683,P21,1,2246,1080
13,280683,P22,1,2246,1080
0,280684,P09,1,1123,540
1,280684,P10,1,1123,540
2,280684,P11,1,1123,540
3,280684,P12,0,1123,540
4,280684,P13,1,1123,540
5,280684,P14,0,1123,540
6,280684,P15,1,1123,540
7,280684,P16,1,1123,540
8,280684,P17,1,2246,1080
9,280684,P18,1,2246,1080
10,280684,P19,1,2246,1080
11,280684,P20,1,2246,1080
12,280684,P21,1,2246,1080
13,280684,P22,1,2246,1080
0,280685,P09,1,1123,540
1,280685,P10,1,1123,540
2,280685,P11,1,1123,540
3,280685,P12,0,1123,540
4,280685,P13,1,1123,540
5,280685,P14,0,1123,540
6,280685,P15,1,1123,540
7,280685,P16,1,1123,540
8,280685,P17,1,2246,1080
9,280685,P18,1,2246,1080
10,280685,P19,1,2246,1080
11,280685,P20,1,2246,1080
12,280685,P21,1,2246,1080
13,280685,P22,1,2246,1080
0,280686,P09,1,1123,540
1,280686,P10,1,1123,540
2,280686,P11,1,1123,540
3,280686,P12,0,1123,540
4,280686,P13,1,1123,540
5,280686,P14,0,1123,540
6,280686,P15,1,1123,540
7,280686,P16,1,1123,540
8,280686,P17,1,2246,1080
9,280686,P18,1,2246,1080
10,280686,P19,1,2246,1080
11,280686,P20,1,2246,1080
12,280686,P21,1,2246,1080
13,280686,P22,1,2246,1080
0,280689,P09,1,1123,540
1,280689,P10,1,1123,540
2,280689,P11,1,1123,540
3,280689,P12,0,1123,540
4,280689,P13,1,1123,540
5,280689,P14,0,1123,540
6,280689,P15,1,1123,540
7,280689,P16,1,1123,540
8,280689,P17,1,2246,1080
9,280689,P18,1,2246,1080
10,280689,P19,1,2246,1080
11,280689,P20,1,2246,1080
12,280689,P21,1,2246,1080
13,280689,P22,1,2246,1080
0,570223,P09,1,1123,653
1,570223,P10,0,1123,540
2,570223,P11,0,1123,540
3,570223,P12,0,1123,540
4,570223,P13,0,1123,540
5,570223,P14,0,1123,540
6,570223,P15,1,1123,616
7,570223,P16,0,1123,540
8,570223,P17,0,2246,1080
9,570223,P18,1,2246,1447
10,570223,P19,0,2246,1080
11,570223,P20,0,2246,1080
12,570223,P21,0,2246,1080
13,570223,P22,0,2246,1080
0,570261,P09,0,1123,540
1,570261,P10,0,1123,540
2,570261,P11,0,1123,540
3,570261,P12,0,1123,540
4,570261,P13,0,1123,540
5,570261,P14,0,1123,540
6,570261,P15,0,1123,540
7,570261,P16,1,1123,823
8,570261,P17,1,2246,1590
9,570261,P18,1,2246,1430
10,570261,P19,0,2246,1080
11,570261,P20,1,2246,1257
12,570261,P21,1,2246,1464
13,570261,P22,1,2246,1376
0,570468,P09,1,1123,806
1,570468,P10,0,1123,540
2,570468,P11,0,1123,540
3,570468,P12,0,1123,540
4,570468,P13,0,1123,540
5,570468,P14,0,1123,540
6,570468,P15,0,1123,540
7,570468,P16,0,1123,540
8,570468,P17,0,2246,1080
9,570468,P18,0,2246,1080
10,570468,P19,0,2246,1080
11,570468,P20,0,2246,1080
12,570468,P21,0,2246,1080
13,570468,P22,0,2246,1080
0,570471,P09,1,1123,540
1,570471,P10,1,1123,540
2,570471,P11,1,1123,540
3,570471,P12,0,1123,540
4,570471,P13,1,1123,540
5,570471,P14,0,1123,540
6,570471,P15,1,1123,540
7,570471,P16,1,1123,540
8,570471,P17,1,2246,1080
9,570471,P18,1,2246,1080
10,570471,P19,1,2246,1080
11,570471,P20,1,2246,1080
12,570471,P21,1,2246,1080
13,570471,P22,1,2246,1080
0,570472,P09,1,1123,540
1,570472,P10,1,1123,540
2,570472,P11,1,1123,540
3,570472,P12,0,1123,540
4,570472,P13,1,1123,540
5,570472,P14,0,1123,540
6,570472,P15,1,1123,540
7,570472,P16,1,1123,540
8,570472,P17,1,2246,1080
9,570472,P18,1,2246,1080
10,570472,P19,1,2246,1080
11,570472,P20,1,2246,1080
12,570472,P21,1,2246,1080
13,570472,P22,1,2246,1080
0,570473,P09,1,1123,540
1,570473,P10,1,1123,540
2,570473,P11,1,1123,540
3,570473,P12,0,1123,540
4,570473,P13,1,1123,540
5,570473,P14,0,1123,540
6,570473,P15,1,1123,540
7,570473,P16,1,1123,540
8,570473,P17,1,2246,1080
9,570473,P18,1,2246,1080
10,570473,P19,1,2246,1080
11,570473,P20,1,2246,1080
12,570473,P21,1,2246,1080
13,570473,P22,1,2246,1080
0,570474,P09,1,1123,540
1,570474,P10,1,1123,540
2,570474,P11,1,1123,540
3,570474,P12,0,1123,540
4,570474,P13,1,1123,540
5,570474,P14,0,1123,540
6,570474,P15,1,1123,540
7,570474,P16,1,1123,540
8,570474,P17,1,2246,1080
9,570474,P18,1,2246,1080
10,570474,P19,1,2246,1080
11,570474,P20,1,2246,1080
12,570474,P21,1,2246,1080
13,570474,P22,1,2246,1080
0,570475,P09,1,1123,540
1,570475,P10,1,1123,540
2,570475,P11,1,1123,540
3,570475,P12,0,1123,540
4,570475,P13,1,1123,540
5,570475,P14,0,1123,540
6,570475,P15,1,1123,540
7,570475,P16,1,1123,540
8,570475,P17,1,2246,1080
9,570475,P18,1,2246,1080
10,570475,P19,1,2246,1080
11,570475,P20,1,2246,1080
12,570475,P21,1,2246,1080
13,570475,P22,1,2246,1080
0,570485,P09,1,1123,540
1,570485,P10,1,1123,540
2,570485,P11,1,1123,540
3,570485,P12,0,1123,540
4,570485,P13,1,1123,540
5,570485,P14,0,1123,540
6,570485,P15,1,1123,540
7,570485,P16,1,1123,540
8,570485,P17,1,2246,1080
9,570485,P18,1,2246,1080
10,570485,P19,1,2246,1080
11,570485,P20,1,2246,1080
12,570485,P21,1,2246,1080
13,570485,P22,1,2246,1080
