line_id,sku,line_name,capable,rate_kgph
0,120435,P09,1,716.0
1,120435,P10,0,635.0
2,120435,P11,1,770.0
3,120435,P12,1,608.0
4,120435,P13,1,748.0
5,120435,P14,1,689.0
6,120435,P15,1,630.0
7,120435,P16,0,800.0
8,120435,P17,0,1454.0
9,120435,P18,0,1486.0
10,120435,P19,0,1454.0
11,120435,P20,0,1475.0
12,120435,P21,0,1432.0
13,120435,P22,0,1356.0
0,120436,P09,1,716.0
1,120436,P10,0,635.0
2,120436,P11,1,770.0
3,120436,P12,1,608.0
4,120436,P13,1,748.0
5,120436,P14,1,689.0
6,120436,P15,1,630.0
7,120436,P16,1,800.0
8,120436,P17,1,1454.0
9,120436,P18,0,1486.0
10,120436,P19,0,1454.0
11,120436,P20,1,1475.0
12,120436,P21,0,1432.0
13,120436,P22,1,1356.0
0,120437,P09,1,716.0
1,120437,P10,0,635.0
2,120437,P11,1,770.0
3,120437,P12,1,608.0
4,120437,P13,1,748.0
5,120437,P14,1,689.0
6,120437,P15,1,630.0
7,120437,P16,0,800.0
8,120437,P17,1,1454.0
9,120437,P18,0,1486.0
10,120437,P19,0,1454.0
11,120437,P20,1,1475.0
12,120437,P21,0,1432.0
13,120437,P22,0,1356.0
0,120444,P09,1,716.0
1,120444,P10,0,635.0
2,120444,P11,1,770.0
3,120444,P12,1,608.0
4,120444,P13,1,748.0
5,120444,P14,1,689.0
6,120444,P15,1,630.0
7,120444,P16,1,800.0
8,120444,P17,0,1454.0
9,120444,P18,0,1486.0
10,120444,P19,0,1454.0
11,120444,P20,0,1475.0
12,120444,P21,0,1432.0
13,120444,P22,1,1356.0
0,120445,P09,1,716.0
1,120445,P10,0,635.0
2,120445,P11,1,770.0
3,120445,P12,1,608.0
4,120445,P13,1,748.0
5,120445,P14,1,689.0
6,120445,P15,0,630.0
7,120445,P16,0,800.0
8,120445,P17,0,1454.0
9,120445,P18,0,1486.0
10,120445,P19,0,1454.0
11,120445,P20,0,1475.0
12,120445,P21,0,1432.0
13,120445,P22,0,1356.0
0,120448,P09,1,716.0
1,120448,P10,0,635.0
2,120448,P11,1,770.0
3,120448,P12,1,608.0
4,120448,P13,1,748.0
5,120448,P14,1,689.0
6,120448,P15,1,630.0
7,120448,P16,1,800.0
8,120448,P17,1,1454.0
9,120448,P18,0,1486.0
10,120448,P19,0,1454.0
11,120448,P20,1,1475.0
12,120448,P21,0,1432.0
13,120448,P22,1,1356.0
0,120450,P09,0,716.0
1,120450,P10,0,635.0
2,120450,P11,0,770.0
3,120450,P12,1,608.0
4,120450,P13,1,748.0
5,120450,P14,1,689.0
6,120450,P15,0,630.0
7,120450,P16,0,800.0
8,120450,P17,0,1454.0
9,120450,P18,0,1486.0
10,120450,P19,0,1454.0
11,120450,P20,0,1475.0
12,120450,P21,0,1432.0
13,120450,P22,0,1356.0
0,120451,P09,0,716.0
1,120451,P10,0,635.0
2,120451,P11,0,770.0
3,120451,P12,1,608.0
4,120451,P13,0,748.0
5,120451,P14,1,689.0
6,120451,P15,0,630.0
7,120451,P16,0,800.0
8,120451,P17,0,1454.0
9,120451,P18,0,1486.0
10,120451,P19,0,1454.0
11,120451,P20,0,1475.0
12,120451,P21,0,1432.0
13,120451,P22,0,1356.0
0,120453,P09,0,716.0
1,120453,P10,0,635.0
2,120453,P11,0,770.0
3,120453,P12,1,608.0
4,120453,P13,0,748.0
5,120453,P14,1,689.0
6,120453,P15,0,630.0
7,120453,P16,0,800.0
8,120453,P17,0,1454.0
9,120453,P18,0,1486.0
10,120453,P19,0,1454.0
11,120453,P20,0,1475.0
12,120453,P21,0,1432.0
13,120453,P22,0,1356.0
0,120463,P09,0,716.0
1,120463,P10,0,635.0
2,120463,P11,0,770.0
3,120463,P12,0,608.0
4,120463,P13,0,748.0
5,120463,P14,0,689.0
6,120463,P15,1,630.0
7,120463,P16,1,800.0
8,120463,P17,0,1454.0
9,120463,P18,0,1486.0
10,120463,P19,0,1454.0
11,120463,P20,0,1475.0
12,120463,P21,0,1432.0
13,120463,P22,0,1356.0
0,120465,P09,1,716.0
1,120465,P10,0,635.0
2,120465,P11,1,770.0
3,120465,P12,1,608.0
4,120465,P13,1,748.0
5,120465,P14,1,689.0
6,120465,P15,1,630.0
7,120465,P16,0,800.0
8,120465,P17,0,1454.0
9,120465,P18,0,1486.0
10,120465,P19,0,1454.0
11,120465,P20,0,1475.0
12,120465,P21,0,1432.0
13,120465,P22,0,1356.0
0,120531,P09,1,716.0
1,120531,P10,0,635.0
2,120531,P11,0,770.0
3,120531,P12,1,608.0
4,120531,P13,1,748.0
5,120531,P14,1,689.0
6,120531,P15,0,630.0
7,120531,P16,0,800.0
8,120531,P17,0,1454.0
9,120531,P18,0,1486.0
10,120531,P19,0,1454.0
11,120531,P20,0,1475.0
12,120531,P21,0,1432.0
13,120531,P22,0,1356.0
0,120532,P09,1,716.0
1,120532,P10,0,635.0
2,120532,P11,0,770.0
3,120532,P12,1,608.0
4,120532,P13,1,748.0
5,120532,P14,1,689.0
6,120532,P15,0,630.0
7,120532,P16,0,800.0
8,120532,P17,0,1454.0
9,120532,P18,0,1486.0
10,120532,P19,0,1454.0
11,120532,P20,0,1475.0
12,120532,P21,0,1432.0
13,120532,P22,0,1356.0
0,120536,P09,1,716.0
1,120536,P10,0,635.0
2,120536,P11,0,770.0
3,120536,P12,1,608.0
4,120536,P13,1,748.0
5,120536,P14,1,689.0
6,120536,P15,0,630.0
7,120536,P16,0,800.0
8,120536,P17,0,1454.0
9,120536,P18,0,1486.0
10,120536,P19,0,1454.0
11,120536,P20,0,1475.0
12,120536,P21,0,1432.0
13,120536,P22,0,1356.0
0,241283,P09,1,716.0
1,241283,P10,0,635.0
2,241283,P11,1,770.0
3,241283,P12,0,608.0
4,241283,P13,1,748.0
5,241283,P14,0,689.0
6,241283,P15,1,630.0
7,241283,P16,0,800.0
8,241283,P17,0,1454.0
9,241283,P18,0,1486.0
10,241283,P19,0,1454.0
11,241283,P20,1,1475.0
12,241283,P21,0,1432.0
13,241283,P22,0,1356.0
0,251200,P09,1,716.0
1,251200,P10,0,635.0
2,251200,P11,1,770.0
3,251200,P12,0,608.0
4,251200,P13,1,748.0
5,251200,P14,0,689.0
6,251200,P15,0,630.0
7,251200,P16,1,800.0
8,251200,P17,0,1454.0
9,251200,P18,0,1486.0
10,251200,P19,0,1454.0
11,251200,P20,1,1475.0
12,251200,P21,0,1432.0
13,251200,P22,1,1356.0
0,280039,P09,1,716.0
1,280039,P10,1,635.0
2,280039,P11,0,770.0
3,280039,P12,0,608.0
4,280039,P13,1,748.0
5,280039,P14,0,689.0
6,280039,P15,1,630.0
7,280039,P16,1,800.0
8,280039,P17,0,1454.0
9,280039,P18,0,1486.0
10,280039,P19,0,1454.0
11,280039,P20,0,1475.0
12,280039,P21,0,1432.0
13,280039,P22,0,1356.0
0,280052,P09,1,716.0
1,280052,P10,1,635.0
2,280052,P11,1,770.0
3,280052,P12,0,608.0
4,280052,P13,1,748.0
5,280052,P14,0,689.0
6,280052,P15,1,630.0
7,280052,P16,1,800.0
8,280052,P17,1,1454.0
9,280052,P18,1,1486.0
10,280052,P19,1,1454.0
11,280052,P20,0,1475.0
12,280052,P21,1,1432.0
13,280052,P22,1,1356.0
0,280090,P09,0,716.0
1,280090,P10,0,635.0
2,280090,P11,0,770.0
3,280090,P12,1,608.0
4,280090,P13,0,748.0
5,280090,P14,1,689.0
6,280090,P15,0,630.0
7,280090,P16,0,800.0
8,280090,P17,0,1454.0
9,280090,P18,0,1486.0
10,280090,P19,0,1454.0
11,280090,P20,0,1475.0
12,280090,P21,0,1432.0
13,280090,P22,0,1356.0
0,280098,P09,1,716.0
1,280098,P10,0,635.0
2,280098,P11,1,770.0
3,280098,P12,1,608.0
4,280098,P13,0,748.0
5,280098,P14,1,689.0
6,280098,P15,0,630.0
7,280098,P16,0,800.0
8,280098,P17,0,1454.0
9,280098,P18,0,1486.0
10,280098,P19,0,1454.0
11,280098,P20,0,1475.0
12,280098,P21,0,1432.0
13,280098,P22,0,1356.0
0,280103,P09,1,716.0
1,280103,P10,0,635.0
2,280103,P11,0,770.0
3,280103,P12,0,608.0
4,280103,P13,0,748.0
5,280103,P14,0,689.0
6,280103,P15,1,630.0
7,280103,P16,0,800.0
8,280103,P17,1,1454.0
9,280103,P18,1,1486.0
10,280103,P19,0,1454.0
11,280103,P20,1,1475.0
12,280103,P21,0,1432.0
13,280103,P22,0,1356.0
0,280104,P09,1,716.0
1,280104,P10,0,635.0
2,280104,P11,0,770.0
3,280104,P12,0,608.0
4,280104,P13,0,748.0
5,280104,P14,0,689.0
6,280104,P15,1,630.0
7,280104,P16,0,800.0
8,280104,P17,1,1454.0
9,280104,P18,1,1486.0
10,280104,P19,0,1454.0
11,280104,P20,1,1475.0
12,280104,P21,0,1432.0
13,280104,P22,0,1356.0
0,280107,P09,1,716.0
1,280107,P10,0,635.0
2,280107,P11,1,770.0
3,280107,P12,1,608.0
4,280107,P13,0,748.0
5,280107,P14,1,689.0
6,280107,P15,1,630.0
7,280107,P16,0,800.0
8,280107,P17,1,1454.0
9,280107,P18,0,1486.0
10,280107,P19,0,1454.0
11,280107,P20,1,1475.0
12,280107,P21,0,1432.0
13,280107,P22,0,1356.0
0,280121,P09,1,716.0
1,280121,P10,0,635.0
2,280121,P11,1,770.0
3,280121,P12,0,608.0
4,280121,P13,1,748.0
5,280121,P14,0,689.0
6,280121,P15,1,630.0
7,280121,P16,1,800.0
8,280121,P17,0,1454.0
9,280121,P18,0,1486.0
10,280121,P19,0,1454.0
11,280121,P20,0,1475.0
12,280121,P21,0,1432.0
13,280121,P22,0,1356.0
0,280123,P09,1,716.0
1,280123,P10,1,635.0
2,280123,P11,1,770.0
3,280123,P12,0,608.0
4,280123,P13,1,748.0
5,280123,P14,0,689.0
6,280123,P15,1,630.0
7,280123,P16,1,800.0
8,280123,P17,0,1454.0
9,280123,P18,0,1486.0
10,280123,P19,0,1454.0
11,280123,P20,0,1475.0
12,280123,P21,0,1432.0
13,280123,P22,0,1356.0
0,280129,P09,0,716.0
1,280129,P10,0,635.0
2,280129,P11,1,770.0
3,280129,P12,0,608.0
4,280129,P13,0,748.0
5,280129,P14,0,689.0
6,280129,P15,0,630.0
7,280129,P16,0,800.0
8,280129,P17,0,1454.0
9,280129,P18,0,1486.0
10,280129,P19,0,1454.0
11,280129,P20,0,1475.0
12,280129,P21,0,1432.0
13,280129,P22,0,1356.0
0,280130,P09,0,716.0
1,280130,P10,0,635.0
2,280130,P11,1,770.0
3,280130,P12,0,608.0
4,280130,P13,0,748.0
5,280130,P14,0,689.0
6,280130,P15,0,630.0
7,280130,P16,0,800.0
8,280130,P17,0,1454.0
9,280130,P18,0,1486.0
10,280130,P19,0,1454.0
11,280130,P20,0,1475.0
12,280130,P21,0,1432.0
13,280130,P22,0,1356.0
0,280134,P09,1,716.0
1,280134,P10,1,635.0
2,280134,P11,1,770.0
3,280134,P12,1,608.0
4,280134,P13,1,748.0
5,280134,P14,1,689.0
6,280134,P15,1,630.0
7,280134,P16,1,800.0
8,280134,P17,0,1454.0
9,280134,P18,0,1486.0
10,280134,P19,0,1454.0
11,280134,P20,0,1475.0
12,280134,P21,0,1432.0
13,280134,P22,0,1356.0
0,280135,P09,1,716.0
1,280135,P10,1,635.0
2,280135,P11,1,770.0
3,280135,P12,0,608.0
4,280135,P13,1,748.0
5,280135,P14,0,689.0
6,280135,P15,1,630.0
7,280135,P16,1,800.0
8,280135,P17,0,1454.0
9,280135,P18,0,1486.0
10,280135,P19,0,1454.0
11,280135,P20,0,1475.0
12,280135,P21,0,1432.0
13,280135,P22,0,1356.0
0,280164,P09,1,716.0
1,280164,P10,0,635.0
2,280164,P11,0,770.0
3,280164,P12,1,608.0
4,280164,P13,0,748.0
5,280164,P14,1,689.0
6,280164,P15,0,630.0
7,280164,P16,0,800.0
8,280164,P17,0,1454.0
9,280164,P18,0,1486.0
10,280164,P19,0,1454.0
11,280164,P20,0,1475.0
12,280164,P21,0,1432.0
13,280164,P22,0,1356.0
0,280167,P09,0,716.0
1,280167,P10,0,635.0
2,280167,P11,0,770.0
3,280167,P12,0,608.0
4,280167,P13,0,748.0
5,280167,P14,1,689.0
6,280167,P15,0,630.0
7,280167,P16,0,800.0
8,280167,P17,0,1454.0
9,280167,P18,0,1486.0
10,280167,P19,0,1454.0
11,280167,P20,0,1475.0
12,280167,P21,0,1432.0
13,280167,P22,0,1356.0
0,280169,P09,1,716.0
1,280169,P10,0,635.0
2,280169,P11,1,770.0
3,280169,P12,0,608.0
4,280169,P13,1,748.0
5,280169,P14,0,689.0
6,280169,P15,1,630.0
7,280169,P16,1,800.0
8,280169,P17,1,1454.0
9,280169,P18,0,1486.0
10,280169,P19,0,1454.0
11,280169,P20,1,1475.0
12,280169,P21,0,1432.0
13,280169,P22,1,1356.0
0,280172,P09,1,716.0
1,280172,P10,0,635.0
2,280172,P11,1,770.0
3,280172,P12,0,608.0
4,280172,P13,1,748.0
5,280172,P14,0,689.0
6,280172,P15,1,630.0
7,280172,P16,1,800.0
8,280172,P17,0,1454.0
9,280172,P18,0,1486.0
10,280172,P19,0,1454.0
11,280172,P20,0,1475.0
12,280172,P21,0,1432.0
13,280172,P22,0,1356.0
0,280173,P09,1,716.0
1,280173,P10,1,635.0
2,280173,P11,1,770.0
3,280173,P12,0,608.0
4,280173,P13,1,748.0
5,280173,P14,0,689.0
6,280173,P15,1,630.0
7,280173,P16,1,800.0
8,280173,P17,0,1454.0
9,280173,P18,0,1486.0
10,280173,P19,0,1454.0
11,280173,P20,0,1475.0
12,280173,P21,0,1432.0
13,280173,P22,0,1356.0
0,280174,P09,0,716.0
1,280174,P10,0,635.0
2,280174,P11,0,770.0
3,280174,P12,1,608.0
4,280174,P13,0,748.0
5,280174,P14,0,689.0
6,280174,P15,0,630.0
7,280174,P16,0,800.0
8,280174,P17,0,1454.0
9,280174,P18,0,1486.0
10,280174,P19,0,1454.0
11,280174,P20,0,1475.0
12,280174,P21,0,1432.0
13,280174,P22,0,1356.0
0,280178,P09,0,716.0
1,280178,P10,0,635.0
2,280178,P11,0,770.0
3,280178,P12,0,608.0
4,280178,P13,0,748.0
5,280178,P14,0,689.0
6,280178,P15,1,630.0
7,280178,P16,0,800.0
8,280178,P17,0,1454.0
9,280178,P18,0,1486.0
10,280178,P19,0,1454.0
11,280178,P20,0,1475.0
12,280178,P21,0,1432.0
13,280178,P22,0,1356.0
0,280184,P09,1,716.0
1,280184,P10,1,635.0
2,280184,P11,1,770.0
3,280184,P12,1,608.0
4,280184,P13,1,748.0
5,280184,P14,1,689.0
6,280184,P15,1,630.0
7,280184,P16,1,800.0
8,280184,P17,0,1454.0
9,280184,P18,0,1486.0
10,280184,P19,0,1454.0
11,280184,P20,0,1475.0
12,280184,P21,0,1432.0
13,280184,P22,0,1356.0
0,280185,P09,1,716.0
1,280185,P10,1,635.0
2,280185,P11,1,770.0
3,280185,P12,0,608.0
4,280185,P13,1,748.0
5,280185,P14,0,689.0
6,280185,P15,1,630.0
7,280185,P16,1,800.0
8,280185,P17,0,1454.0
9,280185,P18,0,1486.0
10,280185,P19,0,1454.0
11,280185,P20,0,1475.0
12,280185,P21,0,1432.0
13,280185,P22,0,1356.0
0,280186,P09,1,716.0
1,280186,P10,1,635.0
2,280186,P11,1,770.0
3,280186,P12,0,608.0
4,280186,P13,1,748.0
5,280186,P14,0,689.0
6,280186,P15,0,630.0
7,280186,P16,0,800.0
8,280186,P17,0,1454.0
9,280186,P18,0,1486.0
10,280186,P19,0,1454.0
11,280186,P20,0,1475.0
12,280186,P21,0,1432.0
13,280186,P22,0,1356.0
0,280187,P09,1,716.0
1,280187,P10,1,635.0
2,280187,P11,1,770.0
3,280187,P12,0,608.0
4,280187,P13,1,748.0
5,280187,P14,0,689.0
6,280187,P15,0,630.0
7,280187,P16,0,800.0
8,280187,P17,0,1454.0
9,280187,P18,0,1486.0
10,280187,P19,0,1454.0
11,280187,P20,0,1475.0
12,280187,P21,0,1432.0
13,280187,P22,0,1356.0
0,280212,P09,1,716.0
1,280212,P10,1,635.0
2,280212,P11,1,770.0
3,280212,P12,0,608.0
4,280212,P13,1,748.0
5,280212,P14,0,689.0
6,280212,P15,1,630.0
7,280212,P16,1,800.0
8,280212,P17,1,1454.0
9,280212,P18,1,1486.0
10,280212,P19,1,1454.0
11,280212,P20,1,1475.0
12,280212,P21,1,1432.0
13,280212,P22,1,1356.0
0,280213,P09,1,716.0
1,280213,P10,1,635.0
2,280213,P11,1,770.0
3,280213,P12,0,608.0
4,280213,P13,1,748.0
5,280213,P14,0,689.0
6,280213,P15,1,630.0
7,280213,P16,1,800.0
8,280213,P17,1,1454.0
9,280213,P18,1,1486.0
10,280213,P19,1,1454.0
11,280213,P20,1,1475.0
12,280213,P21,1,1432.0
13,280213,P22,1,1356.0
0,280222,P09,1,716.0
1,280222,P10,1,635.0
2,280222,P11,1,770.0
3,280222,P12,0,608.0
4,280222,P13,1,748.0
5,280222,P14,0,689.0
6,280222,P15,1,630.0
7,280222,P16,1,800.0
8,280222,P17,1,1454.0
9,280222,P18,1,1486.0
10,280222,P19,1,1454.0
11,280222,P20,1,1475.0
12,280222,P21,1,1432.0
13,280222,P22,1,1356.0
0,280227,P09,0,716.0
1,280227,P10,0,635.0
2,280227,P11,0,770.0
3,280227,P12,1,608.0
4,280227,P13,0,748.0
5,280227,P14,1,689.0
6,280227,P15,0,630.0
7,280227,P16,0,800.0
8,280227,P17,0,1454.0
9,280227,P18,0,1486.0
10,280227,P19,0,1454.0
11,280227,P20,0,1475.0
12,280227,P21,0,1432.0
13,280227,P22,0,1356.0
0,280256,P09,0,716.0
1,280256,P10,1,635.0
2,280256,P11,0,770.0
3,280256,P12,0,608.0
4,280256,P13,1,748.0
5,280256,P14,0,689.0
6,280256,P15,0,630.0
7,280256,P16,0,800.0
8,280256,P17,0,1454.0
9,280256,P18,0,1486.0
10,280256,P19,1,1454.0
11,280256,P20,0,1475.0
12,280256,P21,0,1432.0
13,280256,P22,0,1356.0
0,280264,P09,1,716.0
1,280264,P10,0,635.0
2,280264,P11,1,770.0
3,280264,P12,0,608.0
4,280264,P13,1,748.0
5,280264,P14,0,689.0
6,280264,P15,1,630.0
7,280264,P16,1,800.0
8,280264,P17,0,1454.0
9,280264,P18,0,1486.0
10,280264,P19,0,1454.0
11,280264,P20,1,1475.0
12,280264,P21,0,1432.0
13,280264,P22,0,1356.0
0,280281,P09,0,716.0
1,280281,P10,0,635.0
2,280281,P11,1,770.0
3,280281,P12,0,608.0
4,280281,P13,0,748.0
5,280281,P14,0,689.0
6,280281,P15,0,630.0
7,280281,P16,0,800.0
8,280281,P17,0,1454.0
9,280281,P18,0,1486.0
10,280281,P19,0,1454.0
11,280281,P20,0,1475.0
12,280281,P21,0,1432.0
13,280281,P22,0,1356.0
0,280298,P09,0,716.0
1,280298,P10,0,635.0
2,280298,P11,1,770.0
3,280298,P12,0,608.0
4,280298,P13,0,748.0
5,280298,P14,0,689.0
6,280298,P15,0,630.0
7,280298,P16,0,800.0
8,280298,P17,0,1454.0
9,280298,P18,0,1486.0
10,280298,P19,0,1454.0
11,280298,P20,0,1475.0
12,280298,P21,0,1432.0
13,280298,P22,0,1356.0
0,280318,P09,1,716.0
1,280318,P10,0,635.0
2,280318,P11,1,770.0
3,280318,P12,0,608.0
4,280318,P13,1,748.0
5,280318,P14,0,689.0
6,280318,P15,1,630.0
7,280318,P16,1,800.0
8,280318,P17,1,1454.0
9,280318,P18,1,1486.0
10,280318,P19,0,1454.0
11,280318,P20,1,1475.0
12,280318,P21,0,1432.0
13,280318,P22,1,1356.0
0,280322,P09,0,716.0
1,280322,P10,0,635.0
2,280322,P11,0,770.0
3,280322,P12,0,608.0
4,280322,P13,0,748.0
5,280322,P14,0,689.0
6,280322,P15,0,630.0
7,280322,P16,0,800.0
8,280322,P17,0,1454.0
9,280322,P18,0,1486.0
10,280322,P19,0,1454.0
11,280322,P20,0,1475.0
12,280322,P21,0,1432.0
13,280322,P22,0,1356.0
0,280323,P09,1,716.0
1,280323,P10,0,635.0
2,280323,P11,0,770.0
3,280323,P12,0,608.0
4,280323,P13,0,748.0
5,280323,P14,0,689.0
6,280323,P15,1,630.0
7,280323,P16,1,800.0
8,280323,P17,1,1454.0
9,280323,P18,1,1486.0
10,280323,P19,1,1454.0
11,280323,P20,1,1475.0
12,280323,P21,1,1432.0
13,280323,P22,1,1356.0
0,280324,P09,1,716.0
1,280324,P10,0,635.0
2,280324,P11,0,770.0
3,280324,P12,0,608.0
4,280324,P13,1,748.0
5,280324,P14,0,689.0
6,280324,P15,1,630.0
7,280324,P16,1,800.0
8,280324,P17,1,1454.0
9,280324,P18,1,1486.0
10,280324,P19,1,1454.0
11,280324,P20,1,1475.0
12,280324,P21,1,1432.0
13,280324,P22,1,1356.0
0,280325,P09,1,716.0
1,280325,P10,1,635.0
2,280325,P11,1,770.0
3,280325,P12,0,608.0
4,280325,P13,1,748.0
5,280325,P14,0,689.0
6,280325,P15,1,630.0
7,280325,P16,1,800.0
8,280325,P17,1,1454.0
9,280325,P18,0,1486.0
10,280325,P19,0,1454.0
11,280325,P20,0,1475.0
12,280325,P21,0,1432.0
13,280325,P22,0,1356.0
0,280344,P09,1,716.0
1,280344,P10,0,635.0
2,280344,P11,0,770.0
3,280344,P12,0,608.0
4,280344,P13,0,748.0
5,280344,P14,0,689.0
6,280344,P15,1,630.0
7,280344,P16,0,800.0
8,280344,P17,1,1454.0
9,280344,P18,1,1486.0
10,280344,P19,0,1454.0
11,280344,P20,1,1475.0
12,280344,P21,0,1432.0
13,280344,P22,1,1356.0
0,280345,P09,0,716.0
1,280345,P10,0,635.0
2,280345,P11,1,770.0
3,280345,P12,0,608.0
4,280345,P13,0,748.0
5,280345,P14,1,689.0
6,280345,P15,0,630.0
7,280345,P16,0,800.0
8,280345,P17,0,1454.0
9,280345,P18,0,1486.0
10,280345,P19,0,1454.0
11,280345,P20,0,1475.0
12,280345,P21,0,1432.0
13,280345,P22,0,1356.0
0,280347,P09,0,716.0
1,280347,P10,0,635.0
2,280347,P11,1,770.0
3,280347,P12,0,608.0
4,280347,P13,0,748.0
5,280347,P14,1,689.0
6,280347,P15,0,630.0
7,280347,P16,0,800.0
8,280347,P17,0,1454.0
9,280347,P18,0,1486.0
10,280347,P19,0,1454.0
11,280347,P20,0,1475.0
12,280347,P21,0,1432.0
13,280347,P22,0,1356.0
0,280348,P09,0,716.0
1,280348,P10,0,635.0
2,280348,P11,0,770.0
3,280348,P12,0,608.0
4,280348,P13,0,748.0
5,280348,P14,0,689.0
6,280348,P15,1,630.0
7,280348,P16,1,800.0
8,280348,P17,0,1454.0
9,280348,P18,0,1486.0
10,280348,P19,0,1454.0
11,280348,P20,0,1475.0
12,280348,P21,0,1432.0
13,280348,P22,0,1356.0
0,280351,P09,1,716.0
1,280351,P10,1,635.0
2,280351,P11,1,770.0
3,280351,P12,0,608.0
4,280351,P13,1,748.0
5,280351,P14,0,689.0
6,280351,P15,1,630.0
7,280351,P16,1,800.0
8,280351,P17,0,1454.0
9,280351,P18,0,1486.0
10,280351,P19,1,1454.0
11,280351,P20,0,1475.0
12,280351,P21,0,1432.0
13,280351,P22,0,1356.0
0,280355,P09,1,716.0
1,280355,P10,0,635.0
2,280355,P11,1,770.0
3,280355,P12,0,608.0
4,280355,P13,1,748.0
5,280355,P14,0,689.0
6,280355,P15,1,630.0
7,280355,P16,0,800.0
8,280355,P17,1,1454.0
9,280355,P18,0,1486.0
10,280355,P19,0,1454.0
11,280355,P20,1,1475.0
12,280355,P21,0,1432.0
13,280355,P22,1,1356.0
0,280358,P09,1,716.0
1,280358,P10,0,635.0
2,280358,P11,1,770.0
3,280358,P12,0,608.0
4,280358,P13,1,748.0
5,280358,P14,0,689.0
6,280358,P15,1,630.0
7,280358,P16,0,800.0
8,280358,P17,0,1454.0
9,280358,P18,0,1486.0
10,280358,P19,0,1454.0
11,280358,P20,1,1475.0
12,280358,P21,0,1432.0
13,280358,P22,0,1356.0
0,280365,P09,0,716.0
1,280365,P10,0,635.0
2,280365,P11,1,770.0
3,280365,P12,1,608.0
4,280365,P13,1,748.0
5,280365,P14,1,689.0
6,280365,P15,0,630.0
7,280365,P16,0,800.0
8,280365,P17,0,1454.0
9,280365,P18,0,1486.0
10,280365,P19,0,1454.0
11,280365,P20,0,1475.0
12,280365,P21,0,1432.0
13,280365,P22,0,1356.0
0,280375,P09,0,716.0
1,280375,P10,0,635.0
2,280375,P11,0,770.0
3,280375,P12,1,608.0
4,280375,P13,0,748.0
5,280375,P14,0,689.0
6,280375,P15,0,630.0
7,280375,P16,0,800.0
8,280375,P17,0,1454.0
9,280375,P18,0,1486.0
10,280375,P19,0,1454.0
11,280375,P20,0,1475.0
12,280375,P21,0,1432.0
13,280375,P22,0,1356.0
0,280376,P09,0,716.0
1,280376,P10,0,635.0
2,280376,P11,0,770.0
3,280376,P12,1,608.0
4,280376,P13,0,748.0
5,280376,P14,0,689.0
6,280376,P15,0,630.0
7,280376,P16,0,800.0
8,280376,P17,0,1454.0
9,280376,P18,0,1486.0
10,280376,P19,0,1454.0
11,280376,P20,0,1475.0
12,280376,P21,0,1432.0
13,280376,P22,0,1356.0
0,280377,P09,0,716.0
1,280377,P10,0,635.0
2,280377,P11,0,770.0
3,280377,P12,1,608.0
4,280377,P13,1,748.0
5,280377,P14,0,689.0
6,280377,P15,0,630.0
7,280377,P16,0,800.0
8,280377,P17,0,1454.0
9,280377,P18,0,1486.0
10,280377,P19,0,1454.0
11,280377,P20,0,1475.0
12,280377,P21,0,1432.0
13,280377,P22,0,1356.0
0,280378,P09,0,716.0
1,280378,P10,0,635.0
2,280378,P11,0,770.0
3,280378,P12,1,608.0
4,280378,P13,0,748.0
5,280378,P14,0,689.0
6,280378,P15,1,630.0
7,280378,P16,0,800.0
8,280378,P17,0,1454.0
9,280378,P18,0,1486.0
10,280378,P19,0,1454.0
11,280378,P20,0,1475.0
12,280378,P21,0,1432.0
13,280378,P22,0,1356.0
0,280379,P09,0,716.0
1,280379,P10,0,635.0
2,280379,P11,0,770.0
3,280379,P12,1,608.0
4,280379,P13,0,748.0
5,280379,P14,0,689.0
6,280379,P15,0,630.0
7,280379,P16,0,800.0
8,280379,P17,0,1454.0
9,280379,P18,0,1486.0
10,280379,P19,0,1454.0
11,280379,P20,0,1475.0
12,280379,P21,0,1432.0
13,280379,P22,0,1356.0
0,280380,P09,0,716.0
1,280380,P10,0,635.0
2,280380,P11,0,770.0
3,280380,P12,1,608.0
4,280380,P13,0,748.0
5,280380,P14,0,689.0
6,280380,P15,0,630.0
7,280380,P16,0,800.0
8,280380,P17,0,1454.0
9,280380,P18,0,1486.0
10,280380,P19,0,1454.0
11,280380,P20,0,1475.0
12,280380,P21,0,1432.0
13,280380,P22,0,1356.0
0,280383,P09,1,716.0
1,280383,P10,0,635.0
2,280383,P11,0,770.0
3,280383,P12,1,608.0
4,280383,P13,0,748.0
5,280383,P14,1,689.0
6,280383,P15,0,630.0
7,280383,P16,0,800.0
8,280383,P17,0,1454.0
9,280383,P18,0,1486.0
10,280383,P19,0,1454.0
11,280383,P20,0,1475.0
12,280383,P21,0,1432.0
13,280383,P22,0,1356.0
0,280384,P09,1,716.0
1,280384,P10,0,635.0
2,280384,P11,0,770.0
3,280384,P12,1,608.0
4,280384,P13,0,748.0
5,280384,P14,1,689.0
6,280384,P15,0,630.0
7,280384,P16,0,800.0
8,280384,P17,0,1454.0
9,280384,P18,0,1486.0
10,280384,P19,0,1454.0
11,280384,P20,0,1475.0
12,280384,P21,0,1432.0
13,280384,P22,0,1356.0
0,280385,P09,1,716.0
1,280385,P10,0,635.0
2,280385,P11,0,770.0
3,280385,P12,1,608.0
4,280385,P13,0,748.0
5,280385,P14,1,689.0
6,280385,P15,0,630.0
7,280385,P16,0,800.0
8,280385,P17,0,1454.0
9,280385,P18,0,1486.0
10,280385,P19,0,1454.0
11,280385,P20,0,1475.0
12,280385,P21,0,1432.0
13,280385,P22,0,1356.0
0,280388,P09,0,716.0
1,280388,P10,1,635.0
2,280388,P11,1,770.0
3,280388,P12,0,608.0
4,280388,P13,0,748.0
5,280388,P14,0,689.0
6,280388,P15,0,630.0
7,280388,P16,1,800.0
8,280388,P17,0,1454.0
9,280388,P18,0,1486.0
10,280388,P19,0,1454.0
11,280388,P20,0,1475.0
12,280388,P21,0,1432.0
13,280388,P22,0,1356.0
0,280397,P09,0,716.0
1,280397,P10,0,635.0
2,280397,P11,0,770.0
3,280397,P12,1,608.0
4,280397,P13,0,748.0
5,280397,P14,0,689.0
6,280397,P15,0,630.0
7,280397,P16,0,800.0
8,280397,P17,0,1454.0
9,280397,P18,0,1486.0
10,280397,P19,0,1454.0
11,280397,P20,0,1475.0
12,280397,P21,0,1432.0
13,280397,P22,0,1356.0
0,280398,P09,0,716.0
1,280398,P10,0,635.0
2,280398,P11,0,770.0
3,280398,P12,1,608.0
4,280398,P13,0,748.0
5,280398,P14,0,689.0
6,280398,P15,0,630.0
7,280398,P16,0,800.0
8,280398,P17,0,1454.0
9,280398,P18,0,1486.0
10,280398,P19,0,1454.0
11,280398,P20,0,1475.0
12,280398,P21,0,1432.0
13,280398,P22,0,1356.0
0,280405,P09,1,716.0
1,280405,P10,0,635.0
2,280405,P11,1,770.0
3,280405,P12,0,608.0
4,280405,P13,1,748.0
5,280405,P14,0,689.0
6,280405,P15,1,630.0
7,280405,P16,1,800.0
8,280405,P17,1,1454.0
9,280405,P18,1,1486.0
10,280405,P19,1,1454.0
11,280405,P20,1,1475.0
12,280405,P21,1,1432.0
13,280405,P22,1,1356.0
0,280412,P09,0,716.0
1,280412,P10,0,635.0
2,280412,P11,0,770.0
3,280412,P12,0,608.0
4,280412,P13,0,748.0
5,280412,P14,0,689.0
6,280412,P15,0,630.0
7,280412,P16,0,800.0
8,280412,P17,0,1454.0
9,280412,P18,0,1486.0
10,280412,P19,0,1454.0
11,280412,P20,0,1475.0
12,280412,P21,0,1432.0
13,280412,P22,0,1356.0
0,280421,P09,1,716.0
1,280421,P10,0,635.0
2,280421,P11,0,770.0
3,280421,P12,0,608.0
4,280421,P13,0,748.0
5,280421,P14,0,689.0
6,280421,P15,1,630.0
7,280421,P16,0,800.0
8,280421,P17,1,1454.0
9,280421,P18,1,1486.0
10,280421,P19,0,1454.0
11,280421,P20,1,1475.0
12,280421,P21,0,1432.0
13,280421,P22,1,1356.0
0,280425,P09,1,716.0
1,280425,P10,0,635.0
2,280425,P11,1,770.0
3,280425,P12,0,608.0
4,280425,P13,1,748.0
5,280425,P14,0,689.0
6,280425,P15,1,630.0
7,280425,P16,1,800.0
8,280425,P17,1,1454.0
9,280425,P18,0,1486.0
10,280425,P19,0,1454.0
11,280425,P20,1,1475.0
12,280425,P21,0,1432.0
13,280425,P22,1,1356.0
0,280426,P09,0,716.0
1,280426,P10,0,635.0
2,280426,P11,0,770.0
3,280426,P12,1,608.0
4,280426,P13,0,748.0
5,280426,P14,0,689.0
6,280426,P15,0,630.0
7,280426,P16,0,800.0
8,280426,P17,0,1454.0
9,280426,P18,0,1486.0
10,280426,P19,0,1454.0
11,280426,P20,0,1475.0
12,280426,P21,0,1432.0
13,280426,P22,0,1356.0
0,280435,P09,0,716.0
1,280435,P10,0,635.0
2,280435,P11,1,770.0
3,280435,P12,0,608.0
4,280435,P13,0,748.0
5,280435,P14,0,689.0
6,280435,P15,1,630.0
7,280435,P16,0,800.0
8,280435,P17,0,1454.0
9,280435,P18,0,1486.0
10,280435,P19,0,1454.0
11,280435,P20,0,1475.0
12,280435,P21,0,1432.0
13,280435,P22,0,1356.0
0,280436,P09,0,716.0
1,280436,P10,0,635.0
2,280436,P11,0,770.0
3,280436,P12,1,608.0
4,280436,P13,0,748.0
5,280436,P14,0,689.0
6,280436,P15,0,630.0
7,280436,P16,0,800.0
8,280436,P17,0,1454.0
9,280436,P18,0,1486.0
10,280436,P19,0,1454.0
11,280436,P20,0,1475.0
12,280436,P21,0,1432.0
13,280436,P22,0,1356.0
0,280450,P09,1,716.0
1,280450,P10,0,635.0
2,280450,P11,1,770.0
3,280450,P12,0,608.0
4,280450,P13,1,748.0
5,280450,P14,0,689.0
6,280450,P15,1,630.0
7,280450,P16,1,800.0
8,280450,P17,0,1454.0
9,280450,P18,0,1486.0
10,280450,P19,0,1454.0
11,280450,P20,1,1475.0
12,280450,P21,0,1432.0
13,280450,P22,1,1356.0
0,280451,P09,1,716.0
1,280451,P10,0,635.0
2,280451,P11,0,770.0
3,280451,P12,0,608.0
4,280451,P13,0,748.0
5,280451,P14,0,689.0
6,280451,P15,1,630.0
7,280451,P16,0,800.0
8,280451,P17,1,1454.0
9,280451,P18,1,1486.0
10,280451,P19,0,1454.0
11,280451,P20,1,1475.0
12,280451,P21,0,1432.0
13,280451,P22,1,1356.0
0,280452,P09,1,716.0
1,280452,P10,0,635.0
2,280452,P11,0,770.0
3,280452,P12,0,608.0
4,280452,P13,0,748.0
5,280452,P14,0,689.0
6,280452,P15,1,630.0
7,280452,P16,0,800.0
8,280452,P17,1,1454.0
9,280452,P18,1,1486.0
10,280452,P19,0,1454.0
11,280452,P20,1,1475.0
12,280452,P21,0,1432.0
13,280452,P22,1,1356.0
0,280453,P09,1,716.0
1,280453,P10,0,635.0
2,280453,P11,0,770.0
3,280453,P12,0,608.0
4,280453,P13,0,748.0
5,280453,P14,0,689.0
6,280453,P15,1,630.0
7,280453,P16,0,800.0
8,280453,P17,1,1454.0
9,280453,P18,1,1486.0
10,280453,P19,0,1454.0
11,280453,P20,1,1475.0
12,280453,P21,0,1432.0
13,280453,P22,1,1356.0
0,280454,P09,0,716.0
1,280454,P10,0,635.0
2,280454,P11,1,770.0
3,280454,P12,0,608.0
4,280454,P13,0,748.0
5,280454,P14,0,689.0
6,280454,P15,1,630.0
7,280454,P16,1,800.0
8,280454,P17,1,1454.0
9,280454,P18,1,1486.0
10,280454,P19,1,1454.0
11,280454,P20,1,1475.0
12,280454,P21,1,1432.0
13,280454,P22,1,1356.0
0,280478,P09,1,716.0
1,280478,P10,0,635.0
2,280478,P11,0,770.0
3,280478,P12,0,608.0
4,280478,P13,0,748.0
5,280478,P14,1,689.0
6,280478,P15,0,630.0
7,280478,P16,0,800.0
8,280478,P17,0,1454.0
9,280478,P18,0,1486.0
10,280478,P19,0,1454.0
11,280478,P20,0,1475.0
12,280478,P21,0,1432.0
13,280478,P22,1,1356.0
0,280480,P09,1,716.0
1,280480,P10,0,635.0
2,280480,P11,1,770.0
3,280480,P12,0,608.0
4,280480,P13,1,748.0
5,280480,P14,0,689.0
6,280480,P15,1,630.0
7,280480,P16,1,800.0
8,280480,P17,1,1454.0
9,280480,P18,1,1486.0
10,280480,P19,1,1454.0
11,280480,P20,1,1475.0
12,280480,P21,1,1432.0
13,280480,P22,1,1356.0
0,280488,P09,0,716.0
1,280488,P10,0,635.0
2,280488,P11,0,770.0
3,280488,P12,1,608.0
4,280488,P13,0,748.0
5,280488,P14,0,689.0
6,280488,P15,0,630.0
7,280488,P16,0,800.0
8,280488,P17,0,1454.0
9,280488,P18,0,1486.0
10,280488,P19,0,1454.0
11,280488,P20,0,1475.0
12,280488,P21,0,1432.0
13,280488,P22,0,1356.0
0,280489,P09,1,716.0
1,280489,P10,0,635.0
2,280489,P11,1,770.0
3,280489,P12,0,608.0
4,280489,P13,1,748.0
5,280489,P14,0,689.0
6,280489,P15,1,630.0
7,280489,P16,0,800.0
8,280489,P17,1,1454.0
9,280489,P18,1,1486.0
10,280489,P19,1,1454.0
11,280489,P20,1,1475.0
12,280489,P21,1,1432.0
13,280489,P22,1,1356.0
0,280490,P09,1,716.0
1,280490,P10,0,635.0
2,280490,P11,1,770.0
3,280490,P12,0,608.0
4,280490,P13,1,748.0
5,280490,P14,0,689.0
6,280490,P15,1,630.0
7,280490,P16,1,800.0
8,280490,P17,1,1454.0
9,280490,P18,1,1486.0
10,280490,P19,1,1454.0
11,280490,P20,1,1475.0
12,280490,P21,1,1432.0
13,280490,P22,1,1356.0
0,280493,P09,1,716.0
1,280493,P10,0,635.0
2,280493,P11,0,770.0
3,280493,P12,0,608.0
4,280493,P13,0,748.0
5,280493,P14,0,689.0
6,280493,P15,1,630.0
7,280493,P16,0,800.0
8,280493,P17,1,1454.0
9,280493,P18,1,1486.0
10,280493,P19,0,1454.0
11,280493,P20,1,1475.0
12,280493,P21,0,1432.0
13,280493,P22,1,1356.0
0,280516,P09,1,716.0
1,280516,P10,0,635.0
2,280516,P11,1,770.0
3,280516,P12,1,608.0
4,280516,P13,1,748.0
5,280516,P14,1,689.0
6,280516,P15,1,630.0
7,280516,P16,0,800.0
8,280516,P17,1,1454.0
9,280516,P18,0,1486.0
10,280516,P19,0,1454.0
11,280516,P20,1,1475.0
12,280516,P21,0,1432.0
13,280516,P22,1,1356.0
0,280517,P09,1,716.0
1,280517,P10,0,635.0
2,280517,P11,1,770.0
3,280517,P12,0,608.0
4,280517,P13,1,748.0
5,280517,P14,0,689.0
6,280517,P15,1,630.0
7,280517,P16,0,800.0
8,280517,P17,1,1454.0
9,280517,P18,0,1486.0
10,280517,P19,0,1454.0
11,280517,P20,1,1475.0
12,280517,P21,0,1432.0
13,280517,P22,1,1356.0
0,280539,P09,0,716.0
1,280539,P10,0,635.0
2,280539,P11,0,770.0
3,280539,P12,1,608.0
4,280539,P13,0,748.0
5,280539,P14,0,689.0
6,280539,P15,0,630.0
7,280539,P16,0,800.0
8,280539,P17,0,1454.0
9,280539,P18,0,1486.0
10,280539,P19,0,1454.0
11,280539,P20,0,1475.0
12,280539,P21,0,1432.0
13,280539,P22,0,1356.0
0,280541,P09,1,716.0
1,280541,P10,0,635.0
2,280541,P11,1,770.0
3,280541,P12,0,608.0
4,280541,P13,1,748.0
5,280541,P14,0,689.0
6,280541,P15,1,630.0
7,280541,P16,1,800.0
8,280541,P17,1,1454.0
9,280541,P18,0,1486.0
10,280541,P19,0,1454.0
11,280541,P20,1,1475.0
12,280541,P21,0,1432.0
13,280541,P22,1,1356.0
0,280557,P09,1,716.0
1,280557,P10,0,635.0
2,280557,P11,1,770.0
3,280557,P12,0,608.0
4,280557,P13,1,748.0
5,280557,P14,0,689.0
6,280557,P15,1,630.0
7,280557,P16,1,800.0
8,280557,P17,1,1454.0
9,280557,P18,1,1486.0
10,280557,P19,0,1454.0
11,280557,P20,1,1475.0
12,280557,P21,0,1432.0
13,280557,P22,0,1356.0
0,280559,P09,0,716.0
1,280559,P10,0,635.0
2,280559,P11,0,770.0
3,280559,P12,0,608.0
4,280559,P13,0,748.0
5,280559,P14,0,689.0
6,280559,P15,1,630.0
7,280559,P16,1,800.0
8,280559,P17,1,1454.0
9,280559,P18,1,1486.0
10,280559,P19,1,1454.0
11,280559,P20,0,1475.0
12,280559,P21,1,1432.0
13,280559,P22,1,1356.0
0,280563,P09,1,716.0
1,280563,P10,0,635.0
2,280563,P11,1,770.0
3,280563,P12,0,608.0
4,280563,P13,0,748.0
5,280563,P14,0,689.0
6,280563,P15,1,630.0
7,280563,P16,1,800.0
8,280563,P17,1,1454.0
9,280563,P18,1,1486.0
10,280563,P19,0,1454.0
11,280563,P20,1,1475.0
12,280563,P21,1,1432.0
13,280563,P22,0,1356.0
0,280564,P09,1,716.0
1,280564,P10,0,635.0
2,280564,P11,1,770.0
3,280564,P12,0,608.0
4,280564,P13,0,748.0
5,280564,P14,0,689.0
6,280564,P15,1,630.0
7,280564,P16,1,800.0
8,280564,P17,1,1454.0
9,280564,P18,1,1486.0
10,280564,P19,0,1454.0
11,280564,P20,1,1475.0
12,280564,P21,1,1432.0
13,280564,P22,0,1356.0
0,280566,P09,1,716.0
1,280566,P10,0,635.0
2,280566,P11,1,770.0
3,280566,P12,0,608.0
4,280566,P13,0,748.0
5,280566,P14,0,689.0
6,280566,P15,1,630.0
7,280566,P16,1,800.0
8,280566,P17,1,1454.0
9,280566,P18,0,1486.0
10,280566,P19,0,1454.0
11,280566,P20,1,1475.0
12,280566,P21,1,1432.0
13,280566,P22,0,1356.0
0,280567,P09,1,716.0
1,280567,P10,1,635.0
2,280567,P11,1,770.0
3,280567,P12,0,608.0
4,280567,P13,1,748.0
5,280567,P14,0,689.0
6,280567,P15,1,630.0
7,280567,P16,1,800.0
8,280567,P17,1,1454.0
9,280567,P18,1,1486.0
10,280567,P19,1,1454.0
11,280567,P20,0,1475.0
12,280567,P21,1,1432.0
13,280567,P22,0,1356.0
0,280568,P09,0,716.0
1,280568,P10,0,635.0
2,280568,P11,0,770.0
3,280568,P12,0,608.0
4,280568,P13,0,748.0
5,280568,P14,0,689.0
6,280568,P15,0,630.0
7,280568,P16,0,800.0
8,280568,P17,0,1454.0
9,280568,P18,0,1486.0
10,280568,P19,0,1454.0
11,280568,P20,0,1475.0
12,280568,P21,0,1432.0
13,280568,P22,0,1356.0
0,280571,P09,1,716.0
1,280571,P10,0,635.0
2,280571,P11,1,770.0
3,280571,P12,0,608.0
4,280571,P13,1,748.0
5,280571,P14,1,689.0
6,280571,P15,0,630.0
7,280571,P16,0,800.0
8,280571,P17,0,1454.0
9,280571,P18,0,1486.0
10,280571,P19,0,1454.0
11,280571,P20,0,1475.0
12,280571,P21,0,1432.0
13,280571,P22,0,1356.0
0,280572,P09,1,716.0
1,280572,P10,0,635.0
2,280572,P11,1,770.0
3,280572,P12,0,608.0
4,280572,P13,1,748.0
5,280572,P14,1,689.0
6,280572,P15,0,630.0
7,280572,P16,0,800.0
8,280572,P17,0,1454.0
9,280572,P18,0,1486.0
10,280572,P19,0,1454.0
11,280572,P20,0,1475.0
12,280572,P21,0,1432.0
13,280572,P22,0,1356.0
0,280573,P09,1,716.0
1,280573,P10,0,635.0
2,280573,P11,1,770.0
3,280573,P12,0,608.0
4,280573,P13,1,748.0
5,280573,P14,1,689.0
6,280573,P15,0,630.0
7,280573,P16,0,800.0
8,280573,P17,0,1454.0
9,280573,P18,0,1486.0
10,280573,P19,0,1454.0
11,280573,P20,0,1475.0
12,280573,P21,0,1432.0
13,280573,P22,0,1356.0
0,280574,P09,1,716.0
1,280574,P10,0,635.0
2,280574,P11,1,770.0
3,280574,P12,0,608.0
4,280574,P13,1,748.0
5,280574,P14,1,689.0
6,280574,P15,0,630.0
7,280574,P16,0,800.0
8,280574,P17,0,1454.0
9,280574,P18,0,1486.0
10,280574,P19,0,1454.0
11,280574,P20,0,1475.0
12,280574,P21,0,1432.0
13,280574,P22,0,1356.0
0,280575,P09,0,716.0
1,280575,P10,0,635.0
2,280575,P11,1,770.0
3,280575,P12,0,608.0
4,280575,P13,1,748.0
5,280575,P14,1,689.0
6,280575,P15,0,630.0
7,280575,P16,0,800.0
8,280575,P17,0,1454.0
9,280575,P18,0,1486.0
10,280575,P19,0,1454.0
11,280575,P20,0,1475.0
12,280575,P21,0,1432.0
13,280575,P22,0,1356.0
0,280576,P09,1,716.0
1,280576,P10,0,635.0
2,280576,P11,1,770.0
3,280576,P12,0,608.0
4,280576,P13,1,748.0
5,280576,P14,1,689.0
6,280576,P15,0,630.0
7,280576,P16,0,800.0
8,280576,P17,0,1454.0
9,280576,P18,0,1486.0
10,280576,P19,0,1454.0
11,280576,P20,0,1475.0
12,280576,P21,0,1432.0
13,280576,P22,0,1356.0
0,280578,P09,1,716.0
1,280578,P10,0,635.0
2,280578,P11,1,770.0
3,280578,P12,0,608.0
4,280578,P13,1,748.0
5,280578,P14,1,689.0
6,280578,P15,0,630.0
7,280578,P16,0,800.0
8,280578,P17,0,1454.0
9,280578,P18,0,1486.0
10,280578,P19,0,1454.0
11,280578,P20,0,1475.0
12,280578,P21,0,1432.0
13,280578,P22,0,1356.0
0,280579,P09,0,716.0
1,280579,P10,0,635.0
2,280579,P11,1,770.0
3,280579,P12,0,608.0
4,280579,P13,1,748.0
5,280579,P14,1,689.0
6,280579,P15,0,630.0
7,280579,P16,0,800.0
8,280579,P17,0,1454.0
9,280579,P18,0,1486.0
10,280579,P19,0,1454.0
11,280579,P20,0,1475.0
12,280579,P21,0,1432.0
13,280579,P22,0,1356.0
0,280580,P09,1,716.0
1,280580,P10,0,635.0
2,280580,P11,1,770.0
3,280580,P12,0,608.0
4,280580,P13,1,748.0
5,280580,P14,1,689.0
6,280580,P15,0,630.0
7,280580,P16,0,800.0
8,280580,P17,0,1454.0
9,280580,P18,0,1486.0
10,280580,P19,0,1454.0
11,280580,P20,0,1475.0
12,280580,P21,0,1432.0
13,280580,P22,0,1356.0
0,280581,P09,1,716.0
1,280581,P10,0,635.0
2,280581,P11,1,770.0
3,280581,P12,0,608.0
4,280581,P13,1,748.0
5,280581,P14,1,689.0
6,280581,P15,0,630.0
7,280581,P16,0,800.0
8,280581,P17,0,1454.0
9,280581,P18,0,1486.0
10,280581,P19,0,1454.0
11,280581,P20,0,1475.0
12,280581,P21,0,1432.0
13,280581,P22,0,1356.0
0,280582,P09,1,716.0
1,280582,P10,0,635.0
2,280582,P11,1,770.0
3,280582,P12,0,608.0
4,280582,P13,1,748.0
5,280582,P14,1,689.0
6,280582,P15,0,630.0
7,280582,P16,0,800.0
8,280582,P17,0,1454.0
9,280582,P18,0,1486.0
10,280582,P19,0,1454.0
11,280582,P20,0,1475.0
12,280582,P21,0,1432.0
13,280582,P22,0,1356.0
0,280583,P09,1,716.0
1,280583,P10,0,635.0
2,280583,P11,0,770.0
3,280583,P12,0,608.0
4,280583,P13,0,748.0
5,280583,P14,0,689.0
6,280583,P15,0,630.0
7,280583,P16,0,800.0
8,280583,P17,0,1454.0
9,280583,P18,0,1486.0
10,280583,P19,0,1454.0
11,280583,P20,1,1475.0
12,280583,P21,0,1432.0
13,280583,P22,0,1356.0
0,280584,P09,1,716.0
1,280584,P10,0,635.0
2,280584,P11,0,770.0
3,280584,P12,0,608.0
4,280584,P13,0,748.0
5,280584,P14,0,689.0
6,280584,P15,0,630.0
7,280584,P16,0,800.0
8,280584,P17,0,1454.0
9,280584,P18,0,1486.0
10,280584,P19,0,1454.0
11,280584,P20,1,1475.0
12,280584,P21,0,1432.0
13,280584,P22,0,1356.0
0,280585,P09,1,716.0
1,280585,P10,0,635.0
2,280585,P11,0,770.0
3,280585,P12,0,608.0
4,280585,P13,0,748.0
5,280585,P14,0,689.0
6,280585,P15,0,630.0
7,280585,P16,0,800.0
8,280585,P17,0,1454.0
9,280585,P18,0,1486.0
10,280585,P19,0,1454.0
11,280585,P20,1,1475.0
12,280585,P21,0,1432.0
13,280585,P22,1,1356.0
0,280586,P09,1,716.0
1,280586,P10,0,635.0
2,280586,P11,0,770.0
3,280586,P12,0,608.0
4,280586,P13,0,748.0
5,280586,P14,0,689.0
6,280586,P15,0,630.0
7,280586,P16,0,800.0
8,280586,P17,0,1454.0
9,280586,P18,0,1486.0
10,280586,P19,0,1454.0
11,280586,P20,1,1475.0
12,280586,P21,0,1432.0
13,280586,P22,0,1356.0
0,280587,P09,1,716.0
1,280587,P10,0,635.0
2,280587,P11,0,770.0
3,280587,P12,0,608.0
4,280587,P13,0,748.0
5,280587,P14,0,689.0
6,280587,P15,0,630.0
7,280587,P16,0,800.0
8,280587,P17,0,1454.0
9,280587,P18,0,1486.0
10,280587,P19,0,1454.0
11,280587,P20,1,1475.0
12,280587,P21,0,1432.0
13,280587,P22,0,1356.0
0,280588,P09,1,716.0
1,280588,P10,0,635.0
2,280588,P11,0,770.0
3,280588,P12,0,608.0
4,280588,P13,0,748.0
5,280588,P14,0,689.0
6,280588,P15,0,630.0
7,280588,P16,0,800.0
8,280588,P17,0,1454.0
9,280588,P18,0,1486.0
10,280588,P19,0,1454.0
11,280588,P20,1,1475.0
12,280588,P21,0,1432.0
13,280588,P22,0,1356.0
0,280589,P09,1,716.0
1,280589,P10,0,635.0
2,280589,P11,0,770.0
3,280589,P12,0,608.0
4,280589,P13,0,748.0
5,280589,P14,0,689.0
6,280589,P15,0,630.0
7,280589,P16,0,800.0
8,280589,P17,0,1454.0
9,280589,P18,0,1486.0
10,280589,P19,0,1454.0
11,280589,P20,1,1475.0
12,280589,P21,0,1432.0
13,280589,P22,0,1356.0
0,280590,P09,1,716.0
1,280590,P10,0,635.0
2,280590,P11,1,770.0
3,280590,P12,0,608.0
4,280590,P13,0,748.0
5,280590,P14,0,689.0
6,280590,P15,0,630.0
7,280590,P16,1,800.0
8,280590,P17,1,1454.0
9,280590,P18,1,1486.0
10,280590,P19,1,1454.0
11,280590,P20,0,1475.0
12,280590,P21,1,1432.0
13,280590,P22,1,1356.0
0,280591,P09,0,716.0
1,280591,P10,0,635.0
2,280591,P11,0,770.0
3,280591,P12,0,608.0
4,280591,P13,0,748.0
5,280591,P14,0,689.0
6,280591,P15,1,630.0
7,280591,P16,1,800.0
8,280591,P17,1,1454.0
9,280591,P18,1,1486.0
10,280591,P19,1,1454.0
11,280591,P20,0,1475.0
12,280591,P21,1,1432.0
13,280591,P22,1,1356.0
0,280592,P09,1,716.0
1,280592,P10,0,635.0
2,280592,P11,1,770.0
3,280592,P12,0,608.0
4,280592,P13,0,748.0
5,280592,P14,0,689.0
6,280592,P15,1,630.0
7,280592,P16,1,800.0
8,280592,P17,1,1454.0
9,280592,P18,1,1486.0
10,280592,P19,1,1454.0
11,280592,P20,1,1475.0
12,280592,P21,1,1432.0
13,280592,P22,1,1356.0
0,280601,P09,0,716.0
1,280601,P10,0,635.0
2,280601,P11,1,770.0
3,280601,P12,0,608.0
4,280601,P13,0,748.0
5,280601,P14,1,689.0
6,280601,P15,0,630.0
7,280601,P16,0,800.0
8,280601,P17,0,1454.0
9,280601,P18,0,1486.0
10,280601,P19,0,1454.0
11,280601,P20,0,1475.0
12,280601,P21,0,1432.0
13,280601,P22,0,1356.0
0,280602,P09,0,716.0
1,280602,P10,0,635.0
2,280602,P11,1,770.0
3,280602,P12,0,608.0
4,280602,P13,0,748.0
5,280602,P14,1,689.0
6,280602,P15,0,630.0
7,280602,P16,0,800.0
8,280602,P17,0,1454.0
9,280602,P18,0,1486.0
10,280602,P19,0,1454.0
11,280602,P20,0,1475.0
12,280602,P21,0,1432.0
13,280602,P22,0,1356.0
0,280605,P09,0,716.0
1,280605,P10,0,635.0
2,280605,P11,0,770.0
3,280605,P12,1,608.0
4,280605,P13,0,748.0
5,280605,P14,0,689.0
6,280605,P15,1,630.0
7,280605,P16,0,800.0
8,280605,P17,0,1454.0
9,280605,P18,0,1486.0
10,280605,P19,0,1454.0
11,280605,P20,0,1475.0
12,280605,P21,0,1432.0
13,280605,P22,0,1356.0
0,280606,P09,0,716.0
1,280606,P10,0,635.0
2,280606,P11,0,770.0
3,280606,P12,1,608.0
4,280606,P13,0,748.0
5,280606,P14,0,689.0
6,280606,P15,1,630.0
7,280606,P16,0,800.0
8,280606,P17,0,1454.0
9,280606,P18,0,1486.0
10,280606,P19,0,1454.0
11,280606,P20,0,1475.0
12,280606,P21,0,1432.0
13,280606,P22,0,1356.0
0,280607,P09,0,716.0
1,280607,P10,0,635.0
2,280607,P11,0,770.0
3,280607,P12,1,608.0
4,280607,P13,0,748.0
5,280607,P14,0,689.0
6,280607,P15,1,630.0
7,280607,P16,0,800.0
8,280607,P17,0,1454.0
9,280607,P18,0,1486.0
10,280607,P19,0,1454.0
11,280607,P20,0,1475.0
12,280607,P21,0,1432.0
13,280607,P22,0,1356.0
0,280608,P09,0,716.0
1,280608,P10,0,635.0
2,280608,P11,0,770.0
3,280608,P12,1,608.0
4,280608,P13,0,748.0
5,280608,P14,0,689.0
6,280608,P15,0,630.0
7,280608,P16,0,800.0
8,280608,P17,0,1454.0
9,280608,P18,0,1486.0
10,280608,P19,0,1454.0
11,280608,P20,0,1475.0
12,280608,P21,0,1432.0
13,280608,P22,0,1356.0
0,280609,P09,0,716.0
1,280609,P10,0,635.0
2,280609,P11,0,770.0
3,280609,P12,0,608.0
4,280609,P13,0,748.0
5,280609,P14,0,689.0
6,280609,P15,1,630.0
7,280609,P16,0,800.0
8,280609,P17,0,1454.0
9,280609,P18,0,1486.0
10,280609,P19,0,1454.0
11,280609,P20,0,1475.0
12,280609,P21,0,1432.0
13,280609,P22,0,1356.0
0,280610,P09,0,716.0
1,280610,P10,0,635.0
2,280610,P11,0,770.0
3,280610,P12,1,608.0
4,280610,P13,0,748.0
5,280610,P14,0,689.0
6,280610,P15,1,630.0
7,280610,P16,0,800.0
8,280610,P17,0,1454.0
9,280610,P18,0,1486.0
10,280610,P19,0,1454.0
11,280610,P20,0,1475.0
12,280610,P21,0,1432.0
13,280610,P22,0,1356.0
0,280611,P09,0,716.0
1,280611,P10,0,635.0
2,280611,P11,0,770.0
3,280611,P12,1,608.0
4,280611,P13,0,748.0
5,280611,P14,0,689.0
6,280611,P15,1,630.0
7,280611,P16,0,800.0
8,280611,P17,0,1454.0
9,280611,P18,0,1486.0
10,280611,P19,0,1454.0
11,280611,P20,0,1475.0
12,280611,P21,0,1432.0
13,280611,P22,0,1356.0
0,280612,P09,0,716.0
1,280612,P10,0,635.0
2,280612,P11,0,770.0
3,280612,P12,1,608.0
4,280612,P13,0,748.0
5,280612,P14,0,689.0
6,280612,P15,1,630.0
7,280612,P16,0,800.0
8,280612,P17,0,1454.0
9,280612,P18,0,1486.0
10,280612,P19,0,1454.0
11,280612,P20,0,1475.0
12,280612,P21,0,1432.0
13,280612,P22,0,1356.0
0,280613,P09,0,716.0
1,280613,P10,0,635.0
2,280613,P11,0,770.0
3,280613,P12,1,608.0
4,280613,P13,0,748.0
5,280613,P14,0,689.0
6,280613,P15,1,630.0
7,280613,P16,0,800.0
8,280613,P17,0,1454.0
9,280613,P18,0,1486.0
10,280613,P19,0,1454.0
11,280613,P20,0,1475.0
12,280613,P21,0,1432.0
13,280613,P22,0,1356.0
0,280614,P09,0,716.0
1,280614,P10,0,635.0
2,280614,P11,0,770.0
3,280614,P12,1,608.0
4,280614,P13,0,748.0
5,280614,P14,0,689.0
6,280614,P15,1,630.0
7,280614,P16,0,800.0
8,280614,P17,0,1454.0
9,280614,P18,0,1486.0
10,280614,P19,0,1454.0
11,280614,P20,0,1475.0
12,280614,P21,0,1432.0
13,280614,P22,0,1356.0
0,280615,P09,0,716.0
1,280615,P10,0,635.0
2,280615,P11,0,770.0
3,280615,P12,1,608.0
4,280615,P13,0,748.0
5,280615,P14,0,689.0
6,280615,P15,1,630.0
7,280615,P16,0,800.0
8,280615,P17,0,1454.0
9,280615,P18,0,1486.0
10,280615,P19,0,1454.0
11,280615,P20,0,1475.0
12,280615,P21,0,1432.0
13,280615,P22,0,1356.0
0,280616,P09,0,716.0
1,280616,P10,0,635.0
2,280616,P11,0,770.0
3,280616,P12,0,608.0
4,280616,P13,0,748.0
5,280616,P14,0,689.0
6,280616,P15,1,630.0
7,280616,P16,0,800.0
8,280616,P17,0,1454.0
9,280616,P18,0,1486.0
10,280616,P19,0,1454.0
11,280616,P20,0,1475.0
12,280616,P21,0,1432.0
13,280616,P22,0,1356.0
0,280617,P09,0,716.0
1,280617,P10,0,635.0
2,280617,P11,0,770.0
3,280617,P12,0,608.0
4,280617,P13,0,748.0
5,280617,P14,0,689.0
6,280617,P15,1,630.0
7,280617,P16,0,800.0
8,280617,P17,0,1454.0
9,280617,P18,0,1486.0
10,280617,P19,0,1454.0
11,280617,P20,0,1475.0
12,280617,P21,0,1432.0
13,280617,P22,0,1356.0
0,280622,P09,0,716.0
1,280622,P10,0,635.0
2,280622,P11,0,770.0
3,280622,P12,1,608.0
4,280622,P13,0,748.0
5,280622,P14,0,689.0
6,280622,P15,1,630.0
7,280622,P16,0,800.0
8,280622,P17,0,1454.0
9,280622,P18,0,1486.0
10,280622,P19,0,1454.0
11,280622,P20,0,1475.0
12,280622,P21,0,1432.0
13,280622,P22,0,1356.0
0,280623,P09,0,716.0
1,280623,P10,0,635.0
2,280623,P11,0,770.0
3,280623,P12,1,608.0
4,280623,P13,0,748.0
5,280623,P14,0,689.0
6,280623,P15,0,630.0
7,280623,P16,0,800.0
8,280623,P17,0,1454.0
9,280623,P18,0,1486.0
10,280623,P19,0,1454.0
11,280623,P20,0,1475.0
12,280623,P21,0,1432.0
13,280623,P22,0,1356.0
0,280624,P09,0,716.0
1,280624,P10,0,635.0
2,280624,P11,0,770.0
3,280624,P12,0,608.0
4,280624,P13,0,748.0
5,280624,P14,0,689.0
6,280624,P15,1,630.0
7,280624,P16,0,800.0
8,280624,P17,0,1454.0
9,280624,P18,0,1486.0
10,280624,P19,0,1454.0
11,280624,P20,0,1475.0
12,280624,P21,0,1432.0
13,280624,P22,0,1356.0
0,280625,P09,0,716.0
1,280625,P10,0,635.0
2,280625,P11,0,770.0
3,280625,P12,1,608.0
4,280625,P13,0,748.0
5,280625,P14,0,689.0
6,280625,P15,0,630.0
7,280625,P16,0,800.0
8,280625,P17,0,1454.0
9,280625,P18,0,1486.0
10,280625,P19,0,1454.0
11,280625,P20,0,1475.0
12,280625,P21,0,1432.0
13,280625,P22,0,1356.0
0,280626,P09,0,716.0
1,280626,P10,0,635.0
2,280626,P11,0,770.0
3,280626,P12,1,608.0
4,280626,P13,0,748.0
5,280626,P14,0,689.0
6,280626,P15,0,630.0
7,280626,P16,0,800.0
8,280626,P17,0,1454.0
9,280626,P18,0,1486.0
10,280626,P19,0,1454.0
11,280626,P20,0,1475.0
12,280626,P21,0,1432.0
13,280626,P22,0,1356.0
0,280652,P09,0,716.0
1,280652,P10,0,635.0
2,280652,P11,0,770.0
3,280652,P12,0,608.0
4,280652,P13,0,748.0
5,280652,P14,0,689.0
6,280652,P15,1,630.0
7,280652,P16,0,800.0
8,280652,P17,0,1454.0
9,280652,P18,0,1486.0
10,280652,P19,0,1454.0
11,280652,P20,0,1475.0
12,280652,P21,0,1432.0
13,280652,P22,0,1356.0
0,280655,P09,0,716.0
1,280655,P10,0,635.0
2,280655,P11,0,770.0
3,280655,P12,0,608.0
4,280655,P13,0,748.0
5,280655,P14,0,689.0
6,280655,P15,0,630.0
7,280655,P16,0,800.0
8,280655,P17,0,1454.0
9,280655,P18,0,1486.0
10,280655,P19,0,1454.0
11,280655,P20,0,1475.0
12,280655,P21,0,1432.0
13,280655,P22,0,1356.0
0,280659,P09,1,716.0
1,280659,P10,0,635.0
2,280659,P11,1,770.0
3,280659,P12,1,608.0
4,280659,P13,0,748.0
5,280659,P14,1,689.0
6,280659,P15,1,630.0
7,280659,P16,1,800.0
8,280659,P17,1,1454.0
9,280659,P18,0,1486.0
10,280659,P19,0,1454.0
11,280659,P20,1,1475.0
12,280659,P21,0,1432.0
13,280659,P22,1,1356.0
0,280660,P09,1,716.0
1,280660,P10,0,635.0
2,280660,P11,1,770.0
3,280660,P12,0,608.0
4,280660,P13,0,748.0
5,280660,P14,1,689.0
6,280660,P15,0,630.0
7,280660,P16,0,800.0
8,280660,P17,0,1454.0
9,280660,P18,0,1486.0
10,280660,P19,0,1454.0
11,280660,P20,0,1475.0
12,280660,P21,0,1432.0
13,280660,P22,0,1356.0
0,280673,P09,1,716.0
1,280673,P10,1,635.0
2,280673,P11,1,770.0
3,280673,P12,0,608.0
4,280673,P13,1,748.0
5,280673,P14,0,689.0
6,280673,P15,1,630.0
7,280673,P16,1,800.0
8,280673,P17,1,1454.0
9,280673,P18,1,1486.0
10,280673,P19,1,1454.0
11,280673,P20,1,1475.0
12,280673,P21,1,1432.0
13,280673,P22,1,1356.0
0,280682,P09,0,716.0
1,280682,P10,0,635.0
2,280682,P11,1,770.0
3,280682,P12,0,608.0
4,280682,P13,0,748.0
5,280682,P14,0,689.0
6,280682,P15,0,630.0
7,280682,P16,1,800.0
8,280682,P17,1,1454.0
9,280682,P18,1,1486.0
10,280682,P19,0,1454.0
11,280682,P20,0,1475.0
12,280682,P21,1,1432.0
13,280682,P22,1,1356.0
0,280683,P09,0,716.0
1,280683,P10,0,635.0
2,280683,P11,0,770.0
3,280683,P12,0,608.0
4,280683,P13,0,748.0
5,280683,P14,0,689.0
6,280683,P15,1,630.0
7,280683,P16,1,800.0
8,280683,P17,1,1454.0
9,280683,P18,1,1486.0
10,280683,P19,0,1454.0
11,280683,P20,0,1475.0
12,280683,P21,1,1432.0
13,280683,P22,1,1356.0
0,280684,P09,1,716.0
1,280684,P10,0,635.0
2,280684,P11,1,770.0
3,280684,P12,0,608.0
4,280684,P13,0,748.0
5,280684,P14,0,689.0
6,280684,P15,1,630.0
7,280684,P16,0,800.0
8,280684,P17,1,1454.0
9,280684,P18,1,1486.0
10,280684,P19,0,1454.0
11,280684,P20,1,1475.0
12,280684,P21,1,1432.0
13,280684,P22,1,1356.0
0,280686,P09,1,716.0
1,280686,P10,0,635.0
2,280686,P11,1,770.0
3,280686,P12,0,608.0
4,280686,P13,0,748.0
5,280686,P14,0,689.0
6,280686,P15,1,630.0
7,280686,P16,1,800.0
8,280686,P17,1,1454.0
9,280686,P18,1,1486.0
10,280686,P19,0,1454.0
11,280686,P20,1,1475.0
12,280686,P21,1,1432.0
13,280686,P22,1,1356.0
0,280689,P09,0,716.0
1,280689,P10,0,635.0
2,280689,P11,0,770.0
3,280689,P12,0,608.0
4,280689,P13,0,748.0
5,280689,P14,0,689.0
6,280689,P15,1,630.0
7,280689,P16,0,800.0
8,280689,P17,0,1454.0
9,280689,P18,0,1486.0
10,280689,P19,0,1454.0
11,280689,P20,0,1475.0
12,280689,P21,0,1432.0
13,280689,P22,0,1356.0
0,280690,P09,0,716.0
1,280690,P10,0,635.0
2,280690,P11,0,770.0
3,280690,P12,1,608.0
4,280690,P13,0,748.0
5,280690,P14,0,689.0
6,280690,P15,1,630.0
7,280690,P16,1,800.0
8,280690,P17,0,1454.0
9,280690,P18,0,1486.0
10,280690,P19,0,1454.0
11,280690,P20,0,1475.0
12,280690,P21,0,1432.0
13,280690,P22,0,1356.0
0,280691,P09,0,716.0
1,280691,P10,0,635.0
2,280691,P11,0,770.0
3,280691,P12,1,608.0
4,280691,P13,0,748.0
5,280691,P14,0,689.0
6,280691,P15,1,630.0
7,280691,P16,1,800.0
8,280691,P17,0,1454.0
9,280691,P18,0,1486.0
10,280691,P19,0,1454.0
11,280691,P20,0,1475.0
12,280691,P21,0,1432.0
13,280691,P22,0,1356.0
0,280692,P09,0,716.0
1,280692,P10,0,635.0
2,280692,P11,0,770.0
3,280692,P12,0,608.0
4,280692,P13,0,748.0
5,280692,P14,0,689.0
6,280692,P15,1,630.0
7,280692,P16,1,800.0
8,280692,P17,0,1454.0
9,280692,P18,0,1486.0
10,280692,P19,0,1454.0
11,280692,P20,0,1475.0
12,280692,P21,0,1432.0
13,280692,P22,0,1356.0
0,280693,P09,0,716.0
1,280693,P10,0,635.0
2,280693,P11,0,770.0
3,280693,P12,1,608.0
4,280693,P13,0,748.0
5,280693,P14,0,689.0
6,280693,P15,1,630.0
7,280693,P16,1,800.0
8,280693,P17,0,1454.0
9,280693,P18,0,1486.0
10,280693,P19,0,1454.0
11,280693,P20,0,1475.0
12,280693,P21,0,1432.0
13,280693,P22,0,1356.0
0,280694,P09,0,716.0
1,280694,P10,0,635.0
2,280694,P11,0,770.0
3,280694,P12,0,608.0
4,280694,P13,0,748.0
5,280694,P14,0,689.0
6,280694,P15,1,630.0
7,280694,P16,1,800.0
8,280694,P17,0,1454.0
9,280694,P18,0,1486.0
10,280694,P19,0,1454.0
11,280694,P20,0,1475.0
12,280694,P21,0,1432.0
13,280694,P22,0,1356.0
0,280696,P09,0,716.0
1,280696,P10,0,635.0
2,280696,P11,0,770.0
3,280696,P12,0,608.0
4,280696,P13,0,748.0
5,280696,P14,0,689.0
6,280696,P15,1,630.0
7,280696,P16,0,800.0
8,280696,P17,0,1454.0
9,280696,P18,0,1486.0
10,280696,P19,0,1454.0
11,280696,P20,0,1475.0
12,280696,P21,0,1432.0
13,280696,P22,0,1356.0
0,280697,P09,0,716.0
1,280697,P10,0,635.0
2,280697,P11,0,770.0
3,280697,P12,0,608.0
4,280697,P13,0,748.0
5,280697,P14,0,689.0
6,280697,P15,1,630.0
7,280697,P16,1,800.0
8,280697,P17,0,1454.0
9,280697,P18,0,1486.0
10,280697,P19,0,1454.0
11,280697,P20,0,1475.0
12,280697,P21,0,1432.0
13,280697,P22,0,1356.0
0,280698,P09,0,716.0
1,280698,P10,0,635.0
2,280698,P11,0,770.0
3,280698,P12,1,608.0
4,280698,P13,0,748.0
5,280698,P14,0,689.0
6,280698,P15,1,630.0
7,280698,P16,0,800.0
8,280698,P17,0,1454.0
9,280698,P18,0,1486.0
10,280698,P19,0,1454.0
11,280698,P20,0,1475.0
12,280698,P21,0,1432.0
13,280698,P22,0,1356.0
0,280712,P09,0,716.0
1,280712,P10,0,635.0
2,280712,P11,0,770.0
3,280712,P12,0,608.0
4,280712,P13,0,748.0
5,280712,P14,0,689.0
6,280712,P15,1,630.0
7,280712,P16,1,800.0
8,280712,P17,0,1454.0
9,280712,P18,0,1486.0
10,280712,P19,0,1454.0
11,280712,P20,0,1475.0
12,280712,P21,0,1432.0
13,280712,P22,0,1356.0
0,280716,P09,1,716.0
1,280716,P10,0,635.0
2,280716,P11,1,770.0
3,280716,P12,0,608.0
4,280716,P13,0,748.0
5,280716,P14,0,689.0
6,280716,P15,0,630.0
7,280716,P16,0,800.0
8,280716,P17,1,1454.0
9,280716,P18,1,1486.0
10,280716,P19,0,1454.0
11,280716,P20,1,1475.0
12,280716,P21,1,1432.0
13,280716,P22,1,1356.0
0,280719,P09,0,716.0
1,280719,P10,0,635.0
2,280719,P11,0,770.0
3,280719,P12,0,608.0
4,280719,P13,0,748.0
5,280719,P14,0,689.0
6,280719,P15,1,630.0
7,280719,P16,1,800.0
8,280719,P17,0,1454.0
9,280719,P18,0,1486.0
10,280719,P19,0,1454.0
11,280719,P20,0,1475.0
12,280719,P21,0,1432.0
13,280719,P22,0,1356.0
0,280720,P09,0,716.0
1,280720,P10,0,635.0
2,280720,P11,0,770.0
3,280720,P12,1,608.0
4,280720,P13,0,748.0
5,280720,P14,0,689.0
6,280720,P15,1,630.0
7,280720,P16,1,800.0
8,280720,P17,0,1454.0
9,280720,P18,0,1486.0
10,280720,P19,0,1454.0
11,280720,P20,0,1475.0
12,280720,P21,0,1432.0
13,280720,P22,0,1356.0
0,280721,P09,0,716.0
1,280721,P10,0,635.0
2,280721,P11,0,770.0
3,280721,P12,1,608.0
4,280721,P13,0,748.0
5,280721,P14,0,689.0
6,280721,P15,1,630.0
7,280721,P16,1,800.0
8,280721,P17,0,1454.0
9,280721,P18,0,1486.0
10,280721,P19,0,1454.0
11,280721,P20,0,1475.0
12,280721,P21,0,1432.0
13,280721,P22,0,1356.0
0,280722,P09,0,716.0
1,280722,P10,0,635.0
2,280722,P11,0,770.0
3,280722,P12,0,608.0
4,280722,P13,0,748.0
5,280722,P14,0,689.0
6,280722,P15,1,630.0
7,280722,P16,1,800.0
8,280722,P17,0,1454.0
9,280722,P18,0,1486.0
10,280722,P19,0,1454.0
11,280722,P20,0,1475.0
12,280722,P21,0,1432.0
13,280722,P22,0,1356.0
0,280726,P09,1,716.0
1,280726,P10,0,635.0
2,280726,P11,1,770.0
3,280726,P12,0,608.0
4,280726,P13,0,748.0
5,280726,P14,0,689.0
6,280726,P15,0,630.0
7,280726,P16,1,800.0
8,280726,P17,0,1454.0
9,280726,P18,0,1486.0
10,280726,P19,0,1454.0
11,280726,P20,0,1475.0
12,280726,P21,0,1432.0
13,280726,P22,0,1356.0
0,280727,P09,0,716.0
1,280727,P10,0,635.0
2,280727,P11,0,770.0
3,280727,P12,0,608.0
4,280727,P13,0,748.0
5,280727,P14,0,689.0
6,280727,P15,0,630.0
7,280727,P16,0,800.0
8,280727,P17,0,1454.0
9,280727,P18,0,1486.0
10,280727,P19,0,1454.0
11,280727,P20,0,1475.0
12,280727,P21,0,1432.0
13,280727,P22,0,1356.0
0,280728,P09,0,716.0
1,280728,P10,0,635.0
2,280728,P11,0,770.0
3,280728,P12,0,608.0
4,280728,P13,0,748.0
5,280728,P14,0,689.0
6,280728,P15,0,630.0
7,280728,P16,0,800.0
8,280728,P17,0,1454.0
9,280728,P18,0,1486.0
10,280728,P19,0,1454.0
11,280728,P20,0,1475.0
12,280728,P21,0,1432.0
13,280728,P22,0,1356.0
0,280732,P09,0,716.0
1,280732,P10,0,635.0
2,280732,P11,0,770.0
3,280732,P12,0,608.0
4,280732,P13,0,748.0
5,280732,P14,0,689.0
6,280732,P15,0,630.0
7,280732,P16,0,800.0
8,280732,P17,0,1454.0
9,280732,P18,0,1486.0
10,280732,P19,0,1454.0
11,280732,P20,0,1475.0
12,280732,P21,0,1432.0
13,280732,P22,0,1356.0
0,280733,P09,0,716.0
1,280733,P10,0,635.0
2,280733,P11,0,770.0
3,280733,P12,0,608.0
4,280733,P13,0,748.0
5,280733,P14,0,689.0
6,280733,P15,0,630.0
7,280733,P16,0,800.0
8,280733,P17,0,1454.0
9,280733,P18,0,1486.0
10,280733,P19,0,1454.0
11,280733,P20,0,1475.0
12,280733,P21,0,1432.0
13,280733,P22,0,1356.0
0,570223,P09,1,716.0
1,570223,P10,0,635.0
2,570223,P11,0,770.0
3,570223,P12,0,608.0
4,570223,P13,0,748.0
5,570223,P14,0,689.0
6,570223,P15,1,630.0
7,570223,P16,0,800.0
8,570223,P17,0,1454.0
9,570223,P18,1,1486.0
10,570223,P19,0,1454.0
11,570223,P20,0,1475.0
12,570223,P21,0,1432.0
13,570223,P22,1,1356.0
0,570261,P09,1,716.0
1,570261,P10,0,635.0
2,570261,P11,1,770.0
3,570261,P12,0,608.0
4,570261,P13,1,748.0
5,570261,P14,0,689.0
6,570261,P15,1,630.0
7,570261,P16,1,800.0
8,570261,P17,1,1454.0
9,570261,P18,1,1486.0
10,570261,P19,0,1454.0
11,570261,P20,1,1475.0
12,570261,P21,1,1432.0
13,570261,P22,1,1356.0
0,570468,P09,1,716.0
1,570468,P10,0,635.0
2,570468,P11,0,770.0
3,570468,P12,0,608.0
4,570468,P13,0,748.0
5,570468,P14,1,689.0
6,570468,P15,0,630.0
7,570468,P16,0,800.0
8,570468,P17,0,1454.0
9,570468,P18,0,1486.0
10,570468,P19,0,1454.0
11,570468,P20,0,1475.0
12,570468,P21,0,1432.0
13,570468,P22,0,1356.0
0,570471,P09,1,716.0
1,570471,P10,0,635.0
2,570471,P11,1,770.0
3,570471,P12,0,608.0
4,570471,P13,0,748.0
5,570471,P14,0,689.0
6,570471,P15,1,630.0
7,570471,P16,1,800.0
8,570471,P17,0,1454.0
9,570471,P18,0,1486.0
10,570471,P19,0,1454.0
11,570471,P20,1,1475.0
12,570471,P21,0,1432.0
13,570471,P22,0,1356.0
0,570473,P09,1,716.0
1,570473,P10,0,635.0
2,570473,P11,1,770.0
3,570473,P12,0,608.0
4,570473,P13,0,748.0
5,570473,P14,0,689.0
6,570473,P15,1,630.0
7,570473,P16,1,800.0
8,570473,P17,0,1454.0
9,570473,P18,0,1486.0
10,570473,P19,0,1454.0
11,570473,P20,1,1475.0
12,570473,P21,0,1432.0
13,570473,P22,0,1356.0
0,570475,P09,1,716.0
1,570475,P10,0,635.0
2,570475,P11,1,770.0
3,570475,P12,0,608.0
4,570475,P13,0,748.0
5,570475,P14,1,689.0
6,570475,P15,0,630.0
7,570475,P16,0,800.0
8,570475,P17,0,1454.0
9,570475,P18,0,1486.0
10,570475,P19,0,1454.0
11,570475,P20,0,1475.0
12,570475,P21,0,1432.0
13,570475,P22,0,1356.0
0,570485,P09,1,716.0
1,570485,P10,0,635.0
2,570485,P11,0,770.0
3,570485,P12,0,608.0
4,570485,P13,0,748.0
5,570485,P14,0,689.0
6,570485,P15,1,630.0
7,570485,P16,0,800.0
8,570485,P17,0,1454.0
9,570485,P18,1,1486.0
10,570485,P19,0,1454.0
11,570485,P20,0,1475.0
12,570485,P21,0,1432.0
13,570485,P22,1,1356.0
0,570560,P09,0,716.0
1,570560,P10,0,635.0
2,570560,P11,0,770.0
3,570560,P12,0,608.0
4,570560,P13,0,748.0
5,570560,P14,0,689.0
6,570560,P15,1,630.0
7,570560,P16,1,800.0
8,570560,P17,0,1454.0
9,570560,P18,0,1486.0
10,570560,P19,0,1454.0
11,570560,P20,0,1475.0
12,570560,P21,0,1432.0
13,570560,P22,0,1356.0
