sku,designation,format,casepacker_format,topload_format,pouch_format,is_organic,has_cinnamon
120435,GGS APL BER 12x4x3.2oz,4x12x90,12,4,90,0,0
120436,6X12X90 APL GGS,6X12X90,6,12,90,0,0
120437,6X12X90 ASTB GGS,6X12X90,6,12,90,0,0
120444,GGS APL BER 6x12x3.2oz,12x6x90,6,12,90,0,0
120445,GGS F&V ABERCAR 12x4x3.2oz,4x12x90,12,4,90,0,0
120448,6X12X90 ACIN GGS,6X12X90,6,12,90,0,1
120450,12X4X90 ORG APL GGS,12X4X90,12,4,90,1,0
120451,12X4X90 ORG ASTB GGS,12X4X90,12,4,90,1,0
120453,12X4X90 ORG ACIN GGS,12X4X90,12,4,90,1,1
120463,GGS APL APL 1x48x3.2oz FS,48x1x90,1,48,90,0,0
120465,GGS GM5 12x4x3.2oz,4x12x90,12,4,90,0,0
120531,GGS APL APL 12x4x90g CAN,4x12x90,12,4,90,0,0
120532,GGS APL STB 12x4x90g CAN,4x12x90,12,4,90,0,0
120536,GGS APL BER 12x4x90g CAN,4x12x90,12,4,90,0,0
241283,6X12X90 ORG VP APL-BAN-STB GGS,6X12X90,6,12,90,1,0
251200,6X12X90 VP APL-STB GGS CAN,6X12X90,6,12,90,0,0
280039,GGS VP (AP-ST-CI) 1X24*3.2oz,24x1x90,1,24,90,0,0
280052,GGS ORG VP APL-CIN-BAN-STB 1x28x3.2oz,28x1x90,1,28,90,1,1
280090,12X4X90 ABLB GGS CAN,12X4X90,12,4,90,0,0
280098,GGS F&V ASTBZUC 12x4x3.2oz,4x12x90,12,4,90,0,0
280103,2X20X90 VP APL-BAN-STB GGS,2X20X90,2,20,90,0,0
280104,2X20X90 VP APL-CIN GGS,2X20X90,2,20,90,0,1
280107,6X12X90 ORG APL GGS,6X12X90,6,12,90,1,0
280121,6X12X90 VP APL-BLB GGS CAN,6X12X90,6,12,90,0,0
280123,GGS ORG VP APL-STB-BAN-CIN 1X20*3.2oz - CAN,20x1x90,1,20,90,1,1
280129,WALMART ORG ACIN 4x12x90g,12x4x90,4,12,90,1,1
280130,WALMART ORG APL UNSWT 4x12x90g,12x4x90,4,12,90,1,0
280134,GGS ACIN 6x12x3.2oz DISNEY PROMO,12x6x90,6,12,90,0,1
280135,GGS VP APL-STB-BAN 6x12x3.2oz DISNEY PROMO,12x6x90,6,12,90,0,0
280164,GGS ARSPLEM 12x4x90g CAN,4x12x90,12,4,90,0,0
280167,B19 GGS ORG APL 1x48x3.2oz,48x1x90,1,48,90,1,0
280169,GGS F&V VP APECSWP-ASTBZUC 6x12x3.2oz,12x6x90,6,12,90,0,0
280172,GGS VP GM5-FRTY4-CHRVan 6x12x3.2oz,12x6x90,6,12,90,0,0
280173,B19Â GGS ORG ACIN 6x12x3.2oz,12x6x90,6,12,90,1,1
280174,GGS BLASTZ ACHRLIMGRPFRT 6x4x3.9oz,4x6x110,6,4,110,0,0
280178,B19 BTZ ARSPCRN-ABLBCRNBLC 1x16x3.9oz CAN,16x1x110,1,16,110,0,0
280184,B19 GGS VP APL-CHR 1x20x3.2oz,20x1x90,1,20,90,0,0
280185,GGS VP ACHRVAN-BLB 1x20x3.2oz,20x1x90,1,20,90,0,0
280186,B19 GGS VP ORG APL-CIN-STB-BAN 1x24x3.2oz,24x1x90,1,24,90,1,1
280187,B19 GGS ORG APL 1x24x3.2oz,24x1x90,1,24,90,1,0
280212,GGS ORG VP APL-CIN-BAN-STB 1X24x3.2oz,24x1x90,1,24,90,1,1
280213,GGS ORG APL 1x28x3.2oz,28x1x90,1,28,90,1,0
280222,GGS ORG VP APL-STB-BAN-PEC 1x24x90g CAN,24x1x90,1,24,90,1,0
280227,GUTZY ORG STRAWKWIKALE 1X8*3.9oz,8x1x110,1,8,110,1,0
280256,KIRKLAND ORG APL 1x24x90g,24x1x90,1,24,90,1,0
280264,6X12X90 WALMRT F&V PEC-BER-STB,6X12X90,6,12,90,0,0
280281,GGS FV VP ABERCAR-APERCAR 4x12x90g Tray,12x4x90,4,12,90,0,0
280298,GGS FV VP APECSWP-ASTBZUC 4x12x90g Tray,12x4x90,4,12,90,0,0
280318,GGS VP APL-MNG-RSPLEM 6x12x90g CAN,12x6x90,6,12,90,0,0
280322,GGS VP APL-STB-CIN 2x48x3.2oz,48x2x90,2,48,90,0,1
280323,GGS APL APL 1x32x3.2oz,32x1x90,1,32,90,0,0
280324,GGS VP APL-CIN-STB-GM5 1x32x3.2oz,32x1x90,1,32,90,0,1
280325,GGS F&V VP APECSWP-ASTBZUC 1x24x3.2oz,24x1x90,1,24,90,0,0
280344,GGS F&V VP BER-PEC-PER 2x20x3.2oz DINO,20x2x90,2,20,90,0,0
280345,GGS APL APL 6x4x3.2oz,4x6x90,6,4,90,0,0
280347,GGS APL STB 6x4x3.2oz,4x6x90,6,4,90,0,0
280348,GGS VP APL-CIN 1x48x3.2oz,48x1x90,1,48,90,0,1
280351,KIRKLAND OFV VP STBSPN-MANPECCA 1x24x90g,24x1x90,1,24,90,0,0
280355,GGS F&V VP ABERCAR-APERCAR 6x12x90g BTS,12x6x90,6,12,90,0,0
280358,GGS VP APL-STB 6x12x90g BTS CAN,12x6x90,6,12,90,0,0
280365,GGS HAPIMU ORG ASTBRHU 6x10x3.2oz,10x6x90,6,10,90,1,0
280375,GUTZY ORG ARSPBLBBET 6x8x110g Tray,8x6x110,6,8,110,1,0
280376,GUTZY ORG SPINKWIKALE 6x8x110g Tray,8x6x110,6,8,110,1,0
280377,GUTZY ORG STRAWBLBGIN 6x8x110g Tray,8x6x110,6,8,110,1,0
280378,GUTZY ORG PINPASGIN 6x8x110g Tray,8x6x110,6,8,110,1,0
280379,GUTZY ORG BANAPLBLBPOM 6x8x110g Tray,8x6x110,6,8,110,1,0
280380,GUTZY ORG STRAWKWIKALE 6x8x110g Tray,8x6x110,6,8,110,1,0
280383,GGS TROPZ MANGVA 12x4x90g CAN,4x12x90,12,4,90,0,0
280384,GGS TROPZ PINPAS 12x4x90g CAN,4x12x90,12,4,90,0,0
280385,GGS TROPZ ALIMORNGLEM 12x4x90g CAN,4x12x90,12,4,90,0,0
280388,KIRKLAND FV VP STBSPN-MANPECCAR 1x24x90g,24x1x90,1,24,90,0,0
280397,GUTZY ORGProSmo BlbChrAca 6x8x110g,8x6x110,6,8,110,1,0
280398,GUTZY ORGProSmo BanCofVan 6x8x110g,8x6x110,6,8,110,1,0
280405,GGS ORGVP STKW-PIKW-BBB-STG 1x24x90g CAN,24x1x90,1,24,90,1,0
280412,GGS F&V VP BER-PEC-PER 1x20x3.2oz DINO,20x1x90,1,20,90,0,0
280421,GGS VP APL-STB-BAN-PEC 2x20x90g - CAN,20x2x90,2,20,90,0,0
280425,GGS ORG F&V VP ABERCAR-APECSWP 6x12x90g,12x6x90,6,12,90,1,0
280426,GUTZY ORG STRAWKWIKALE 6x4x110g,4x6x110,6,4,110,1,0
280435,GGS HAPIMU ORG VP STBRHU-BLBSPN 1x20x90g,20x1x90,1,20,90,1,0
280436,GUTZY ORG BANAPLBLBPOM 6x4x110g,4x6x110,6,4,110,1,0
280450,GGS TROP VP MANGVA-PINPAS 6x12x90g CAN,12x6x90,6,12,90,0,0
280451,GGS VP PINPAS-STB-PER-MAN 2x20x90g CAN,20x2x90,2,20,90,0,0
280452,GGS VP MANGVA-PEC-BLB 2x20x90g CAN,20x2x90,2,20,90,0,0
280453,GGS VP APL-GRA-BER 2x20x90g CAN,20x2x90,2,20,90,0,0
280454,GGS F&V VP ASTBZUC-ABLBSPN 1x24x3.2oz,24x1x90,1,24,90,0,0
280478,GGS APL APL 2x22x90g CAN,22x2x90,2,22,90,0,0
280480,GGS ORG VP APL-CIN-PEC-STB 1x28x3.2oz,28x1x90,1,28,90,1,1
280488,GUTZY ORG BOT MANPINBANTUR 6x8x110g Tray,8x6x110,6,8,110,1,0
280489,GGS TROP VP MNGVA-PINPAS-LEMLIM 1x24x90g,24x1x90,1,24,90,0,0
280490,GGS F&V VP ASTBZUC-APERCAR 1x28x3.2oz,28x1x90,1,28,90,0,0
280493,GGS VP APL-FRTY4 2x20x3.2oz,20x2x90,2,20,90,0,0
280516,GGS ASTB 6x12x90g BTS,12x6x90,6,12,90,0,0
280517,GGS VP APL-GM5 6x12x3.2oz BTS,12x6x90,6,12,90,0,0
280539,GUTZY ORGProSmo ManPinGva 6x8x110g,8x6x110,6,8,110,1,0
280541,GGS F&V VP PERZUCLIM-BANPARGVA 6x12x90g,12x6x90,6,12,90,0,0
280557,GGS VP APL-MAN-RSPLEM 6x12x90g BTS CAN,12x6x90,6,12,90,0,0
280563,WALMART FV VP PEC-BER-STBAN-PER 1x24x90g,24x1x90,1,24,90,0,0
280564,WALMART VP UNSWT APL-CIN-STB 1x24x90g,24x1x90,1,24,90,0,1
280566,WALMART FV VP PERZU-MANPU-STBSQ 6x12x90g,12x6x90,6,12,90,0,0
280567,GGS VP APL-FRTY4 1x24x3.2oz,24x1x90,1,24,90,0,0
280568,GGS APPLE 1/4 PAL 60x12x90g DISNEY,12x60x90,60,12,90,0,0
280571,GGS APL 6x10x3.2oz,10x6x90,6,10,90,0,0
280572,GGS ACIN 6x10x3.2oz,10x6x90,6,10,90,0,1
280573,GGS ASTB 6x10x3.2oz,10x6x90,6,10,90,0,0
280574,GGS APL 6x10x3.2oz BTS DISNEY,10x6x90,6,10,90,0,0
280575,GGS ACIN 6x10x3.2oz BTS DISNEY,10x6x90,6,10,90,0,1
280576,GGS VP APL-BAN 6x10x3.2oz,10x6x90,6,10,90,0,0
280578,GGS VP APL-GM5 6x10x3.2oz,10x6x90,6,10,90,0,0
280579,GGS FV VP PER-BER 6x10x3.2oz BTS DISNEY,10x6x90,6,10,90,0,0
280580,GGS FV VP APERCAR-ABERCAR 6x10x3.2oz,10x6x90,6,10,90,0,0
280581,GGS FV VP APECSWP-ASTBZUC 6x10x3.2oz,10x6x90,6,10,90,0,0
280582,GGS FV VP PERZUCLIM-BANPARGVA 6x10x3.2oz,10x6x90,6,10,90,0,0
280583,GGS APL 4x16x3.2oz,16x4x90,4,16,90,0,0
280584,GGS FV VP BER-PEC-PER 4x16x3.2oz DINO,16x4x90,4,16,90,0,0
280585,GGS VP APL-BAN-STB 4x16x3.2oz,16x4x90,4,16,90,0,0
280586,GGS VP APL-PEC-GM5 4x16x3.2oz,16x4x90,4,16,90,0,0
280587,GGS VP APL-CIN 4x16x3.2oz,16x4x90,4,16,90,0,1
280588,GGS VP APL-MAN-BAN 4x16x3.2oz,16x4x90,4,16,90,0,0
280589,GGS VP APL-FRT4 4x16x3.2oz,16x4x90,4,16,90,0,0
280590,GGS APL 1x24x3.2oz,24x1x90,1,24,90,0,0
280591,GGS VP APL-BAN-STB 1x24x3.2oz,24x1x90,1,24,90,0,0
280592,GGS VP APL-CIN 1x24x3.2oz,24x1x90,1,24,90,0,1
280601,GGS FV APERCAR 6x4x3.2oz,4x6x90,6,4,90,0,0
280602,GGS FV ABERCAR 6x4x3.2oz,4x6x90,6,4,90,0,0
280605,GGS ACTCHU ACIN 9x4x4.2oz,4x9x120,9,4,120,0,1
280606,GGS ACTCHU MXBER 9x4x4.2oz,4x9x120,9,4,120,0,0
280607,GGS ACTCHU ACIN 6x10x4.2oz,10x6x120,6,10,120,0,1
280608,GGS ACTCHU MXBER 6x10x4.2oz,10x6x120,6,10,120,0,0
280609,GGS ACTCHU VP ACIN-MXBER 1x16x4.2oz,16x1x120,1,16,120,0,1
280610,GGS ACTCHU ACIN 1x36x120g FS,36x1x120,1,36,120,0,1
280611,GGS SLY BLURSB 9x4x100g,4x9x100,9,4,100,0,0
280612,GGS SLY STBLEM 9x4x100g,4x9x100,9,4,100,0,0
280613,GGS SLY BLURSB 6x10x100g,10x6x100,6,10,100,0,0
280614,GGS SLY STBLEM 6x10x100g,10x6x100,6,10,100,0,0
280615,GGS SLY GRNAPL 6x10x100g,10x6x100,6,10,100,0,0
280616,GGS SLY VP BLURSB-CHR 1x18x100g,18x1x100,1,18,100,0,0
280617,GGS SLY VP BLURSB-STBLEM 1x18x100g,18x1x100,1,18,100,0,0
280622,GGS ACTCHU TROP 9x4x120g,4x9x120,9,4,120,0,0
280623,GGS ACTCHU TROP 6x10x120g,10x6x120,6,10,120,0,0
280624,GGS ACTCHU VP ACIN-TROP 1x16x120g,16x1x120,1,16,120,0,1
280625,GGS SLY CHR 9x4x100g,4x9x100,9,4,100,0,0
280626,GGS SLY CHR 6x10x100g,10x6x100,6,10,100,0,0
280652,GGS SLY VP STBLEM-BLURSB 6x10x100g HWN,10x6x100,6,10,100,0,0
280655,GGS ORG VP APL-CIN-STB 1x28x90g,28x1x90,1,28,90,1,1
280659,GGS APL 6x12x90g DIS26,12x6x90,6,12,90,0,0
280660,GGS APL 6x10x90g DIS26,10x6x90,6,10,90,0,0
280673,6X10X90 FV VP PER-BER DIS26,6X10X90,6,10,90,0,0
280682,GGS APL 1x24x90g AM 250,24x1x90,1,24,90,0,0
280683,GGS VP APL-BAN-STB 1x24x90g AM 250,24x1x90,1,24,90,0,0
280684,GGS VP APL-CIN 1x24x90g AM 250,24x1x90,1,24,90,0,1
280686,MM ORG APL 1x24x90g,24x1x90,1,24,90,1,0
280689,GGS SLY VP BLURSB-STBLEM 1x18x100g Sam's,18x1x100,1,18,100,0,0
280690,GGS ACTTRI STBDFSPN 9x4x120g,4x9x120,9,4,120,0,0
280691,GGS ACTTRI BLBACKAL 9x4x120g,4x9x120,9,4,120,0,0
280692,GGS ACTTRI VP STBSPN-BLBACKAL 1x16x120g,16x1x120,1,16,120,0,0
280694,GGS ACTTRI VP STBSPN-PINCOCCAU 1x16x120g,16x1x120,1,16,120,0,0
280696,GUTZY OProSmo VP ManPin-BanBlb 6x12x110g,12x66x110,66,12,110,0,0
280697,GGS SLY VP GRNAPL-BLURSB 6x10x100g,10x6x100,6,10,100,0,0
280698,GGS SLY BLURSB 1x40x100g FS,40x1x100,1,40,100,0,0
280712,GGS SLY VP GRNAPL-BLURSB 1x18x100g,18x1x100,1,18,100,0,0
280716,GGS APL 1x24x90g Bonus Pack,24x1x90,1,24,90,0,0
280719,GGS SLY VP STBLEM-GRNAPL 6x10x100g,10x6x100,6,10,100,0,0
280720,GGS SLYSPI FLV1 9x4x100g,4x9x100,9,4,100,0,0
280721,GGS SLYSPI FLV1 6x10x100g,10x6x100,6,10,100,0,0
280722,GGS SLYSPI VP FL1-FL2 1x18x100g,18x1x100,1,18,100,0,0
280726,GGS FV VP BER-PER 6x10x90g BTS SHREK,10x6x90,6,10,90,0,0
280727,GGS FV VP BER-PER 6x12x90g BTS SHREK,12x6x90,6,12,90,0,0
280728,GGS VP APL-MAN-BAN 1x24x90g BTS SHREK,24x1x90,1,24,90,0,0
280732,GGS SLYSPI FLV2 9x4x100g,4x9x100,9,4,100,0,0
280733,GGS SLYSPI FLV2 6x10x100g,10x6x100,6,10,100,0,0
570223,GGS VP APL-MANGVA-PEC 2x20x90g DINO CAN,20x2x90,2,20,90,0,0
570261,GGS ORG VP APL-STB-BAN-CIN 1x28x90g CAN,28x1x90,1,28,90,1,1
570468,GGS VP APL-BAN 2x22x90g CAN,22x2x90,2,22,90,0,0
570471,GGS VP APL-MAN-RSPLM 6x12x90g DIS26 CAN,12x6x90,6,12,90,0,0
570473,GGS VP APL-STB 6x12x90g DIS26 CAN,12x6x90,6,12,90,0,0
570475,GGS ASTB 12x4x90g DIS26 CAN,4x12x90,12,4,90,0,0
570485,GGS VP APL-MANGVA-PEC 2x20x90g EXPLO CAN,20x2x90,2,20,90,0,0
570560,GGS APL 1x48x90g CAN FS,48x1x90,1,48,90,0,0
