sku,line_name,source,mo
280673,P09,Week 18 2026 Production Schedule,28600
251200,P09,Week 18 2026 Production Schedule,28601
280453,P09,Week 18 2026 Production Schedule,28602
280351,P10,Week 18 2026 Production Schedule,28604
280581,P11,Week 18 2026 Production Schedule,28605
280659,P11,Week 18 2026 Production Schedule,28606
280264,P11,Week 18 2026 Production Schedule,28607
280605,P12,Week 18 2026 Production Schedule,28608
280622,P12,Week 18 2026 Production Schedule,28609
120532,P14,Week 18 2026 Production Schedule,28611
120453,P14,Week 18 2026 Production Schedule,28612
280660,P14,Week 18 2026 Production Schedule,28613
280478,P14,Week 18 2026 Production Schedule,28615
280609,P15,Week 18 2026 Production Schedule,28616
280607,P15,Week 18 2026 Production Schedule,28617
280613,P15,Week 18 2026 Production Schedule,28618
120463,P16,Week 18 2026 Production Schedule,28619
280590,P16,Week 18 2026 Production Schedule,28620
280563,P16,Week 18 2026 Production Schedule,28621
280213,P16,Week 18 2026 Production Schedule,28622
280490,P16,Week 18 2026 Production Schedule,28623
280104,P18,Week 18 2026 Production Schedule,28625
280103,P18,Week 18 2026 Production Schedule,28624
280256,P19,Week 18 2026 Production Schedule,28627
280351,P19,Week 18 2026 Production Schedule,28628
280583,P20,Week 18 2026 Production Schedule,28629
280584,P20,Week 18 2026 Production Schedule,28630
280344,P20,Week 18 2026 Production Schedule,28631
280480,P21,Week 18 2026 Production Schedule,28633
280212,P21,Week 18 2026 Production Schedule,28634
280169,P22,Week 18 2026 Production Schedule,28637
280682,P22,Week 18 2026 Production Schedule,28638
280351,P10,Week 32 2026 production schedule,29790
280426,P12,Week 32 2026 production schedule,29842
280436,P12,Week 32 2026 production schedule,29843
280397,P12,Week 32 2026 production schedule,29796
280539,P12,Week 32 2026 production schedule,29844
280377,P12,Week 32 2026 production schedule,29845
280376,P12,Week 32 2026 production schedule,29846
280379,P12,Week 32 2026 production schedule,29847
120448,P14,Week 32 2026 production schedule,29797
280572,P14,Week 32 2026 production schedule,29798
280107,P14,Week 32 2026 production schedule,29799
280090,P14,Week 32 2026 production schedule,29800
280601,P14,Week 32 2026 production schedule,29801
280689,P15,Week 32 2026 production schedule,29802
570560,P16,Week 32 2026 production schedule,29803
280213,P16,Week 32 2026 production schedule,29804
280563,P16,Week 32 2026 production schedule,29805
280425,P16,Week 32 2026 production schedule,29806
280264,P16,Week 32 2026 production schedule,29807
280480,P17,Week 32 2026 production schedule,29808
280686,P18,Week 32 2026 production schedule,29809
280344,P18,Week 32 2026 production schedule,29811
280351,P19,Week 32 2026 production schedule,29813
280103,P20,Week 32 2026 production schedule,29814
280104,P20,Week 32 2026 production schedule,29848
280585,P20,Week 32 2026 production schedule,29849
280584,P20,Week 32 2026 production schedule,29815
280590,P21,Week 32 2026 production schedule,29817
280591,P21,Week 32 2026 production schedule,29818
280564,P21,Week 32 2026 production schedule,29819
280559,P21,Week 32 2026 production schedule,29820
280490,P21,Week 32 2026 production schedule,29821
280323,P22,Week 32 2026 production schedule,29823
280121,P22,Week 32 2026 production schedule,29824
251200,P22,Week 32 2026 production schedule,29825
280660,P09,WW20 2026 Production Schedule,28783
280581,P09,WW20 2026 Production Schedule,28784
280673,P09,WW20 2026 Production Schedule,28785
280566,P09,WW20 2026 Production Schedule,28786
280351,P10,WW20 2026 Production Schedule,28788
280660,P11,WW20 2026 Production Schedule,28789
280264,P11,WW20 2026 Production Schedule,28790
280488,P12,WW20 2026 Production Schedule,28791
280377,P12,WW20 2026 Production Schedule,28792
280378,P12,WW20 2026 Production Schedule,28793
280380,P12,WW20 2026 Production Schedule,28794
280379,P12,WW20 2026 Production Schedule,28795
280436,P12,WW20 2026 Production Schedule,28796
280426,P12,WW20 2026 Production Schedule,28797
280256,P13,WW20 2026 Production Schedule,28798
120532,P14,WW20 2026 Production Schedule,28799
280683,P16,WW20 2026 Production Schedule,28800
280348,P16,WW20 2026 Production Schedule,28801
280213,P16,WW20 2026 Production Schedule,28802
280490,P18,WW20 2026 Production Schedule,28803
280351,P19,WW20 2026 Production Schedule,28804
280256,P19,WW20 2026 Production Schedule,28805
280585,P20,WW20 2026 Production Schedule,28806
280453,P20,WW20 2026 Production Schedule,28808
280323,P22,WW20 2026 Production Schedule,28815
280590,P22,WW20 2026 Production Schedule,28814
280344,P09,WW25 2026 Production Schedule,29216
280586,P09,WW25 2026 Production Schedule,29217
280592,P11,WW25 2026 Production Schedule,29219
280563,P11,WW25 2026 Production Schedule,29220
280264,P11,WW25 2026 Production Schedule,29221
280673,P11,WW25 2026 Production Schedule,29222
280578,P11,WW25 2026 Production Schedule,29267
280397,P12,WW25 2026 Production Schedule,29223
280379,P12,WW25 2026 Production Schedule,29224
280602,P14,WW25 2026 Production Schedule,29226
280601,P14,WW25 2026 Production Schedule,29227
280345,P14,WW25 2026 Production Schedule,29228
280347,P14,WW25 2026 Production Schedule,29229
570475,P14,WW25 2026 Production Schedule,29230
280622,P15,WW25 2026 Production Schedule,29231
280689,P15,WW25 2026 Production Schedule,29232
280652,P15,WW25 2026 Production Schedule,29233
280559,P16,WW25 2026 Production Schedule,29235
280348,P16,WW25 2026 Production Schedule,29238
280686,P18,WW25 2026 Production Schedule,29240
280480,P18,WW25 2026 Production Schedule,29241
570473,P20,WW25 2026 Production Schedule,29244
280585,P20,WW25 2026 Production Schedule,29245
280584,P20,WW25 2026 Production Schedule,29246
280686,P21,WW25 2026 Production Schedule,29247
280591,P21,WW25 2026 Production Schedule,29248
280490,P21,WW25 2026 Production Schedule,29249
280425,P22,WW25 2026 Production Schedule,29251
280107,P22,WW25 2026 Production Schedule,29252
280104,P22,WW25 2026 Production Schedule,29253
280103,P22,WW25 2026 Production Schedule,29254
280581,P09,WW27 Production Schedule REVISED,29378
280169,P09,WW27 Production Schedule REVISED,29379
280264,P09,WW27 Production Schedule REVISED,29380
280344,P09,WW27 Production Schedule REVISED,29382
280351,P10,WW27 Production Schedule REVISED,29383
280298,P11,WW27 Production Schedule REVISED,29451
280683,P11,WW27 Production Schedule REVISED,29454
280682,P11,WW27 Production Schedule REVISED,29455
280660,P11,WW27 Production Schedule REVISED,29456
280612,P12,WW27 Production Schedule REVISED,29452
280613,P12,WW27 Production Schedule REVISED,29384
280572,P14,WW27 Production Schedule REVISED,29448
120436,P14,WW27 Production Schedule REVISED,29416
280090,P14,WW27 Production Schedule REVISED,29417
120532,P14,WW27 Production Schedule REVISED,29418
120451,P14,WW27 Production Schedule REVISED,29419
280689,P15,WW27 Production Schedule REVISED,29449
280652,P15,WW27 Production Schedule REVISED,29391
280610,P15,WW27 Production Schedule REVISED,29392
280607,P15,WW27 Production Schedule REVISED,29457
280622,P15,WW27 Production Schedule REVISED,29458
280264,P16,WW27 Production Schedule REVISED,29393
280348,P16,WW27 Production Schedule REVISED,29394
120463,P16,WW27 Production Schedule REVISED,29395
280490,P18,WW27 Production Schedule REVISED,29396
280213,P18,WW27 Production Schedule REVISED,29397
280480,P18,WW27 Production Schedule REVISED,29398
280256,P19,WW27 Production Schedule REVISED,29400
280351,P19,WW27 Production Schedule REVISED,29401
280104,P20,WW27 Production Schedule REVISED,29404
280103,P20,WW27 Production Schedule REVISED,29405
280585,P20,WW27 Production Schedule REVISED,29420
280584,P20,WW27 Production Schedule REVISED,29406
280686,P21,WW27 Production Schedule REVISED,29407
280591,P21,WW27 Production Schedule REVISED,29408
280590,P21,WW27 Production Schedule REVISED,29409
280323,P21,WW27 Production Schedule REVISED,29421
280490,P22,WW27 Production Schedule REVISED,29411
280480,P22,WW27 Production Schedule REVISED,29412
280212,P22,WW27 Production Schedule REVISED,29413
280323,P22,WW27 Production Schedule REVISED,29415
280344,P09,WW28 2026 REVISED Production Schedule,29481
280581,P09,WW28 2026 REVISED Production Schedule,29482
280478,P09,WW28 2026 REVISED Production Schedule,29483
280351,P10,WW28 2026 REVISED Production Schedule,29484
280622,P12,WW28 2026 REVISED Production Schedule,29494
280612,P12,WW28 2026 REVISED Production Schedule,29487
280613,P12,WW28 2026 REVISED Production Schedule,29485
280614,P12,WW28 2026 REVISED Production Schedule,29486
120450,P14,WW28 2026 REVISED Production Schedule,29488
280345,P14,WW28 2026 REVISED Production Schedule,29489
280347,P14,WW28 2026 REVISED Production Schedule,29490
120448,P14,WW28 2026 REVISED Production Schedule,29492
280478,P14,WW28 2026 REVISED Production Schedule,29493
280652,P15,WW28 2026 REVISED Production Schedule,29495
280689,P15,WW28 2026 REVISED Production Schedule,29496
280590,P16,WW28 2026 REVISED Production Schedule,29497
280563,P16,WW28 2026 REVISED Production Schedule,29499
280566,P16,WW28 2026 REVISED Production Schedule,29500
251200,P16,WW28 2026 REVISED Production Schedule,29501
280480,P17,WW28 2026 REVISED Production Schedule,29503
280351,P19,WW28 2026 REVISED Production Schedule,29504
280256,P19,WW28 2026 REVISED Production Schedule,29505
280584,P20,WW28 2026 REVISED Production Schedule,29506
280583,P20,WW28 2026 REVISED Production Schedule,29507
120436,P20,WW28 2026 REVISED Production Schedule,29508
120437,P20,WW28 2026 REVISED Production Schedule,29509
280103,P20,WW28 2026 REVISED Production Schedule,29510
280323,P21,WW28 2026 REVISED Production Schedule,29511
280323,P22,WW28 2026 REVISED Production Schedule,29513
280453,P22,WW28 2026 REVISED Production Schedule,29516
280344,P22,WW28 2026 REVISED Production Schedule,29517
570468,P09,WW29 2026 Production Schedule,29557
280587,P09,WW29 2026 Production Schedule,29611
280351,P10,WW29 2026 Production Schedule,29561
280614,P12,WW29 2026 Production Schedule,29562
280376,P12,WW29 2026 Production Schedule,29564
280378,P12,WW29 2026 Production Schedule,29613
280380,P12,WW29 2026 Production Schedule,29614
280488,P12,WW29 2026 Production Schedule,29566
280478,P14,WW29 2026 Production Schedule,29568
280107,P14,WW29 2026 Production Schedule,29569
120448,P14,WW29 2026 Production Schedule,29570
280602,P14,WW29 2026 Production Schedule,29571
120532,P14,WW29 2026 Production Schedule,29572
280689,P15,WW29 2026 Production Schedule,29573
251200,P16,WW29 2026 Production Schedule,29574
280121,P16,WW29 2026 Production Schedule,29575
280425,P16,WW29 2026 Production Schedule,29576
280348,P16,WW29 2026 Production Schedule,29577
280480,P17,WW29 2026 Production Schedule,29579
280213,P17,WW29 2026 Production Schedule,29580
280256,P19,WW29 2026 Production Schedule,29584
280351,P19,WW29 2026 Production Schedule,29585
280103,P20,WW29 2026 Production Schedule,29586
280104,P20,WW29 2026 Production Schedule,29587
280590,P21,WW29 2026 Production Schedule,29590
280591,P21,WW29 2026 Production Schedule,29591
280592,P21,WW29 2026 Production Schedule,29592
280686,P21,WW29 2026 Production Schedule,29593
280344,P22,WW29 2026 Production Schedule,29594
120448,P22,WW29 2026 Production Schedule,29595
280212,P22,WW29 2026 Production Schedule,29596
280480,P22,WW29 2026 Production Schedule,29597
280478,P09,WW31 2026 Production Schedule,29712
280478,P09,WW31 2026 Production Schedule,29713
280581,P09,WW31 2026 Production Schedule,29714
280351,P10,WW31 2026 Production Schedule,29715
280264,P11,WW31 2026 Production Schedule,29716
280375,P12,WW31 2026 Production Schedule,29718
280377,P12,WW31 2026 Production Schedule,29719
280613,P12,WW31 2026 Production Schedule,29720
280614,P12,WW31 2026 Production Schedule,29721
280612,P12,WW31 2026 Production Schedule,29722
120532,P14,WW31 2026 Production Schedule,29723
280164,P14,WW31 2026 Production Schedule,29724
120453,P14,WW31 2026 Production Schedule,29725
280572,P14,WW31 2026 Production Schedule,29726
120448,P14,WW31 2026 Production Schedule,29727
280689,P15,WW31 2026 Production Schedule,29728
280559,P16,WW31 2026 Production Schedule,29729
280592,P16,WW31 2026 Production Schedule,29730
280107,P16,WW31 2026 Production Schedule,29732
570560,P16,WW31 2026 Production Schedule,29734
280480,P17,WW31 2026 Production Schedule,29736
280686,P18,WW31 2026 Production Schedule,29735
280256,P19,WW31 2026 Production Schedule,29738
280323,P20,WW31 2026 Production Schedule,29774
280344,P20,WW31 2026 Production Schedule,29775
280453,P20,WW31 2026 Production Schedule,29776
280103,P20,WW31 2026 Production Schedule,29777
280490,P22,WW31 2026 Production Schedule,29743
570468,P09,WW33 2026 Production Schedule,29901
280581,P09,WW33 2026 Production Schedule,29899
280351,P10,WW33 2026 Production Schedule,29902
280375,P12,WW33 2026 Production Schedule,29903
280397,P12,WW33 2026 Production Schedule,29904
280612,P12,WW33 2026 Production Schedule,29905
280611,P12,WW33 2026 Production Schedule,29906
280614,P12,WW33 2026 Production Schedule,29907
280602,P14,WW33 2026 Production Schedule,29909
280345,P14,WW33 2026 Production Schedule,29910
280347,P14,WW33 2026 Production Schedule,29911
120532,P14,WW33 2026 Production Schedule,29912
120436,P14,WW33 2026 Production Schedule,29913
280605,P15,WW33 2026 Production Schedule,29915
280607,P15,WW33 2026 Production Schedule,29916
280610,P15,WW33 2026 Production Schedule,29917
280264,P16,WW33 2026 Production Schedule,29918
120463,P16,WW33 2026 Production Schedule,29919
280563,P16,WW33 2026 Production Schedule,29920
280564,P16,WW33 2026 Production Schedule,29921
280592,P16,WW33 2026 Production Schedule,29922
280480,P17,WW33 2026 Production Schedule,29923
280256,P19,WW33 2026 Production Schedule,29931
280169,P20,WW33 2026 Production Schedule,29933
120448,P20,WW33 2026 Production Schedule,29957
280583,P20,WW33 2026 Production Schedule,29958
280480,P20,WW33 2026 Production Schedule,29934
280490,P21,WW33 2026 Production Schedule,29935
280591,P21,WW33 2026 Production Schedule,29936
280212,P21,WW33 2026 Production Schedule,29937
280480,P21,WW33 2026 Production Schedule,29938
120448,P22,WW33 2026 Production Schedule,29940
